customer_id,customer_name,invoice_count,active_months,customer_lifetime_days,avg_days_between_invoices,invoice_frequency,total_invoice_amount,avg_invoice_amount,median_invoice_amount,min_invoice_amount,max_invoice_amount,std_invoice_amount,invoice_amount_cv,log_total_invoice_amount,log_avg_invoice_amount,paid_invoice_count,open_invoice_count,late_invoice_count,on_time_invoice_count,late_payment_ratio,early_payment_ratio,avg_payment_delay,median_payment_delay,std_payment_delay,min_payment_delay,max_payment_delay,has_payment_history,payment_delay_cv,late_payment_streak,on_time_payment_streak,days_since_last_invoice,days_since_last_payment,recent_avg_delay,recent_late_ratio,recent_avg_invoice_amount,payment_term_count,payment_term_consistency,currency_count,currency_consistency,cluster_id
0100000048,GEOR associates,2,2,53,53.0,1.148679245283019,124521.67,62260.835,62260.835,2301.39,122220.28,84795.46031136365,1.361939015295308,11.73224306666424,11.039103916738274,2,0,2,0,1.0,0.0,27.5,27.5,3.5355339059327378,25.0,30.0,1,0.0909090909090909,2,0,277.0,162.0,27.5,1.0,62260.835,1,1.0,1,1.0,0
0100000051,GREE corporation,3,2,243,121.5,0.3758024691358025,101882.3,33960.76666666667,35305.1,29408.2,37169.0,4051.287232884547,0.1192931618019385,11.531583319617107,10.432990661058838,3,0,1,0,0.3333333333333333,0.6666666666666666,-17.666666666666668,-25.0,16.289055630494158,-29.0,1.0,1,0.7528278242739624,1,0,256.0,225.0,-17.666666666666668,0.3333333333333333,33960.76666666667,1,1.0,1,1.0,0
0100000158,CASC foundation,6,4,154,30.8,1.185974025974026,291715.80000000005,48619.30000000001,53734.695,392.66,86514.48,30859.18174067031,0.6347105314282662,12.58353874761527,10.791796418151366,6,0,5,0,0.8333333333333334,0.1666666666666666,6.333333333333333,23.5,47.65990628050653,-89.0,38.0,1,6.86958046274094,2,0,340.0,238.0,-20.0,0.6666666666666666,28247.410000000003,1,1.0,1,1.0,0
0100000217,MRS S associates,1,1,0,,30.44,34908.78,34908.78,34908.78,34908.78,34908.78,0.0,0.0,10.460522298160004,10.460522298160004,1,0,0,0,0.0,1.0,-1.0,-1.0,0.0,-1.0,-1.0,1,0.0,0,1,458.0,444.0,-1.0,0.0,34908.78,1,1.0,1,1.0,0
0100000222,SMITHFIE co,27,15,482,18.53846153846154,1.7051452282157675,768487.2599999999,28462.491111111107,11203.66,2403.46,108990.2,31032.306920570863,1.0902878036721304,13.552180565331414,10.256377531412152,24,3,1,0,0.0416666666666666,0.9583333333333334,-3.8333333333333335,-3.0,5.096176458164849,-27.0,1.0,1,1.3014460475735448,0,7,14.0,73.0,-2.333333333333333,0.0,9022.28,2,0.9629629629629628,1,1.0,0
0100000272,WR in,2,2,353,353.0,0.1724645892351275,74548.26000000001,37274.130000000005,37274.130000000005,28704.0,45844.26,12119.994077300536,0.3251583357492323,11.219215393919608,10.526081627219078,1,1,1,0,1.0,0.0,7.0,7.0,0.0,7.0,7.0,1,0.0,1,0,54.0,385.0,7.0,1.0,45844.26,1,1.0,1,1.0,0
0100000533,BEST  foundation,2,2,171,171.0,0.3560233918128655,1250.0,625.0,625.0,625.0,625.0,0.0,0.0,7.131698510466912,6.439350371100098,2,0,0,0,0.0,1.0,-20.0,-20.0,7.071067811865476,-25.0,-15.0,1,0.25,0,2,338.0,333.0,-20.0,0.0,625.0,1,1.0,1,1.0,0
0100000564,MAYFIE corporation,1,1,0,,30.44,14131.84,14131.84,14131.84,14131.84,14131.84,0.0,0.0,9.556256446282346,9.556256446282346,1,0,1,0,1.0,0.0,33.0,33.0,0.0,33.0,33.0,1,0.0,1,0,291.0,248.0,33.0,1.0,14131.84,1,1.0,1,1.0,0
0100000582,WHIT foundation,2,2,41,41.0,1.4848780487804878,10093.46,5046.73,5046.73,4325.77,5767.69,1019.591409928506,0.2020301085908115,9.219742037488562,8.526693916261275,2,0,0,0,0.0,1.0,-7.5,-7.5,0.7071067811865476,-8.0,-7.0,1,0.0666666666666666,0,2,162.0,154.0,-7.5,0.0,5046.73,1,1.0,1,1.0,0
0100000843,MARAM ,1,1,0,,30.44,31130.01,31130.01,31130.01,31130.01,31130.01,0.0,0.0,10.345959707496554,10.345959707496554,1,0,0,0,0.0,1.0,-6.0,-6.0,0.0,-6.0,-6.0,1,0.0,0,1,344.0,335.0,-6.0,0.0,31130.01,1,1.0,1,1.0,0
0100000933,RICH associates,3,3,467,233.5,0.1955460385438972,12320.65,4106.883333333333,3465.85,2777.12,6077.68,1741.1538930356887,0.4239599111335089,9.419113156691308,8.320663170774992,2,1,0,0,0.0,1.0,-4.0,-4.0,4.242640687119285,-7.0,-1.0,1,0.75,0,2,31.0,431.0,-4.0,0.0,3121.485,1,1.0,1,1.0,0
0100001196,DOLLAR corporation,96,15,455,4.789473684210527,6.422505494505495,1983395.42,20660.368958333333,12321.96,1444.08,107905.21,20568.706015605894,0.9955633443472236,14.500321296751189,9.936021001772414,76,20,59,7,0.7763157894736842,0.131578947368421,1.0,2.0,11.222596253392824,-50.0,34.0,1,11.148518900921797,8,0,17.0,39.0,12.333333333333334,1.0,11020.88,2,0.9583333333333334,1,1.0,0
0100001222,REST ,5,5,334,83.5,0.455688622754491,66334.83,13266.966,2105.98,77.38,32343.26,17087.125023809007,1.2879451883579869,11.102485452521176,9.493107837507132,5,0,3,1,0.6,0.2,2.8,5.0,3.0331501776206204,-1.0,5.0,1,0.96890428330361,2,0,135.0,115.0,3.333333333333333,0.6666666666666666,10882.603333333333,1,1.0,1,1.0,0
0100001452,COASTAL  corp,2,2,52,52.0,1.1707692307692308,36256.92,18128.46,18128.46,1277.82,34979.1,23830.40362266657,1.3145299502917829,10.49841311917756,9.80529351841839,2,0,0,2,0.0,0.0,0.0,0.0,0.0,0.0,0.0,1,0.0,0,2,133.0,113.0,0.0,0.0,18128.46,2,0.5,1,1.0,0
0100001659,PO ,1,1,0,,30.44,12041.15,12041.15,12041.15,12041.15,12041.15,0.0,0.0,9.396168274349405,9.396168274349405,1,0,0,0,0.0,1.0,-21.0,-21.0,0.0,-21.0,-21.0,1,0.0,0,1,487.0,473.0,-21.0,0.0,12041.15,1,1.0,1,1.0,0
0100003615,LA SP in,1,1,0,,30.44,4847.59,4847.59,4847.59,4847.59,4847.59,0.0,0.0,8.486443220014314,8.486443220014314,1,0,0,0,0.0,1.0,-12.0,-12.0,0.0,-12.0,-12.0,1,0.0,0,1,109.0,101.0,-12.0,0.0,4847.59,1,1.0,1,1.0,0
0100003940,AMERICAN trust,1,1,0,,30.44,31722.0,31722.0,31722.0,31722.0,31722.0,0.0,0.0,10.364797248830204,10.364797248830204,1,0,1,0,1.0,0.0,1.0,1.0,0.0,1.0,1.0,1,0.0,1,0,449.0,428.0,1.0,1.0,31722.0,1,1.0,1,1.0,0
0100004317,NATC ,1,1,0,,30.44,3461.42,3461.42,3461.42,3461.42,3461.42,0.0,0.0,8.149723045535536,8.149723045535536,1,0,0,1,0.0,0.0,0.0,0.0,0.0,0.0,0.0,1,0.0,0,1,429.0,414.0,0.0,0.0,3461.42,1,1.0,1,1.0,0
0100004335,CEDARS ,1,1,0,,30.44,52889.76,52889.76,52889.76,52889.76,52889.76,0.0,0.0,10.875983933402804,10.875983933402804,1,0,1,0,1.0,0.0,3.0,3.0,0.0,3.0,3.0,1,0.0,1,0,447.0,354.0,3.0,1.0,52889.76,1,1.0,1,1.0,0
0100004536,BAS ,25,13,435,18.125,1.749425287356322,1120591.2,44823.648,25521.62,869.91,140584.31,45894.627284653645,1.023893175420565,13.929367853532252,10.710513445681764,22,3,1,7,0.0454545454545454,0.6363636363636364,-0.6818181818181818,-1.0,1.04135276655684,-4.0,2.0,1,1.4922019523732932,0,17,38.0,94.0,-0.6666666666666666,0.0,51482.61333333334,3,0.92,1,1.0,0
0100004744,J & J systems,4,4,340,113.33333333333331,0.3581176470588235,65519.95,16379.9875,16320.02,11942.4,20937.51,3677.3558867785687,0.2245029727146353,11.090125217811336,9.703876642525165,3,1,0,3,0.0,0.0,0.0,0.0,0.0,0.0,0.0,1,0.0,0,3,66.0,151.0,0.0,0.0,17859.183333333334,1,1.0,1,1.0,0
0100004789,AMERIC co,1,1,0,,30.44,36445.61,36445.61,36445.61,36445.61,36445.61,0.0,0.0,10.503603728996428,10.503603728996428,1,0,0,0,0.0,1.0,-1.0,-1.0,0.0,-1.0,-1.0,1,0.0,0,1,134.0,120.0,-1.0,0.0,36445.61,1,1.0,1,1.0,0
0100005721,GET  in,2,2,39,39.0,1.5610256410256411,84661.04999999999,42330.525,42330.525,41871.85,42789.2,648.6644057214784,0.0153237977965422,11.346422728286829,10.653287359324809,2,0,1,0,0.5,0.5,-1.0,-1.0,8.48528137423857,-7.0,5.0,1,6.0,0,1,255.0,247.0,-1.0,0.5,42330.525,1,1.0,1,1.0,0
0100005765,TIPTON associates,1,1,0,,30.44,26518.68,26518.68,26518.68,26518.68,26518.68,0.0,0.0,10.185642377861992,10.185642377861992,1,0,1,0,1.0,0.0,45.0,45.0,0.0,45.0,45.0,1,0.0,1,0,281.0,196.0,45.0,1.0,26518.68,1,1.0,1,1.0,0
0100006176,MENAS co,2,2,317,317.0,0.1920504731861199,42452.32,21226.16,21226.16,21139.96,21312.36,121.90520907656182,0.0057431588698361,10.6561603983397,9.963036772786111,2,0,1,0,0.5,0.5,4.0,4.0,9.899494936611664,-3.0,11.0,1,1.75,0,1,99.0,42.0,4.0,0.5,21226.16,1,1.0,1,1.0,0
0100006311,QUALITY C foundation,15,9,493,35.214285714285715,0.9261663286004058,305975.11,20398.340666666667,20175.8,18740.94,21583.11,732.9275936413865,0.0359307458198831,12.631262305991324,9.92325785904856,12,3,1,2,0.0833333333333333,0.75,-1.8333333333333333,-3.5,5.373898759633259,-6.0,14.0,1,2.8064270982605697,1,0,13.0,90.0,1.6666666666666667,0.3333333333333333,19926.126666666667,1,1.0,1,1.0,0
0100006671,BOB E foundation,2,2,313,313.0,0.1945047923322684,84660.48,42330.24,42330.24,5352.48,79308.0,52294.44969817734,1.2353922325547255,11.346415995613585,10.653280626731089,2,0,2,0,1.0,0.0,5.0,5.0,2.8284271247461903,3.0,7.0,1,0.4,2,0,172.0,154.0,5.0,1.0,42330.24,1,1.0,1,1.0,0
0100006823,MARCOS  ,1,1,0,,30.44,16432.2,16432.2,16432.2,16432.2,16432.2,0.0,0.0,9.707058957739491,9.707058957739491,1,0,0,0,0.0,1.0,-3.0,-3.0,0.0,-3.0,-3.0,1,0.0,0,1,231.0,219.0,-3.0,0.0,16432.2,1,1.0,1,1.0,0
0100007796,UNITE ,4,4,319,106.33333333333331,0.3816927899686521,3265.3,816.325,811.48,308.28,1334.06,438.8562773467718,0.5375999477496974,8.091413124792664,6.706036812577451,4,0,4,0,1.0,0.0,2.25,2.0,1.5,1.0,4.0,1,0.5773502691896257,4,0,136.0,120.0,2.0,1.0,871.4699999999999,1,1.0,1,1.0,0
0100007916,INTERN foundation,6,6,450,90.0,0.4058666666666667,40264.24,6710.706666666666,1437.14,283.5,30341.32,11773.254033142524,1.7543985481622189,10.603243844723492,8.811608544371227,5,1,0,0,0.0,1.0,-22.4,-24.0,3.646916505762094,-26.0,-18.0,1,0.1456205931276794,0,5,33.0,183.0,-21.0,0.0,2697.82,1,1.0,1,1.0,0
0100008001,ANHA foundation,11,8,392,39.2,0.8541836734693878,154828.16,14075.287272727272,12297.45,6677.76,26919.65,6834.71378422402,0.4855825427781627,11.950077594490992,9.552246906923706,8,3,0,2,0.0,0.75,-3.625,-2.0,4.596194077712559,-13.0,0.0,1,1.1860264497875752,0,8,60.0,94.0,-4.666666666666667,0.0,16604.350000000002,2,0.8181818181818182,1,1.0,0
0100008870,PATIO  foundation,1,1,0,,30.44,3444.9,3444.9,3444.9,3444.9,3444.9,0.0,0.0,8.144940397514171,8.144940397514171,1,0,0,1,0.0,0.0,0.0,0.0,0.0,0.0,0.0,1,0.0,0,1,408.0,393.0,0.0,0.0,3444.9,1,1.0,1,1.0,0
0100009866,BUNZ associates,1,1,0,,30.44,13138.4,13138.4,13138.4,13138.4,13138.4,0.0,0.0,9.4833706288956,9.4833706288956,1,0,1,0,1.0,0.0,5.0,5.0,0.0,5.0,5.0,1,0.0,1,0,305.0,289.0,5.0,1.0,13138.4,1,1.0,1,1.0,0
0100009932,SYSCO IN foundation,23,11,445,20.227272727272727,1.573303370786517,399784.89,17381.951739130436,17067.96,1075.5,54199.6,12936.783673658349,0.7442653085116399,12.898684407779314,9.76324521979199,19,4,18,1,0.9473684210526316,0.0,3.263157894736842,1.0,6.5899089967005855,0.0,30.0,1,1.9656255143976933,3,0,64.0,144.0,1.6666666666666667,1.0,11765.236666666666,1,1.0,1,1.0,0
0100010082,SO associates,1,1,0,,30.44,30.98,30.98,30.98,30.98,30.98,0.0,0.0,3.4651107074058083,3.4651107074058083,1,0,0,0,0.0,1.0,-30.0,-30.0,0.0,-30.0,-30.0,1,0.0,0,1,231.0,231.0,-30.0,0.0,30.98,1,1.0,1,1.0,0
0100010265,WOW FA associates,3,3,370,185.0,0.2468108108108108,52342.65,17447.55,15403.5,10913.4,26025.75,7760.759365712868,0.444805108207907,10.86558590999199,9.767011829622156,2,1,2,0,1.0,0.0,2.0,2.0,1.4142135623730951,1.0,3.0,1,0.5,2,0,74.0,277.0,2.0,1.0,13158.45,1,1.0,1,1.0,0
0100010669,EAGL foundation,2,2,67,67.0,0.9086567164179103,101949.34,50974.67,50974.67,44541.72,57407.62,9097.565136068002,0.1784722713470828,11.53224111096516,10.839103739054169,2,0,2,0,1.0,0.0,2.0,2.0,0.0,2.0,2.0,1,0.0,2,0,105.0,88.0,2.0,1.0,50974.67,1,1.0,1,1.0,0
0100010880,RUSSO  corporation,1,1,0,,30.44,22399.4,22399.4,22399.4,22399.4,22399.4,0.0,0.0,10.016834094826551,10.016834094826551,1,0,0,1,0.0,0.0,0.0,0.0,0.0,0.0,0.0,1,0.0,0,1,100.0,85.0,0.0,0.0,22399.4,1,1.0,1,1.0,0
0100011023,DIAMON co,1,1,0,,30.44,62289.3,62289.3,62289.3,62289.3,62289.3,0.0,0.0,11.039560994418968,11.039560994418968,1,0,0,1,0.0,0.0,0.0,0.0,0.0,0.0,0.0,1,0.0,0,1,492.0,477.0,0.0,0.0,62289.3,1,1.0,1,1.0,0
0100011571,TZETZ ,1,1,0,,30.44,8933.76,8933.76,8933.76,8933.76,8933.76,0.0,0.0,9.09770456657245,9.09770456657245,1,0,1,0,1.0,0.0,7.0,7.0,0.0,7.0,7.0,1,0.0,1,0,255.0,248.0,7.0,1.0,8933.76,1,1.0,1,1.0,0
0100011799,CORN associates,3,3,164,82.0,0.556829268292683,422280.0,140760.0,140760.0,140760.0,140760.0,0.0,0.0,12.953426248197824,11.854818695701278,3,0,3,0,1.0,0.0,1.3333333333333333,1.0,0.5773502691896257,1.0,2.0,1,0.3535533905932738,3,0,273.0,241.0,1.3333333333333333,1.0,140760.0,2,0.6666666666666666,1,1.0,0
0100011895,GRO associates,1,1,0,,30.44,38787.12,38787.12,38787.12,38787.12,38787.12,0.0,0.0,10.565869293159984,10.565869293159984,1,0,1,0,1.0,0.0,1.0,1.0,0.0,1.0,1.0,1,0.0,1,0,466.0,450.0,1.0,1.0,38787.12,1,1.0,1,1.0,0
0100011958,IND systems,11,9,445,44.5,0.7524494382022472,266736.34,24248.75818181818,27086.17,11.09,60012.84,22268.28403468117,0.9183267806009968,12.494019707869032,10.096161924432124,9,2,3,1,0.3333333333333333,0.5555555555555556,2.333333333333333,-2.0,26.580067720004024,-45.0,50.0,1,10.739969216692858,1,0,56.0,23.0,6.333333333333333,0.3333333333333333,10771.34,1,1.0,1,1.0,0
0100012050,WHIT us,1,1,0,,30.44,13681.44,13681.44,13681.44,13681.44,13681.44,0.0,0.0,9.523868537844928,9.523868537844928,1,0,1,0,1.0,0.0,4.0,4.0,0.0,4.0,4.0,1,0.0,1,0,344.0,330.0,4.0,1.0,13681.44,1,1.0,1,1.0,0
0100012181,GODL corp,1,1,0,,30.44,120.0,120.0,120.0,120.0,120.0,0.0,0.0,4.795790545596741,4.795790545596741,1,0,0,0,0.0,1.0,-19.0,-19.0,0.0,-19.0,-19.0,1,0.0,0,1,365.0,354.0,-19.0,0.0,120.0,1,1.0,1,1.0,0
0100012482,UNI ,2,2,105,105.0,0.5798095238095239,24209.14,12104.57,12104.57,5465.7,18743.44,9388.77999283187,0.7756392827528669,10.094526832649793,9.401420956243728,1,1,0,0,0.0,1.0,-4.0,-4.0,0.0,-4.0,-4.0,1,0.0,0,1,78.0,172.0,-4.0,0.0,5465.7,1,1.0,1,1.0,0
0100012638,99 CE llc,24,13,483,21.0,1.5125465838509318,714964.28,29790.178333333333,33374.775,2575.95,59547.96,19871.116451829548,0.6670358340753879,13.479989261056538,10.301967599585463,20,4,20,0,1.0,0.0,3.1,2.0,4.315211771347838,1.0,20.0,1,1.3567574738589088,20,0,22.0,79.0,1.6666666666666667,1.0,36083.68,1,1.0,1,1.0,0
0100012698,HT H corp,4,4,272,90.66666666666669,0.4476470588235294,10449.41,2612.3525,2549.485,266.57,5083.87,2560.4421821028623,0.9801288999485568,9.254396491073066,7.868389158833122,4,0,3,0,0.75,0.25,4.75,4.0,7.041543391425869,-3.0,14.0,1,1.283822201857944,1,0,213.0,184.0,4.666666666666667,0.6666666666666666,3301.9966666666664,1,1.0,1,1.0,0
0100012836,US us,1,1,0,,30.44,14862.88,14862.88,14862.88,14862.88,14862.88,0.0,0.0,9.606689387824046,9.606689387824046,1,0,1,0,1.0,0.0,2.0,2.0,0.0,2.0,2.0,1,0.0,1,0,188.0,171.0,2.0,1.0,14862.88,1,1.0,1,1.0,0
0100012991,CJR WH associates,17,9,448,28.0,1.1550892857142858,310791.71,18281.865294117648,12243.84,486.18,56420.84,14938.94190929913,0.8171453880094974,12.646881441602089,9.81371957747976,15,2,2,4,0.1333333333333333,0.6,-0.8,-2.0,5.2942016800053455,-6.0,16.0,1,6.393355926272211,0,9,32.0,156.0,-1.3333333333333333,0.0,17018.416666666668,1,1.0,1,1.0,0
0100013048,COMPAC corp,2,2,12,12.0,5.073333333333333,15312.5,7656.25,7656.25,2812.5,12500.0,6850.096942744679,0.8947065394605295,9.63649007127718,8.943408190442998,2,0,1,0,0.5,0.5,-6.0,-6.0,18.384776310850235,-19.0,7.0,1,2.1666666666666665,0,1,465.0,440.0,-6.0,0.5,7656.25,1,1.0,1,1.0,0
0100013148,HARRY systems,1,1,0,,30.44,10078.56,10078.56,10078.56,10078.56,10078.56,0.0,0.0,9.218264889878984,9.218264889878984,1,0,0,0,0.0,1.0,-2.0,-2.0,0.0,-2.0,-2.0,1,0.0,0,1,463.0,450.0,-2.0,0.0,10078.56,1,1.0,1,1.0,0
0100013282,AGR systems,1,1,0,,30.44,8795.75,8795.75,8795.75,8795.75,8795.75,0.0,0.0,9.082137614069724,9.082137614069724,1,0,0,0,0.0,1.0,-13.0,-13.0,0.0,-13.0,-13.0,1,0.0,0,1,296.0,279.0,-13.0,0.0,8795.75,1,1.0,1,1.0,0
0100013335,FXM I llc,6,5,313,62.6,0.5835143769968052,320757.5,53459.583333333336,56470.54,6790.56,92175.0,40768.97038645429,0.7626129469107527,12.678443782516466,10.886699901218364,6,0,5,1,0.8333333333333334,0.0,4.333333333333333,2.5,5.501514942874069,0.0,15.0,1,1.158963013332259,5,0,132.0,70.0,7.333333333333333,1.0,63482.80666666666,1,1.0,1,1.0,0
0100013521,THAYE ,2,2,449,449.0,0.1355902004454343,208185.77,104092.885,104092.885,78711.94,129473.83,35894.07664484559,0.3448273784019492,12.24619088847537,11.553048511283086,1,1,0,1,0.0,0.0,0.0,0.0,0.0,0.0,0.0,1,0.0,0,1,37.0,471.0,0.0,0.0,129473.83,2,0.5,1,1.0,0
0100013928,HT HAC us,5,5,319,79.75,0.477115987460815,28194.72,5638.944,6808.6,3317.7,7493.39,2092.959274145104,0.3711615639639449,10.246925472357864,8.637629415364797,5,0,4,0,0.8,0.2,6.8,4.0,11.734564329364767,-5.0,26.0,1,1.5434872662825796,3,0,121.0,102.0,12.666666666666666,1.0,5794.543333333334,1,1.0,1,1.0,0
0100013947,M C  co,2,2,265,265.0,0.2297358490566038,24739.2,12369.6,12369.6,8089.2,16650.0,6053.399732381796,0.4893771611355093,10.116184729988175,9.423077968656472,2,0,1,0,0.5,0.5,11.5,11.5,20.50609665440988,-3.0,26.0,1,1.2608695652173914,1,0,134.0,88.0,11.5,0.5,12369.6,1,1.0,1,1.0,0
0100014187,GAD  in,4,2,78,26.0,1.5610256410256411,308121.32,77030.33,77730.33,70306.33,82354.33,6252.996721572786,0.0811757748093872,12.638252125972503,11.251967501198216,4,0,3,1,0.75,0.0,0.75,1.0,0.5,0.0,1.0,1,0.5773502691896257,2,0,205.0,184.0,0.6666666666666666,0.6666666666666666,79271.66333333333,1,1.0,1,1.0,0
0100014288,ROCKLA ,1,1,0,,30.44,8774.0,8774.0,8774.0,8774.0,8774.0,0.0,0.0,9.079662048334066,9.079662048334066,1,0,0,0,0.0,1.0,-7.0,-7.0,0.0,-7.0,-7.0,1,0.0,0,1,155.0,147.0,-7.0,0.0,8774.0,1,1.0,1,1.0,0
0100014724,DEC co,8,7,469,67.0,0.5192324093816632,416215.22,52026.9025,32002.84,4252.32,168894.82,59041.93603127713,1.134834733458851,12.938960163830542,10.859535440190948,5,3,0,0,0.0,1.0,-6.6,-6.0,1.816590212458495,-9.0,-5.0,1,0.2461829819586654,0,5,31.0,186.0,-6.333333333333333,0.0,22752.666666666668,2,0.875,1,1.0,0
0100014735,BAKK co,1,1,0,,30.44,26163.98,26163.98,26163.98,26163.98,26163.98,0.0,0.0,10.17217715442612,10.17217715442612,0,1,0,0,0.0,0.0,,,,,,0,0.0,0,0,72.0,,,,,1,1.0,1,1.0,0
0100014810,J.B. H systems,2,2,205,205.0,0.2969756097560975,9440.0,4720.0,4720.0,940.65,8499.35,5344.808026954757,1.1323745819819402,9.152817185732516,8.459775920546287,2,0,1,1,0.5,0.0,4.0,4.0,5.656854249492381,0.0,8.0,1,1.0,1,0,279.0,255.0,4.0,0.5,4720.0,1,1.0,1,1.0,0
0100015455,PERFOR foundation,5,5,413,103.25,0.3685230024213075,99280.03,19856.006,19497.05,18250.89,23604.86,2175.0441191226446,0.1095408673387107,11.505709794522495,9.896312170947434,4,1,1,0,0.25,0.75,0.5,-2.0,7.14142842854285,-5.0,11.0,1,12.36931687685298,1,0,77.0,191.0,2.333333333333333,0.3333333333333333,20451.29,1,1.0,1,1.0,0
0100015557,BI us,30,12,490,16.896551724137932,1.8636734693877552,554985.48,18499.516,13520.53,581.49,49175.63,14447.83631851821,0.7809845575699499,13.226699032071492,9.825553902569336,20,10,9,1,0.45,0.5,0.35,-0.5,14.618931489501442,-52.0,20.0,1,40.71077679114924,0,1,16.0,32.0,4.0,0.6666666666666666,11291.25,2,0.9,1,1.0,0
0100015818,MET in,4,3,391,130.33333333333334,0.3114066496163683,266526.12,66631.53,60957.365000000005,50089.59,94521.8,19289.429746827667,0.2894940240277788,12.493231281012724,11.106948175719694,4,0,0,1,0.0,0.75,-1.0,-1.0,0.816496580927726,-2.0,0.0,1,0.7071067811865476,0,4,89.0,79.0,-1.0,0.0,57334.77333333334,1,1.0,1,1.0,0
0100015934,SURL corporation,2,2,32,32.0,1.9025,63385.68,31692.84,31692.84,14844.0,48541.68,23827.8580382543,0.751837261610329,11.057009023715125,10.36387761921589,2,0,1,0,0.5,0.5,6.0,6.0,9.899494936611664,-1.0,13.0,1,1.1666666666666667,1,0,466.0,443.0,6.0,0.5,31692.84,1,1.0,1,1.0,0
0100016691,BAY  associates,12,9,452,41.09090909090909,0.808141592920354,186126.18,15510.515,15465.2,15088.0,16114.29,451.3406962997728,0.0290990142042203,12.134185482476482,9.649337930317138,10,2,8,0,0.8,0.2,4.3,5.5,4.922736366426028,-6.0,10.0,1,1.0860739003568018,8,0,52.0,62.0,8.0,1.0,15088.0,1,1.0,1,1.0,0
0100017419,COYOT systems,1,1,0,,30.44,89975.94,89975.94,89975.94,89975.94,89975.94,0.0,0.0,11.407308694259658,11.407308694259658,1,0,0,0,0.0,1.0,-21.0,-21.0,0.0,-21.0,-21.0,1,0.0,0,1,106.0,37.0,-21.0,0.0,89975.94,1,1.0,1,1.0,0
0100017545,PERFOR ,8,7,374,53.42857142857143,0.6511229946524064,173088.86,21636.1075,21436.125,12762.14,35756.64,6506.064180302977,0.3007040051128872,12.06156616059234,9.982165059516356,8,0,3,1,0.375,0.5,0.0,-0.5,6.4142698058981855,-11.0,9.0,1,0.0,1,0,116.0,100.0,-4.0,0.3333333333333333,17244.246666666666,2,0.875,1,1.0,0
0100017600,ZIYAD  us,1,1,0,,30.44,106067.5,106067.5,106067.5,106067.5,106067.5,0.0,0.0,11.571840390794922,11.571840390794922,1,0,1,0,1.0,0.0,6.0,6.0,0.0,6.0,6.0,1,0.0,1,0,387.0,291.0,6.0,1.0,106067.5,1,1.0,1,1.0,0
0100018048,GROUP us,1,1,0,,30.44,27943.91,27943.91,27943.91,27943.91,27943.91,0.0,0.0,10.237990351086696,10.237990351086696,0,1,0,0,0.0,0.0,,,,,,0,0.0,0,0,51.0,,,,,1,1.0,1,1.0,0
0100018142,MINNESO ,1,1,0,,30.44,33812.4,33812.4,33812.4,33812.4,33812.4,0.0,0.0,10.428612452609832,10.428612452609832,1,0,1,0,1.0,0.0,20.0,20.0,0.0,20.0,20.0,1,0.0,1,0,317.0,287.0,20.0,1.0,33812.4,1,1.0,1,1.0,0
0100019293,EDDY P corporation,6,3,227,45.4,0.8045814977973569,155163.75,25860.625,25558.75,24552.5,27370.0,1219.1830640843073,0.0471443773723298,11.952242734645514,10.160515488712004,6,0,2,3,0.3333333333333333,0.1666666666666666,0.5,0.0,1.378404875209022,-1.0,3.0,1,2.516611478423583,0,2,269.0,259.0,0.3333333333333333,0.3333333333333333,26028.33333333333,1,1.0,1,1.0,0
0100019410,PERFOR co,1,1,0,,30.44,43852.16,43852.16,43852.16,43852.16,43852.16,0.0,0.0,10.688602059057905,10.688602059057905,1,0,0,0,0.0,1.0,-3.0,-3.0,0.0,-3.0,-3.0,1,0.0,0,1,310.0,298.0,-3.0,0.0,43852.16,1,1.0,1,1.0,0
0100021392,MY MOT ,3,3,79,39.5,1.1559493670886076,47125.08,15708.36,14864.04,14832.72,17428.32,1489.611371062936,0.0948292101188752,10.760581842259588,9.66201199203664,3,0,2,1,0.6666666666666666,0.0,2.333333333333333,1.0,3.214550253664318,0.0,6.0,1,1.1248582677159729,1,0,413.0,392.0,2.333333333333333,0.6666666666666666,15708.36,1,1.0,1,1.0,0
0100021489,CHENS E llc,9,7,437,54.625,0.6269107551487414,86738.2,9637.577777777777,4458.0,439.22,24305.95,9152.323641282002,0.9496497825818156,11.370661194381642,9.173528843294925,7,2,7,0,1.0,0.0,21.571428571428573,8.0,38.19187148620826,4.0,108.0,1,1.639149774099553,7,0,18.0,233.0,6.0,1.0,2131.72,1,1.0,1,1.0,0
0100021540,MASTER us,45,16,470,10.681818181818182,2.914468085106383,1138219.62,25293.769333333337,23430.47,300.0,83884.44,22227.40103882628,0.8787698166257074,13.944976741311082,10.13835290762272,38,7,25,3,0.6578947368421053,0.2631578947368421,0.7894736842105263,2.5,8.428259718213907,-33.0,16.0,1,10.534388132840624,3,0,14.0,22.0,3.6666666666666665,1.0,38358.82666666667,2,0.7555555555555555,1,1.0,0
0100023056,F. M associates,1,1,0,,30.44,28089.3,28089.3,28089.3,28089.3,28089.3,0.0,0.0,10.24317959999854,10.24317959999854,1,0,0,0,0.0,1.0,-4.0,-4.0,0.0,-4.0,-4.0,1,0.0,0,1,290.0,283.0,-4.0,0.0,28089.3,1,1.0,1,1.0,0
0100024102,FELI ,7,5,443,73.83333333333333,0.4809932279909706,252542.71,36077.53,35359.19,7688.15,70657.02,18532.672640909084,0.5136901733824096,12.439339621626823,10.493453230552758,4,3,1,1,0.25,0.5,-0.5,-0.5,1.2909944487358056,-2.0,1.0,1,2.23606797749979,1,0,54.0,147.0,0.0,0.3333333333333333,36238.386666666665,1,1.0,1,1.0,0
0100024767,GREEN  ,4,3,337,112.33333333333331,0.3613056379821959,11693.68,2923.42,3318.52,1715.04,3341.6,805.6760384505259,0.2755936671605605,9.366889316523366,7.9808514494054865,3,1,3,0,1.0,0.0,5.333333333333333,4.0,3.2145502536643185,3.0,9.0,1,0.4921254921257382,3,0,50.0,252.0,5.333333333333333,1.0,3326.213333333333,1,1.0,1,1.0,0
0100024776,PEA corporation,17,12,464,29.0,1.115258620689655,197299.53,11605.854705882351,12578.4,1604.27,15090.34,3982.256010219141,0.3431247513550863,12.192483378271673,9.35935112548915,12,5,6,2,0.5,0.3333333333333333,4.166666666666667,0.5,10.338219763517694,-5.0,23.0,1,2.375542043408198,2,0,29.0,50.0,12.0,0.6666666666666666,9839.826666666666,1,1.0,1,1.0,0
0100024952,CORPOR corporation,1,1,0,,30.44,38219.36,38219.36,38219.36,38219.36,38219.36,0.0,0.0,10.55112363690218,10.55112363690218,1,0,1,0,1.0,0.0,6.0,6.0,0.0,6.0,6.0,1,0.0,1,0,250.0,199.0,6.0,1.0,38219.36,1,1.0,1,1.0,0
0100025066,BLAKE in,2,2,28,28.0,2.1742857142857144,62552.67,31276.335,31276.335,31142.44,31410.23,189.35612493394615,0.0060542939233112,11.043780187235413,10.350648992819956,0,2,0,0,0.0,0.0,,,,,,0,0.0,0,0,31.0,,,,,1,1.0,1,1.0,0
0100025068,GROC foundation,1,1,0,,30.44,5376.0,5376.0,5376.0,5376.0,5376.0,0.0,0.0,8.589885876809678,8.589885876809678,1,0,1,0,1.0,0.0,195.0,195.0,0.0,195.0,195.0,1,0.0,1,0,416.0,211.0,195.0,1.0,5376.0,1,1.0,1,1.0,0
0100025382,RT FRES in,2,2,15,15.0,4.058666666666667,9960.15,4980.075,4980.075,1263.65,8696.5,5255.81863854243,1.055369374666532,9.206447805760828,8.51340101017735,2,0,2,0,1.0,0.0,3.5,3.5,3.5355339059327378,1.0,6.0,1,0.7142857142857143,2,0,312.0,294.0,3.5,1.0,4980.075,1,1.0,1,1.0,0
0100025470,HACKN co,5,5,455,113.75,0.3345054945054945,10659.06,2131.812,2212.44,42.59,4382.98,1602.7748966932315,0.751836886504641,9.274259326221818,7.665196575815218,4,1,2,0,0.5,0.5,-0.25,0.0,1.5,-2.0,1.0,1,5.196152422706632,1,0,30.0,77.0,-0.6666666666666666,0.3333333333333333,2212.67,2,0.8,1,1.0,0
0100025658,PEA systems,9,7,452,56.5,0.6061061946902655,86125.58000000002,9569.508888888891,10323.24,3901.32,10323.24,2128.9333934886527,0.2224704964703618,11.36357335357584,9.166441658465724,7,2,7,0,1.0,0.0,9.857142857142858,10.0,3.804758924845368,5.0,15.0,1,0.3573573335054479,7,0,35.0,340.0,10.333333333333334,1.0,10323.24,1,1.0,1,1.0,0
0100025721,MANU corp,3,3,163,81.5,0.5602453987730062,64721.54,21573.846666666668,14403.89,9115.65,41202.0,17202.897227851863,0.7973959161595288,11.077864796944963,9.979283408935258,3,0,3,0,1.0,0.0,3.333333333333333,4.0,1.1547005383792517,2.0,4.0,1,0.282842712474619,3,0,343.0,325.0,3.333333333333333,1.0,21573.846666666668,1,1.0,1,1.0,0
0100025890,DIANN llc,8,7,344,49.142857142857146,0.707906976744186,371495.9,46436.9875,52865.1,5067.74,58241.36,17503.97531817905,0.3769403714695974,12.82529579855601,10.745873099386168,8,0,4,1,0.5,0.375,0.5,1.5,4.07080195679286,-5.0,5.0,1,7.615773105863909,1,0,134.0,119.0,0.6666666666666666,0.3333333333333333,33643.346666666665,1,1.0,1,1.0,0
0100025924,WRT W co,1,1,0,,30.44,50757.56,50757.56,50757.56,50757.56,50757.56,0.0,0.0,10.834835552631596,10.834835552631596,1,0,0,0,0.0,1.0,-6.0,-6.0,0.0,-6.0,-6.0,1,0.0,0,1,360.0,321.0,-6.0,0.0,50757.56,1,1.0,1,1.0,0
0100026401,TRUI corporation,2,2,22,22.0,2.767272727272728,59873.59,29936.795,29936.795,23965.99,35907.6,8443.993409285085,0.2820607018648818,11.000007487090606,10.306877007966936,1,1,0,0,0.0,1.0,-1.0,-1.0,0.0,-1.0,-1.0,1,0.0,0,1,72.0,65.0,-1.0,0.0,23965.99,1,1.0,1,1.0,0
0100026809,PRES co,7,7,404,67.33333333333333,0.5274257425742575,139466.25,19923.75,27571.25,201.25,28778.75,13498.260227402146,0.677495964735662,11.845585085656376,9.899717956528258,4,3,1,0,0.25,0.75,-3.25,-2.5,4.99165971062398,-10.0,2.0,1,1.3301243435223524,0,3,16.0,86.0,-5.0,0.0,18447.916666666668,1,1.0,1,1.0,0
0100026902,SPECIA ,1,1,0,,30.44,20408.99,20408.99,20408.99,20408.99,20408.99,0.0,0.0,9.923779765847868,9.923779765847868,1,0,1,0,1.0,0.0,11.0,11.0,0.0,11.0,11.0,1,0.0,1,0,457.0,431.0,11.0,1.0,20408.99,1,1.0,1,1.0,0
0100026903,CHEE us,2,2,84,84.0,0.7247619047619048,91501.93,45750.965,45750.965,37848.8,53653.13,11175.348915109984,0.2442647693903283,11.424126272608849,10.73099002060098,2,0,2,0,1.0,0.0,5.5,5.5,0.7071067811865476,5.0,6.0,1,0.0909090909090909,2,0,317.0,297.0,5.5,1.0,45750.965,1,1.0,1,1.0,0
0100026937,KOL llc,1,1,0,,30.44,22095.36,22095.36,22095.36,22095.36,22095.36,0.0,0.0,10.003168168057988,10.003168168057988,1,0,1,0,1.0,0.0,2.0,2.0,0.0,2.0,2.0,1,0.0,1,0,442.0,430.0,2.0,1.0,22095.36,1,1.0,1,1.0,0
0100026939,SYSC corporation,11,9,415,41.5,0.8068433734939758,203821.46,18529.22363636364,8996.17,998.6,49427.22,17877.07484550047,0.96480431108925,12.225004599782912,9.827158388087508,9,2,8,1,0.8888888888888888,0.0,2.333333333333333,3.0,1.4142135623730951,0.0,4.0,1,0.5714285714285714,5,0,65.0,88.0,3.0,1.0,10282.683333333332,2,0.9090909090909092,1,1.0,0
0100026947,IMCOM co,2,2,153,153.0,0.3979084967320261,44094.52,22047.26,22047.26,19165.89,24928.63,4074.8725322149658,0.1848244422306883,10.694113468973011,10.000988966196685,2,0,2,0,1.0,0.0,5.5,5.5,0.7071067811865476,5.0,6.0,1,0.0909090909090909,2,0,353.0,318.0,5.5,1.0,22047.26,1,1.0,1,1.0,0
0100027103,MICR trust,1,1,0,,30.44,2688.61,2688.61,2688.61,2688.61,2688.61,0.0,0.0,7.897151480672425,7.897151480672425,1,0,0,1,0.0,0.0,0.0,0.0,0.0,0.0,0.0,1,0.0,0,1,241.0,196.0,0.0,0.0,2688.61,1,1.0,1,1.0,0
0100027239,SELECT systems,1,1,0,,30.44,8096.0,8096.0,8096.0,8096.0,8096.0,0.0,0.0,8.999248901686114,8.999248901686114,1,0,1,0,1.0,0.0,8.0,8.0,0.0,8.0,8.0,1,0.0,1,0,387.0,367.0,8.0,1.0,8096.0,1,1.0,1,1.0,0
0100027281,236008 associates,1,1,0,,30.44,36161.66,36161.66,36161.66,36161.66,36161.66,0.0,0.0,10.495782373747469,10.495782373747469,1,0,0,0,0.0,1.0,-3.0,-3.0,0.0,-3.0,-3.0,1,0.0,0,1,189.0,179.0,-3.0,0.0,36161.66,1,1.0,1,1.0,0
0100027362,DIANA D llc,1,1,0,,30.44,31660.5,31660.5,31660.5,31660.5,31660.5,0.0,0.0,10.362856710708137,10.362856710708137,1,0,0,0,0.0,1.0,-3.0,-3.0,0.0,-3.0,-3.0,1,0.0,0,1,178.0,170.0,-3.0,0.0,31660.5,1,1.0,1,1.0,0
0100027701,BAKE foundation,1,1,0,,30.44,6712.2,6712.2,6712.2,6712.2,6712.2,0.0,0.0,8.811831016434024,8.811831016434024,1,0,0,1,0.0,0.0,0.0,0.0,0.0,0.0,0.0,1,0.0,0,1,339.0,329.0,0.0,0.0,6712.2,1,1.0,1,1.0,0
0100027744,OMEGA AD corp,8,8,498,71.14285714285714,0.488995983935743,80941.56,10117.695,7267.5,923.0,35985.6,11194.26862019642,1.1064050280421005,11.30149504629638,9.22213998195719,6,2,6,0,1.0,0.0,3.0,3.0,0.8944271909999159,2.0,4.0,1,0.2721655269759087,6,0,3.0,95.0,3.333333333333333,1.0,15889.033333333333,1,1.0,1,1.0,0
0100027772,SA trust,1,1,0,,30.44,18374.55,18374.55,18374.55,18374.55,18374.55,0.0,0.0,9.818776255605874,9.818776255605874,1,0,0,0,0.0,1.0,-4.0,-4.0,0.0,-4.0,-4.0,1,0.0,0,1,165.0,154.0,-4.0,0.0,18374.55,1,1.0,1,1.0,0
0100028184,SD  associates,1,1,0,,30.44,16320.0,16320.0,16320.0,16320.0,16320.0,0.0,0.0,9.700207901150696,9.700207901150696,1,0,1,0,1.0,0.0,3.0,3.0,0.0,3.0,3.0,1,0.0,1,0,198.0,185.0,3.0,1.0,16320.0,1,1.0,1,1.0,0
0100028210,WEST  ,7,4,138,23.0,1.5440579710144928,118806.52,16972.36,18012.33,1144.27,32415.05,9750.798801481173,0.5745104865487871,11.685259983570642,9.739400335093908,7,0,5,0,0.7142857142857143,0.2857142857142857,3.7142857142857135,4.0,6.848705126136028,-8.0,11.0,1,1.7071031554747806,1,0,368.0,332.0,2.6666666666666665,0.6666666666666666,13764.076666666668,3,0.5714285714285714,1,1.0,0
0100028396,MERI corporation,1,1,0,,30.44,9435.0,9435.0,9435.0,9435.0,9435.0,0.0,0.0,9.152287440527566,9.152287440527566,1,0,1,0,1.0,0.0,5.0,5.0,0.0,5.0,5.0,1,0.0,1,0,289.0,274.0,5.0,1.0,9435.0,1,1.0,1,1.0,0
0100028409,VIGON  systems,1,1,0,,30.44,31792.6,31792.6,31792.6,31792.6,31792.6,0.0,0.0,10.367020290651553,10.367020290651553,0,1,0,0,0.0,0.0,,,,,,0,0.0,0,0,23.0,,,,,1,1.0,1,1.0,0
0100028413,SOP co,2,2,94,94.0,0.6476595744680851,16339.8,8169.9,8169.9,4165.2,12174.6,5663.501053235534,0.6932154681496143,9.701420326823834,9.008334340905703,2,0,2,0,1.0,0.0,3.0,3.0,1.4142135623730951,2.0,4.0,1,0.3333333333333333,2,0,133.0,114.0,3.0,1.0,8169.9,1,1.0,1,1.0,0
0100028418,NORTHE trust,1,1,0,,30.44,3529.44,3529.44,3529.44,3529.44,3529.44,0.0,0.0,8.169177788052039,8.169177788052039,1,0,1,0,1.0,0.0,5.0,5.0,0.0,5.0,5.0,1,0.0,1,0,477.0,457.0,5.0,1.0,3529.44,1,1.0,1,1.0,0
0100028450,DASA I co,14,8,376,28.923076923076923,1.133404255319149,365303.75,26093.125,27370.0,17220.0,28778.75,3433.0008581162524,0.1315672560537019,12.80848721571006,10.169465472187486,14,0,13,1,0.9285714285714286,0.0,3.4285714285714284,3.0,2.2774576147127714,0.0,7.0,1,0.6400954789890507,4,0,113.0,101.0,4.0,1.0,28778.75,1,1.0,1,1.0,0
0100028708,FOOD co,1,1,0,,30.44,22221.6,22221.6,22221.6,22221.6,22221.6,0.0,0.0,10.008865068049456,10.008865068049456,1,0,1,0,1.0,0.0,12.0,12.0,0.0,12.0,12.0,1,0.0,1,0,310.0,267.0,12.0,1.0,22221.6,1,1.0,1,1.0,0
0100028715,SPECIALT ,2,2,182,182.0,0.3345054945054945,44589.71,22294.855,22294.855,19557.45,25032.26,3871.275276707921,0.1736398499433129,10.705280820347411,10.012156065731954,2,0,0,1,0.0,0.5,-37.5,-37.5,53.033008588991066,-75.0,0.0,1,1.0,0,2,289.0,274.0,-37.5,0.0,22294.855,2,0.5,1,1.0,0
0100028731,MR. DAIRY corp,1,1,0,,30.44,15057.3,15057.3,15057.3,15057.3,15057.3,0.0,0.0,9.619684613176146,9.619684613176146,1,0,1,0,1.0,0.0,3.0,3.0,0.0,3.0,3.0,1,0.0,1,0,239.0,224.0,3.0,1.0,15057.3,1,1.0,1,1.0,0
0100029323,JOHN H associates,1,1,0,,30.44,13598.23,13598.23,13598.23,13598.23,13598.23,0.0,0.0,9.517768452474243,9.517768452474243,1,0,0,1,0.0,0.0,0.0,0.0,0.0,0.0,0.0,1,0.0,0,1,387.0,372.0,0.0,0.0,13598.23,1,1.0,1,1.0,0
0100029649,LES ENTRE co,15,9,455,32.5,1.0035164835164836,288114.08,19207.605333333333,11998.0,1059.0,69300.0,20260.11760762997,1.0547966420608448,12.571115262639257,9.863113652051188,13,2,5,1,0.3846153846153846,0.5384615384615384,-0.4615384615384615,-1.0,5.285442028430303,-6.0,11.0,1,11.00252496273267,0,2,35.0,84.0,-3.333333333333333,0.3333333333333333,28879.36,1,1.0,1,1.0,0
0100029677,MASSIMO  associates,3,3,277,138.5,0.3296750902527076,116088.36,38696.12,58020.72,19.32,58048.32,33495.09417989446,0.8655930925347156,11.662115518352806,10.56352045764402,3,0,2,0,0.6666666666666666,0.3333333333333333,9.0,1.0,23.065125189341597,-9.0,35.0,1,2.09251065064082,1,0,103.0,42.0,9.0,0.6666666666666666,38696.12,1,1.0,1,1.0,0
0100029811,SCAV corporation,1,1,0,,30.44,19493.49,19493.49,19493.49,19493.49,19493.49,0.0,0.0,9.877887140520516,9.877887140520516,1,0,1,0,1.0,0.0,12.0,12.0,0.0,12.0,12.0,1,0.0,1,0,506.0,479.0,12.0,1.0,19493.49,1,1.0,1,1.0,0
0100029855,MCLA corporation,3,3,119,59.5,0.7673949579831933,36675.18,12225.06,471.51,84.79,36118.88,20693.55850823874,1.6927163145406845,10.509882776999389,9.41132501815065,3,0,1,0,0.3333333333333333,0.6666666666666666,-0.3333333333333333,-1.0,1.1547005383792517,-1.0,1.0,1,2.8284271247461903,0,1,196.0,182.0,-0.3333333333333333,0.3333333333333333,12225.06,1,1.0,1,1.0,0
0100030014,BASIX  foundation,9,7,477,59.625,0.5743396226415094,694969.0,77218.77777777778,77627.0,69795.0,88231.0,6547.725039618298,0.0847944661654903,13.451623958147648,11.25441089203343,7,2,0,0,0.0,1.0,-9.857142857142858,-11.0,3.1320159337914952,-13.0,-5.0,1,0.294170770002673,0,7,24.0,127.0,-11.666666666666666,0.0,80289.0,1,1.0,1,1.0,0
0100030194,AMAZO associates,47,15,466,10.130434782608695,3.070128755364807,1128962.08,24020.469787234044,3063.05,74.15,152948.01,42971.12568060833,1.7889377710441714,13.936810141091335,10.0867032839049,34,13,30,0,0.8823529411764706,0.1176470588235294,8.264705882352942,4.5,20.238440506948592,-4.0,120.0,1,2.4124990612370394,15,0,32.0,95.0,6.0,1.0,56350.81666666667,1,1.0,1,1.0,0
0100030223,SAPUTO  foundation,4,3,53,17.666666666666668,2.297358490566038,28722.5,7180.625,7231.57,6864.0,7395.36,249.06206033838225,0.0346852899766221,10.265470882032332,8.879280959554833,4,0,1,0,0.25,0.75,-3.5,-3.5,3.872983346207417,-8.0,1.0,1,0.95831484749991,1,0,305.0,294.0,-4.0,0.3333333333333333,7286.166666666667,1,1.0,1,1.0,0
0100030250,QUESO systems,1,1,0,,30.44,14329.44,14329.44,14329.44,14329.44,14329.44,0.0,0.0,9.570141225165909,9.570141225165909,1,0,1,0,1.0,0.0,4.0,4.0,0.0,4.0,4.0,1,0.0,1,0,340.0,326.0,4.0,1.0,14329.44,1,1.0,1,1.0,0
0100030443,GLACIE associates,8,8,441,63.0,0.5521995464852608,43437.84,5429.73,4018.9,1457.7,12620.16,4073.710596877776,0.7502602517763823,10.679109250752193,8.59982884219767,7,1,5,2,0.7142857142857143,0.0,1.1428571428571428,1.0,1.0690449676496976,0.0,3.0,1,0.8660254037844387,4,0,31.0,112.0,1.3333333333333333,1.0,4912.843333333333,1,1.0,1,1.0,0
0100030565,TEE in,2,2,154,154.0,0.3953246753246753,63930.2,31965.1,31965.1,3938.2,59992.0,39636.0220912745,1.239978041403734,11.065562784114876,10.37243124524755,2,0,1,1,0.5,0.0,1.5,1.5,2.1213203435596424,0.0,3.0,1,1.0,1,0,140.0,127.0,1.5,0.5,31965.1,1,1.0,1,1.0,0
0100030855,INN llc,2,2,95,95.0,0.6408421052631579,197013.9,98506.95,98506.95,62559.09,134454.81,50837.95115028929,0.5160849173615597,12.191034639377746,11.497892534563148,2,0,1,0,0.5,0.5,-5.0,-5.0,12.727922061357855,-14.0,4.0,1,1.8,1,0,182.0,163.0,-5.0,0.5,98506.95,1,1.0,1,1.0,0
0100030934,GROUPE  corporation,2,2,98,98.0,0.6212244897959184,12632.4,6316.2,6316.2,5899.5,6732.9,589.3027914408684,0.0933002107977689,9.44409937943334,8.7510313509959,2,0,0,0,0.0,1.0,-2.5,-2.5,0.7071067811865476,-3.0,-2.0,1,0.2,0,2,354.0,344.0,-2.5,0.0,6316.2,1,1.0,1,1.0,0
0100030964,NATURA in,48,15,474,10.085106382978724,3.0825316455696203,705904.46,14706.342916666666,10594.4,355.75,49125.6,11667.82763180784,0.7933874313908943,13.46723659816028,9.59610216618976,37,11,2,0,0.054054054054054,0.945945945945946,-6.135135135135135,-7.0,3.816354879274799,-13.0,3.0,1,0.6135853866600934,1,0,17.0,99.0,-0.3333333333333333,0.3333333333333333,13925.986666666666,1,1.0,1,1.0,0
0100031342,ALMO co,1,1,0,,30.44,51308.49,51308.49,51308.49,51308.49,51308.49,0.0,0.0,10.845631004303684,10.845631004303684,0,1,0,0,0.0,0.0,,,,,,0,0.0,0,0,32.0,,,,,1,1.0,1,1.0,0
0100031483,OCEAN FA corp,2,2,140,140.0,0.4348571428571428,5271.98,2635.99,2635.99,2421.58,2850.4,303.22152990841545,0.1150313657898609,8.570350946616013,7.877393394158004,2,0,0,0,0.0,1.0,-5.0,-5.0,4.242640687119285,-8.0,-2.0,1,0.6,0,2,359.0,347.0,-5.0,0.0,2635.99,2,0.5,1,1.0,0
0100031628,COLDST llc,2,2,132,132.0,0.4612121212121212,67172.26,33586.13,33586.13,19671.76,47500.5,19677.890765877324,0.5858933662758206,11.11503053065473,10.421898236860091,2,0,1,1,0.5,0.0,1.0,1.0,1.4142135623730951,0.0,2.0,1,1.0,0,1,314.0,294.0,1.0,0.5,33586.13,1,1.0,1,1.0,0
0100031686,EWT-EU co,10,8,417,46.333333333333336,0.7299760191846523,56613.22,5661.321999999999,5112.655,1180.2,11488.52,3234.6943070878683,0.5713673073334936,10.944015469385723,8.641589334418615,8,2,4,1,0.5,0.375,0.875,0.5,5.540435774506241,-9.0,10.0,1,5.922974983322251,0,3,48.0,100.0,-0.6666666666666666,0.0,5127.306666666666,1,1.0,1,1.0,0
0100031704,DELHAIZE corp,400,17,493,1.2355889724310778,24.697768762677487,23394004.54,58485.01135,58213.095,227.57,143738.28,39690.91849631442,0.6786511206911893,16.96799037400562,10.976542882403448,301,99,194,76,0.6445182724252492,0.1029900332225913,1.1428571428571428,1.0,10.995886676822558,-50.0,90.0,1,9.605405152284566,1,0,13.0,31.0,-16.0,0.6666666666666666,75598.31666666667,4,0.92,1,1.0,3
0100031723,FAR W corporation,9,8,329,41.125,0.8327051671732524,624994.9400000001,69443.88222222222,20090.72,186.81,229803.29,97943.33580535748,1.4103954541587445,13.34550043269744,11.14828865536245,9,0,0,0,0.0,1.0,-3.7777777777777777,-4.0,0.4409585518440984,-4.0,-3.0,1,0.1100487466698218,0,9,91.0,65.0,-3.6666666666666665,0.0,83360.27333333333,1,1.0,1,1.0,0
0100031920,AOF SER co,4,3,124,41.333333333333336,0.9819354838709676,56753.46,14188.365,15036.775,3087.15,23592.76,8597.492039536879,0.6059536838484828,10.946489522563963,9.560248019328965,4,0,0,0,0.0,1.0,-1.75,-1.5,0.957427107756338,-3.0,-1.0,1,0.4738035414793428,0,4,124.0,112.0,-1.6666666666666667,0.0,17888.77,1,1.0,1,1.0,0
0100031969,ALIMENTS associates,1,1,0,,30.44,5321.25,5321.25,5321.25,5321.25,5321.25,0.0,0.0,8.579651425255848,8.579651425255848,0,1,0,0,0.0,0.0,,,,,,0,0.0,0,0,72.0,,,,,1,1.0,1,1.0,0
0100031970,CAPITAL trust,12,11,432,39.27272727272727,0.8455555555555556,125429.91999999998,10452.493333333332,11154.095,2251.06,15833.6,4572.033044399263,0.4374107591935892,11.739510447760216,9.254691491801546,11,1,7,1,0.6363636363636364,0.2727272727272727,1.6363636363636365,3.0,3.5290998079603044,-5.0,8.0,1,2.056306169257972,1,0,59.0,108.0,-0.3333333333333333,0.6666666666666666,11021.973333333332,1,1.0,1,1.0,0
0100032134,DAYSTAR  corporation,3,2,122,61.0,0.7485245901639344,87608.54000000001,29202.846666666668,33220.74,16320.0,38067.8,11417.061852268882,0.3909571550536813,11.38064517510445,10.282055714739876,3,0,3,0,1.0,0.0,9.333333333333334,4.0,10.11599393699568,3.0,21.0,1,0.8849651209545618,3,0,379.0,366.0,9.333333333333334,1.0,29202.846666666668,1,1.0,1,1.0,0
0100032178,DAVID  ,1,1,0,,30.44,79770.33,79770.33,79770.33,79770.33,79770.33,0.0,0.0,11.286919445700873,11.286919445700873,1,0,1,0,1.0,0.0,10.0,10.0,0.0,10.0,10.0,1,0.0,1,0,456.0,426.0,10.0,1.0,79770.33,1,1.0,1,1.0,0
0100032262,INTERSTA co,1,1,0,,30.44,13872.48,13872.48,13872.48,13872.48,13872.48,0.0,0.0,9.537734383064096,9.537734383064096,1,0,1,0,1.0,0.0,1.0,1.0,0.0,1.0,1.0,1,0.0,1,0,339.0,328.0,1.0,1.0,13872.48,1,1.0,1,1.0,0
0100032278,SI corp,3,3,310,155.0,0.2945806451612903,61122.11,20374.036666666667,13624.8,263.31,47234.0,24201.76804400937,1.1878729993455417,11.020645306053732,9.922065737698446,2,1,2,0,1.0,0.0,1.5,1.5,0.7071067811865476,1.0,2.0,1,0.3333333333333333,2,0,42.0,162.0,1.5,1.0,6944.054999999999,2,0.6666666666666666,1,1.0,0
0100032284,KEURIG co,8,4,381,54.42857142857143,0.6391601049868767,131922.46,16490.3075,14834.375,5234.28,29345.05,8961.183044339865,0.5434212214866136,11.789977184906512,9.7105887028894,8,0,7,0,0.875,0.125,25.0,10.5,40.26696625558687,-8.0,117.0,1,1.5066519173319364,6,0,120.0,51.0,13.0,1.0,20890.75,1,1.0,1,1.0,0
0100032505,KEHE systems,4,3,202,67.33333333333333,0.6027722772277228,32786.74,8196.685,4007.64,2859.84,21911.62,9167.156285193716,1.1183980212968678,10.397809944011092,9.011607076320209,1,3,0,1,0.0,0.0,0.0,0.0,0.0,0.0,0.0,1,0.0,0,1,17.0,204.0,0.0,0.0,4472.78,2,0.75,1,1.0,0
0100032523,SALM associates,3,3,205,102.5,0.4454634146341463,63214.29,21071.43,25236.4,1925.89,36052.0,17440.128361302275,0.8276670525589519,11.05430148125426,9.95572083000113,3,0,1,1,0.3333333333333333,0.3333333333333333,0.3333333333333333,0.0,2.516611478423584,-2.0,3.0,1,6.164414002968977,0,1,105.0,81.0,0.3333333333333333,0.3333333333333333,21071.43,1,1.0,1,1.0,0
0100032791,B FERN associates,4,2,115,38.333333333333336,1.0587826086956522,118008.66,29502.165,34811.4,1624.16,46761.7,19486.59164816241,0.6605139537441546,11.678521764503872,10.292252824708545,4,0,4,0,1.0,0.0,3.75,3.0,3.095695936834452,1.0,8.0,1,0.7149203529842405,4,0,210.0,171.0,4.666666666666667,1.0,28387.786666666667,1,1.0,1,1.0,0
0100033130,COOK in,1,1,0,,30.44,2875.5,2875.5,2875.5,2875.5,2875.5,0.0,0.0,7.964329556303348,7.964329556303348,0,1,0,0,0.0,0.0,,,,,,0,0.0,0,0,79.0,,,,,1,1.0,1,1.0,0
0100033266,INTERN trust,1,1,0,,30.44,17243.1,17243.1,17243.1,17243.1,17243.1,0.0,0.0,9.755225334968744,9.755225334968744,1,0,1,0,1.0,0.0,14.0,14.0,0.0,14.0,14.0,1,0.0,1,0,179.0,150.0,14.0,1.0,17243.1,1,1.0,1,1.0,0
0100033268,NICHOL ,5,5,201,50.25,0.7572139303482588,139627.5,27925.5,27615.13,23478.15,32203.99,3284.437970840673,0.1176142941340593,11.846740603201464,10.23733133780365,4,1,1,0,0.25,0.75,-1.25,-2.5,5.909032633745278,-7.0,7.0,1,4.093897898091744,0,3,74.0,121.0,-4.0,0.0,27429.76,1,1.0,1,1.0,0
0100033300,CLAS corporation,2,2,155,155.0,0.3927741935483871,131232.55,65616.275,65616.275,53428.0,77804.55,17236.823806932938,0.2626912882045337,11.78473383926566,11.09159427867934,2,0,1,0,0.5,0.5,-2.5,-2.5,9.192388155425116,-9.0,4.0,1,2.6,1,0,231.0,217.0,-2.5,0.5,65616.275,1,1.0,1,1.0,0
0100033340,SEVI co,1,1,0,,30.44,28278.18,28278.18,28278.18,28278.18,28278.18,0.0,0.0,10.249881123833406,10.249881123833406,0,1,0,0,0.0,0.0,,,,,,0,0.0,0,0,28.0,,,,,1,1.0,1,1.0,0
0100033394,MONOGR associates,12,6,378,34.36363636363637,0.9663492063492064,480783.74,40065.31166666667,38116.8,127.49,75527.55,25905.3588462222,0.6465782435875771,13.08317492293073,10.598291152142938,10,2,7,2,0.7,0.1,4.6,2.5,5.621387729022079,-1.0,14.0,1,1.1593297066063817,1,0,64.0,185.0,0.6666666666666666,0.6666666666666666,52432.63333333334,1,1.0,1,1.0,0
0100033439,WESTI corporation,8,7,468,66.85714285714286,0.5203418803418803,269140.2,33642.525,40352.0,19898.5,40749.0,9729.901314541392,0.2892143593425699,12.50299142793165,10.423575894566303,7,1,0,0,0.0,1.0,-4.428571428571429,-5.0,2.5071326821120348,-8.0,-1.0,1,0.5241315099765135,0,7,29.0,105.0,-5.0,0.0,40554.0,1,1.0,1,1.0,0
0100033558,TRI- corp,2,2,76,76.0,0.8010526315789473,31753.29,15876.645,15876.645,15531.29,16222.0,488.4057248333596,0.0307625272740783,10.365783113303443,9.67266742405552,2,0,0,0,0.0,1.0,-22.0,-22.0,1.4142135623730951,-23.0,-21.0,1,0.0454545454545454,0,2,400.0,388.0,-22.0,0.0,15876.645,1,1.0,1,1.0,0
0100033778,TAYLOR corporation,2,2,188,188.0,0.3238297872340425,15857.44,7928.72,7928.72,7235.4,8622.04,980.5025470645152,0.1236646705980934,9.671457129695376,8.978373005052177,2,0,1,0,0.5,0.5,1.0,1.0,9.899494936611664,-6.0,8.0,1,7.0,0,1,298.0,284.0,1.0,0.5,7928.72,1,1.0,1,1.0,0
0100034022,GRECO  co,3,3,148,74.0,0.617027027027027,32295.1,10765.033333333336,11087.72,9466.79,11740.59,1170.7419116241342,0.1087541371561754,10.382701758886665,9.284151395283056,3,0,2,0,0.6666666666666666,0.3333333333333333,3.6666666666666665,5.0,4.163331998932265,-1.0,7.0,1,0.92709445701687,0,1,232.0,218.0,3.6666666666666665,0.6666666666666666,10765.033333333336,1,1.0,1,1.0,0
0100034087,IA in,2,2,126,126.0,0.4831746031746031,5719.47,2859.735,2859.735,2708.28,3011.19,214.189715089217,0.0748984486636758,8.65180624883042,7.958833863803845,1,1,0,0,0.0,1.0,-33.0,-33.0,0.0,-33.0,-33.0,1,0.0,0,1,54.0,153.0,-33.0,0.0,3011.19,1,1.0,1,1.0,0
0100034330,MASSY D corp,18,9,414,24.352941176470587,1.3234782608695652,245301.91000000003,13627.883888888891,5760.95,1275.19,60660.86,16846.392962569393,1.2361708611492224,12.410249093201084,9.519946634975923,17,1,13,3,0.7647058823529411,0.0588235294117647,4.705882352941177,2.0,9.73886996705953,-13.0,35.0,1,2.0077194774171017,4,0,64.0,205.0,3.333333333333333,1.0,16409.846666666668,1,1.0,1,1.0,0
0100034443,FOOD A corp,5,4,371,92.75,0.4102425876010782,90101.95,18020.39,20282.4,12502.56,22957.64,4489.069585816197,0.249110567852094,11.408708184458888,9.799314664702443,4,1,1,2,0.25,0.25,0.0,0.0,0.816496580927726,-1.0,1.0,1,0.0,1,0,72.0,225.0,0.0,0.3333333333333333,17689.12,1,1.0,1,1.0,0
0100034820,MTY TIKI ,3,3,289,144.5,0.3159861591695502,38236.72,12745.573333333334,12422.04,9522.0,16292.68,3396.91511211766,0.2665172466768326,10.551577741956828,9.453017756294688,3,0,0,0,0.0,1.0,-3.6666666666666665,-3.0,3.055050463303893,-7.0,-1.0,1,0.6803013430498075,0,3,198.0,189.0,-3.6666666666666665,0.0,12745.573333333334,1,1.0,1,1.0,0
0100034821,17135 associates,4,4,199,66.33333333333333,0.6118592964824121,94114.22,23528.555,6634.110000000001,1128.0,79718.0,37605.11529587564,1.5982755972849003,11.45227505532129,10.066012569515374,2,2,0,0,0.0,1.0,-6.5,-6.5,4.949747468305833,-10.0,-3.0,1,0.5384615384615384,0,2,15.0,92.0,-6.5,0.0,40423.0,1,1.0,1,1.0,0
0100034822,SUGARP corporation,2,2,125,125.0,0.48704,12519.26,6259.63,6259.63,1864.16,10655.1,6216.133287004069,0.9930512325814894,9.435103411211626,8.742036098008018,2,0,2,0,1.0,0.0,5.5,5.5,0.7071067811865476,5.0,6.0,1,0.0909090909090909,2,0,131.0,107.0,5.5,1.0,6259.63,1,1.0,1,1.0,0
0100034823,ZARCO co,2,2,302,302.0,0.2015894039735099,44251.62,22125.81,22125.81,11844.35,32407.27,14540.180172996485,0.6571592259445634,10.697669857722838,10.00454527443965,1,1,0,0,0.0,1.0,-1.0,-1.0,0.0,-1.0,-1.0,1,0.0,0,1,76.0,366.0,-1.0,0.0,32407.27,1,1.0,1,1.0,0
0100034952,TORONTO in,1,1,0,,30.44,10994.5,10994.5,10994.5,10994.5,10994.5,0.0,0.0,9.305241377170905,9.305241377170905,1,0,1,0,1.0,0.0,2.0,2.0,0.0,2.0,2.0,1,0.0,1,0,282.0,268.0,2.0,1.0,10994.5,1,1.0,1,1.0,0
0100034958,CHICAGO  llc,1,1,0,,30.44,3105.75,3105.75,3105.75,3105.75,3105.75,0.0,0.0,8.041332442686103,8.041332442686103,1,0,1,0,1.0,0.0,8.0,8.0,0.0,8.0,8.0,1,0.0,1,0,458.0,438.0,8.0,1.0,3105.75,1,1.0,1,1.0,0
0100034961,LES DIST corporation,2,2,373,373.0,0.1632171581769437,19400.5,9700.25,9700.25,4633.0,14767.5,7166.173673935066,0.7387617508760151,9.873105661650044,9.180010022168348,1,1,1,0,1.0,0.0,12.0,12.0,0.0,12.0,12.0,1,0.0,1,0,57.0,407.0,12.0,1.0,4633.0,1,1.0,1,1.0,0
0100035071,DAYLIGH co,1,1,0,,30.44,10519.2,10519.2,10519.2,10519.2,10519.2,0.0,0.0,9.26105249751783,9.26105249751783,1,0,1,0,1.0,0.0,2.0,2.0,0.0,2.0,2.0,1,0.0,1,0,170.0,158.0,2.0,1.0,10519.2,1,1.0,1,1.0,0
0100035137,SPECIA associates,1,1,0,,30.44,7719.0,7719.0,7719.0,7719.0,7719.0,0.0,0.0,8.951569643018821,8.951569643018821,1,0,0,0,0.0,1.0,-2.0,-2.0,0.0,-2.0,-2.0,1,0.0,0,1,321.0,311.0,-2.0,0.0,7719.0,1,1.0,1,1.0,0
0100035138,MAITR systems,1,1,0,,30.44,23092.4,23092.4,23092.4,23092.4,23092.4,0.0,0.0,10.047302141400069,10.047302141400069,1,0,1,0,1.0,0.0,3.0,3.0,0.0,3.0,3.0,1,0.0,1,0,207.0,192.0,3.0,1.0,23092.4,1,1.0,1,1.0,0
0100035139,PROVINC us,1,1,0,,30.44,16226.0,16226.0,16226.0,16226.0,16226.0,0.0,0.0,9.694431800539537,9.694431800539537,0,1,0,0,0.0,0.0,,,,,,0,0.0,0,0,85.0,,,,,1,1.0,1,1.0,0
0100035143,S&S  associates,1,1,0,,30.44,16887.5,16887.5,16887.5,16887.5,16887.5,0.0,0.0,9.734388195911295,9.734388195911295,1,0,1,0,1.0,0.0,13.0,13.0,0.0,13.0,13.0,1,0.0,1,0,319.0,295.0,13.0,1.0,16887.5,1,1.0,1,1.0,0
0100035145,SABRINA ,1,1,0,,30.44,21077.5,21077.5,21077.5,21077.5,21077.5,0.0,0.0,9.956008842628227,9.956008842628227,1,0,0,1,0.0,0.0,0.0,0.0,0.0,0.0,0.0,1,0.0,0,1,469.0,455.0,0.0,0.0,21077.5,1,1.0,1,1.0,0
0100035505,COUN in,3,2,78,39.0,1.1707692307692308,21737.19,7245.73,7920.0,462.0,13355.19,6472.987495639089,0.893352014999053,9.986825900539438,8.888305611619314,1,2,1,0,1.0,0.0,6.0,6.0,0.0,6.0,6.0,1,0.0,1,0,33.0,92.0,6.0,1.0,7920.0,1,1.0,1,1.0,0
0100035578,MICH ,11,7,323,32.3,1.036656346749226,165963.44999999998,15087.586363636365,17627.3,5715.52,19030.52,4838.054440789753,0.3206645731255122,12.01952888777737,9.621693867031428,11,0,5,0,0.4545454545454545,0.5454545454545454,0.9090909090909092,-2.0,5.821589910918588,-5.0,15.0,1,6.1057350089895,1,0,141.0,95.0,3.0,0.3333333333333333,14028.113333333333,1,1.0,1,1.0,0
0100035581,LAWR corporation,2,1,13,13.0,4.683076923076923,76617.5,38308.75,38308.75,35754.3,40863.2,3612.5378344039486,0.0943005927993982,11.246593840929098,10.5534597119621,2,0,0,0,0.0,1.0,-4.0,-4.0,2.8284271247461903,-6.0,-2.0,1,0.5,0,2,311.0,298.0,-4.0,0.0,38308.75,1,1.0,1,1.0,0
0100035734,MERCH ,2,2,55,55.0,1.106909090909091,33558.79,16779.395,16779.395,13527.35,20031.44,4599.08614444761,0.2740912973589101,10.42108390311222,9.727966519672623,2,0,0,0,0.0,1.0,-4.5,-4.5,4.949747468305833,-8.0,-1.0,1,0.7777777777777778,0,2,282.0,268.0,-4.5,0.0,16779.395,1,1.0,1,1.0,0
0100035824,CHAIN DI systems,1,1,0,,30.44,19233.24,19233.24,19233.24,19233.24,19233.24,0.0,0.0,9.864447303098292,9.864447303098292,1,0,0,0,0.0,1.0,-1.0,-1.0,0.0,-1.0,-1.0,1,0.0,0,1,444.0,430.0,-1.0,0.0,19233.24,1,1.0,1,1.0,0
0100035833,MICRON associates,1,1,0,,30.44,40841.1,40841.1,40841.1,40841.1,40841.1,0.0,0.0,10.617468691132927,10.617468691132927,1,0,0,0,0.0,1.0,-7.0,-7.0,0.0,-7.0,-7.0,1,0.0,0,1,234.0,211.0,-7.0,0.0,40841.1,1,1.0,1,1.0,0
0100035877,DUNKIN corp,13,10,409,34.083333333333336,0.9675305623471884,156533.88,12041.067692307694,8916.58,1251.02,29869.62,9161.087204740998,0.7608201729979028,11.961034139528676,9.396161439359506,11,2,10,0,0.9090909090909092,0.0909090909090909,1.818181818181818,3.0,2.272363607268072,-4.0,4.0,1,1.1916375287812984,5,0,60.0,70.0,2.6666666666666665,1.0,9682.626666666669,1,1.0,1,1.0,0
0100035879,MILLENNIU llc,1,1,0,,30.44,10542.2,10542.2,10542.2,10542.2,10542.2,0.0,0.0,9.26323638132968,9.26323638132968,1,0,1,0,1.0,0.0,8.0,8.0,0.0,8.0,8.0,1,0.0,1,0,270.0,247.0,8.0,1.0,10542.2,1,1.0,1,1.0,0
0100035971,BON  corp,3,3,412,206.0,0.2216504854368932,73529.56,24509.853333333333,25752.18,18625.27,29152.11,5372.254811197375,0.2191875544147432,11.20545638110034,10.10687129163758,2,1,2,0,1.0,0.0,4.5,4.5,3.5355339059327378,2.0,7.0,1,0.5555555555555556,2,0,32.0,260.0,4.5,1.0,22188.725,1,1.0,1,1.0,0
0100035976,HAN associates,1,1,0,,30.44,9181.29,9181.29,9181.29,9181.29,9181.29,0.0,0.0,9.125031907843418,9.125031907843418,1,0,0,0,0.0,1.0,-1.0,-1.0,0.0,-1.0,-1.0,1,0.0,0,1,102.0,88.0,-1.0,0.0,9181.29,1,1.0,1,1.0,0
0100036009,JOSE in,8,5,232,33.142857142857146,1.0496551724137932,177062.61,22132.82625,21303.545,16417.33,30563.75,5037.391561121228,0.2275982065833652,12.084264325526044,10.00486231687976,7,1,6,0,0.8571428571428571,0.1428571428571428,6.0,6.0,4.242640687119285,-1.0,13.0,1,0.6546536707079772,5,0,85.0,157.0,5.666666666666667,1.0,21460.753333333338,1,1.0,1,1.0,0
0100036039,GI trust,12,8,414,37.63636363636363,0.8823188405797102,385253.81,32104.484166666665,36244.27,2429.51,53984.83,14432.077157146388,0.4495346220865581,12.861660238503513,10.376782140839142,8,4,2,2,0.25,0.5,-5.125,-0.5,15.860440455062127,-44.0,5.0,1,2.894845570057145,0,1,35.0,85.0,-12.333333333333334,0.6666666666666666,28149.396666666664,2,0.9166666666666666,1,1.0,0
0100036060,PANAMEX  co,5,5,398,99.5,0.3824120603015075,92763.77,18552.754,13619.6,13046.08,28120.06,7254.736997678138,0.3910328891159845,11.437822213074517,9.828427419528792,4,1,3,0,0.75,0.25,-0.5,8.0,19.90812229551881,-30.0,12.0,1,34.48187929913333,3,0,70.0,22.0,9.333333333333334,1.0,21936.62,1,1.0,1,1.0,0
0100036062,MID S in,4,4,360,120.0,0.3382222222222222,95898.6,23974.65,23847.8,23847.8,24355.2,253.70000000000076,0.0105820105820106,11.47105708985136,10.084794010958683,3,1,0,0,0.0,1.0,-4.333333333333333,-5.0,1.1547005383792517,-5.0,-3.0,1,0.2175713172881684,0,3,60.0,114.0,-4.333333333333333,0.0,23847.8,1,1.0,1,1.0,0
0100036066,GROC associates,34,14,458,13.87878787878788,2.2597379912663755,1064667.58,31313.752352941177,16711.355,24.0,154808.64,42298.72897978916,1.3508035863295764,13.878174116206967,10.351844586671534,30,4,12,18,0.4,0.0,2.2,0.0,4.163884128368939,0.0,19.0,1,1.8608626809507929,3,0,43.0,112.0,5.0,1.0,80676.99666666667,1,1.0,1,1.0,0
0100036153,TENNES ,3,3,359,179.5,0.2543732590529248,125200.08,41733.35999999999,44057.52,34517.52,46625.04,6379.600294438518,0.1528657240739427,11.737676363809014,10.639080049316412,2,1,1,1,0.5,0.0,2.0,2.0,2.8284271247461903,0.0,4.0,1,1.0,1,0,21.0,319.0,2.0,0.5,40571.28,1,1.0,1,1.0,0
0100036162,DAVIS trust,1,1,0,,30.44,12676.0,12676.0,12676.0,12676.0,12676.0,0.0,0.0,9.447544606938727,9.447544606938727,1,0,1,0,1.0,0.0,15.0,15.0,0.0,15.0,15.0,1,0.0,1,0,499.0,469.0,15.0,1.0,12676.0,1,1.0,1,1.0,0
0100036168,GREA llc,1,1,0,,30.44,12418.14,12418.14,12418.14,12418.14,12418.14,0.0,0.0,9.426994109933853,9.426994109933853,0,1,0,0,0.0,0.0,,,,,,0,0.0,0,0,23.0,,,,,1,1.0,1,1.0,0
0100036234,GOURM llc,1,1,0,,30.44,2933.74,2933.74,2933.74,2933.74,2933.74,0.0,0.0,7.9843741423075585,7.9843741423075585,1,0,1,0,1.0,0.0,7.0,7.0,0.0,7.0,7.0,1,0.0,1,0,448.0,426.0,7.0,1.0,2933.74,1,1.0,1,1.0,0
0100036250,BODAC in,1,1,0,,30.44,31172.17,31172.17,31172.17,31172.17,31172.17,0.0,0.0,10.347313067943157,10.347313067943157,1,0,0,0,0.0,1.0,-2.0,-2.0,0.0,-2.0,-2.0,1,0.0,0,1,218.0,205.0,-2.0,0.0,31172.17,1,1.0,1,1.0,0
0100036292,AMY systems,12,7,370,33.63636363636363,0.9872432432432432,231135.14000000004,19261.26166666667,18700.57,17336.04,22016.26,1733.4920282682865,0.0899988826416417,12.350762166554391,9.865903106633809,12,0,6,0,0.5,0.5,5.166666666666667,3.0,9.27198452164891,-5.0,25.0,1,1.7181772884626807,0,4,102.0,88.0,-2.0,0.0,18125.75,2,0.9166666666666666,1,1.0,0
0100036318,TFC corp,7,7,460,76.66666666666667,0.4632173913043478,215844.66,30834.95142857143,32501.88,4025.0,41377.0,13257.851715815335,0.4299618161075069,12.282318894226004,10.336436542424568,5,2,4,0,0.8,0.2,1.6,1.0,1.949358868961793,-1.0,4.0,1,1.0897247358851685,3,0,9.0,147.0,1.6666666666666667,1.0,37863.176666666666,1,1.0,1,1.0,0
0100036470,BICKEL us,1,1,0,,30.44,67288.2,67288.2,67288.2,67288.2,67288.2,0.0,0.0,11.11675502727234,11.11675502727234,1,0,1,0,1.0,0.0,3.0,3.0,0.0,3.0,3.0,1,0.0,1,0,273.0,260.0,3.0,1.0,67288.2,1,1.0,1,1.0,0
0100036486,NEB foundation,3,3,231,115.5,0.3953246753246753,424402.56,141467.52,151784.77,119912.33,152705.46,18673.017417415424,0.131995085638141,12.958440073999697,11.859832497816296,2,1,2,0,1.0,0.0,4.5,4.5,2.1213203435596424,3.0,6.0,1,0.3333333333333333,2,0,21.0,165.0,4.5,1.0,152245.115,1,1.0,1,1.0,0
0100036538,DENVER foundation,18,10,469,27.58823529411765,1.168272921108742,84883.14,4715.73,2849.25,512.0,13824.0,3908.91647377242,0.8289101525686204,11.349042546839229,8.458871041874962,14,4,0,0,0.0,1.0,-6.142857142857143,-6.0,1.7032612545052803,-9.0,-2.0,1,0.2671889603040943,0,14,24.0,92.0,-7.0,0.0,7469.099999999999,1,1.0,1,1.0,0
0100036722,SUNN in,2,2,278,278.0,0.2189928057553956,30979.2,15489.6,15489.6,9919.2,21060.0,7877.735227843088,0.5085822247083907,10.341103569727942,9.647988667328274,2,0,2,0,1.0,0.0,17.5,17.5,4.949747468305833,14.0,21.0,1,0.2,2,0,214.0,183.0,17.5,1.0,15489.6,1,1.0,1,1.0,0
0100037035,CAS I us,1,1,0,,30.44,5160.78,5160.78,5160.78,5160.78,5160.78,0.0,0.0,8.54903676023047,8.54903676023047,1,0,1,0,1.0,0.0,4.0,4.0,0.0,4.0,4.0,1,0.0,1,0,406.0,402.0,4.0,1.0,5160.78,1,1.0,1,1.0,0
0100037386,SOUTH  us,1,1,0,,30.44,5126.0,5126.0,5126.0,5126.0,5126.0,0.0,0.0,8.5422759717837,8.5422759717837,1,0,0,0,0.0,1.0,-1.0,-1.0,0.0,-1.0,-1.0,1,0.0,0,1,205.0,196.0,-1.0,0.0,5126.0,1,1.0,1,1.0,0
0100043880,ALP systems,1,1,0,,30.44,17799.0,17799.0,17799.0,17799.0,17799.0,0.0,0.0,9.786953736280177,9.786953736280177,1,0,0,0,0.0,1.0,-4.0,-4.0,0.0,-4.0,-4.0,1,0.0,0,1,218.0,207.0,-4.0,0.0,17799.0,1,1.0,1,1.0,0
0100043882,HAWAI ,1,1,0,,30.44,35428.53,35428.53,35428.53,35428.53,35428.53,0.0,0.0,10.4753009321774,10.4753009321774,1,0,0,0,0.0,1.0,-2.0,-2.0,0.0,-2.0,-2.0,1,0.0,0,1,157.0,144.0,-2.0,0.0,35428.53,1,1.0,1,1.0,0
0100043885,VIP  ,1,1,0,,30.44,17.33,17.33,17.33,17.33,17.33,0.0,0.0,2.9085390618516134,2.9085390618516134,1,0,1,0,1.0,0.0,107.0,107.0,0.0,107.0,107.0,1,0.0,1,0,366.0,239.0,107.0,1.0,17.33,1,1.0,1,1.0,0
0100043892,IN-N llc,25,11,397,16.541666666666668,1.916876574307305,406301.73,16252.0692,16271.6,15250.06,17880.6,858.0199866112288,0.0527945073364091,12.91485380112627,9.696037043769618,22,3,4,2,0.1818181818181818,0.7272727272727273,-0.9090909090909092,-1.0,3.803620967911033,-7.0,11.0,1,4.0877866871939394,0,1,54.0,147.0,0.0,0.3333333333333333,15548.36,1,1.0,1,1.0,0
0100043895,BOVA F in,1,1,0,,30.44,24004.2,24004.2,24004.2,24004.2,24004.2,0.0,0.0,10.086025752527917,10.086025752527917,1,0,0,0,0.0,1.0,-4.0,-4.0,0.0,-4.0,-4.0,1,0.0,0,1,248.0,237.0,-4.0,0.0,24004.2,1,1.0,1,1.0,0
0100043901,DAVI associates,2,2,173,173.0,0.351907514450867,51132.62,25566.31,25566.31,12387.09,38745.53,18638.23166549874,0.72901531998551,10.842197485489615,10.149069861343277,1,1,0,0,0.0,1.0,-3.0,-3.0,0.0,-3.0,-3.0,1,0.0,0,1,49.0,210.0,-3.0,0.0,38745.53,1,1.0,1,1.0,0
0100043902,THE P corp,3,3,372,186.0,0.2454838709677419,57868.51,19289.50333333333,24556.64,1719.12,31592.75,15617.793981328903,0.8096524680519114,10.965945927277849,9.867368198526352,3,0,0,0,0.0,1.0,-5.0,-4.0,2.6457513110645907,-8.0,-3.0,1,0.4320493798938574,0,3,121.0,94.0,-5.0,0.0,19289.50333333333,1,1.0,1,1.0,0
0100043903,CARIB us,3,3,287,143.5,0.3181881533101046,41387.76,13795.919999999998,14207.76,12892.8,14287.2,783.1327979340421,0.0567655363276999,10.630764625366725,9.53220065782926,3,0,0,0,0.0,1.0,-5.0,-5.0,1.0,-6.0,-4.0,1,0.1632993161855452,0,3,214.0,183.0,-5.0,0.0,13795.919999999998,1,1.0,1,1.0,0
0100043909,ORIO associates,2,2,344,344.0,0.1769767441860465,2320.0,1160.0,1160.0,1160.0,1160.0,0.0,0.0,7.749753406274437,7.057036981697891,1,1,0,0,0.0,1.0,-2.0,-2.0,0.0,-2.0,-2.0,1,0.0,0,1,56.0,382.0,-2.0,0.0,1160.0,1,1.0,1,1.0,0
0100043928,MAM ,4,4,322,107.33333333333331,0.3781366459627329,14443.27,3610.8175,3565.4,2271.31,5041.16,1136.667278857362,0.3147949955536003,9.578053075105496,8.19196638723603,4,0,0,0,0.0,1.0,-6.5,-6.0,3.415650255319866,-11.0,-3.0,1,0.455083060238432,0,4,91.0,79.0,-7.0,0.0,3583.9566666666665,1,1.0,1,1.0,0
0100043931,CD F trust,1,1,0,,30.44,1406.1,1406.1,1406.1,1406.1,1406.1,0.0,0.0,7.2492861277942096,7.2492861277942096,1,0,1,0,1.0,0.0,5.0,5.0,0.0,5.0,5.0,1,0.0,1,0,359.0,322.0,5.0,1.0,1406.1,1,1.0,1,1.0,0
0100043933,TAPA co,7,6,420,70.0,0.5073333333333333,359848.1599999999,51406.87999999999,49885.92,49885.92,60532.64,4024.0819140768,0.0782790535834269,12.793440222627265,10.847546747085875,6,1,1,0,0.1666666666666666,0.8333333333333334,-9.333333333333334,-12.0,6.801960501698512,-15.0,4.0,1,0.6652834289356128,0,5,71.0,94.0,-13.0,0.0,49885.920000000006,1,1.0,1,1.0,0
0100043936,PAPA JO corp,32,12,461,14.870967741935484,2.11297180043384,535124.7,16722.646875,17661.07,9790.2,18145.19,2162.7234790561847,0.1293290168250464,13.190256951551977,9.724578977388669,26,6,14,9,0.5384615384615384,0.1153846153846153,1.0,1.0,3.555277766926236,-10.0,13.0,1,3.4862366749614337,0,1,11.0,84.0,-2.6666666666666665,0.3333333333333333,17454.163333333334,2,0.96875,1,1.0,0
0100043937,RAMO corp,1,1,0,,30.44,17929.3,17929.3,17929.3,17929.3,17929.3,0.0,0.0,9.794247298193728,9.794247298193728,1,0,0,0,0.0,1.0,-8.0,-8.0,0.0,-8.0,-8.0,1,0.0,0,1,203.0,196.0,-8.0,0.0,17929.3,1,1.0,1,1.0,0
0100043948,AMERIC foundation,11,9,463,46.3,0.7231965442764579,189031.42,17184.674545454545,17319.8,16947.03,17319.8,187.48043243835505,0.0109097458868049,12.149673813722972,9.751831440503969,9,2,2,0,0.2222222222222222,0.7777777777777778,-1.7777777777777777,-2.0,2.9907264074877267,-6.0,3.0,1,1.5860721925561905,0,1,23.0,86.0,-1.3333333333333333,0.3333333333333333,17319.8,1,1.0,1,1.0,0
0100043949,HOME R systems,11,9,371,37.1,0.902533692722372,188236.28000000003,17112.389090909095,17157.25,16992.76,17157.25,76.8331747950781,0.0044899151361568,12.145458573658088,9.747616423888202,8,3,1,5,0.125,0.25,-0.125,0.0,0.6408699444616557,-1.0,1.0,1,4.795831523312719,0,2,37.0,119.0,-0.3333333333333333,0.3333333333333333,17157.25,1,1.0,1,1.0,0
0100043955,UN systems,2,2,245,245.0,0.2484897959183673,36064.58,18032.29,18032.29,17672.0,18392.58,509.5270043874037,0.0282563670164689,10.49309422688249,9.79997477320609,2,0,2,0,1.0,0.0,8.0,8.0,9.899494936611664,1.0,15.0,1,0.875,2,0,121.0,105.0,8.0,1.0,18032.29,1,1.0,1,1.0,0
0100043956,E&S co,2,2,312,312.0,0.1951282051282051,30639.47,15319.735,15319.735,4080.95,26558.52,15894.042171595303,1.037488061744887,10.330076963162467,9.636962418645052,1,1,1,0,1.0,0.0,2.0,2.0,0.0,2.0,2.0,1,0.0,1,0,31.0,326.0,2.0,1.0,26558.52,2,0.5,1,1.0,0
0100043961,GOUR systems,1,1,0,,30.44,1961.74,1961.74,1961.74,1961.74,1961.74,0.0,0.0,7.582096735173016,7.582096735173016,0,1,0,0,0.0,0.0,,,,,,0,0.0,0,0,30.0,,,,,1,1.0,1,1.0,0
0100043962,FR ,1,1,0,,30.44,22897.41,22897.41,22897.41,22897.41,22897.41,0.0,0.0,10.038822754817383,10.038822754817383,1,0,0,1,0.0,0.0,0.0,0.0,0.0,0.0,0.0,1,0.0,0,1,134.0,119.0,0.0,0.0,22897.41,1,1.0,1,1.0,0
0100043965,THE SQUA foundation,2,2,394,394.0,0.1545177664974619,32771.0,16385.5,16385.5,16135.6,16635.4,353.4119692370372,0.0215685801005179,10.397329771261706,9.704213104089511,2,0,2,0,1.0,0.0,2.0,2.0,1.4142135623730951,1.0,3.0,1,0.5,2,0,112.0,109.0,2.0,1.0,16385.5,1,1.0,1,1.0,0
0100043973,BOARD corporation,8,8,281,40.142857142857146,0.8666192170818506,94956.28,11869.535000000002,11476.535,3988.83,18352.23,4827.069870413846,0.4066772515025942,11.461182385233888,9.381814558197116,8,0,2,2,0.25,0.5,-0.75,-1.5,6.017830648521585,-7.0,12.0,1,7.505553499465134,0,2,211.0,196.0,2.6666666666666665,0.3333333333333333,8489.57,1,1.0,1,1.0,0
0100043975,JAVA ,6,6,347,69.4,0.5263400576368876,18723.56,3120.5933333333337,2513.5,1238.0,7212.0,2248.4575022594195,0.7205224334237995,9.837591310112009,8.046098834209639,3,3,2,1,0.6666666666666666,0.0,0.6666666666666666,1.0,0.5773502691896258,0.0,1.0,1,0.7071067811865476,2,0,49.0,175.0,0.6666666666666666,0.6666666666666666,2747.4,1,1.0,1,1.0,0
0100043987,MELLO systems,2,2,59,59.0,1.0318644067796612,54006.18,27003.09,27003.09,23801.43,30204.75,4527.830994107443,0.1676782543815335,10.896872279670584,10.203743614995789,2,0,1,0,0.5,0.5,-2.0,-2.0,8.48528137423857,-8.0,4.0,1,3.0,1,0,350.0,331.0,-2.0,0.5,27003.09,1,1.0,1,1.0,0
0100043993,BOBBY S trust,1,1,0,,30.44,12442.39,12442.39,12442.39,12442.39,12442.39,0.0,0.0,9.428944837208183,9.428944837208183,1,0,0,0,0.0,1.0,-1.0,-1.0,0.0,-1.0,-1.0,1,0.0,0,1,442.0,428.0,-1.0,0.0,12442.39,1,1.0,1,1.0,0
0100044007,SUPER associates,2,2,93,93.0,0.6546236559139785,31384.3,15692.15,15692.15,15692.15,15692.15,0.0,0.0,10.354094909412336,9.660979590394875,2,0,1,1,0.5,0.0,2.0,2.0,2.8284271247461903,0.0,4.0,1,1.0,1,0,281.0,277.0,2.0,0.5,15692.15,1,1.0,1,1.0,0
0100044010,LAND associates,16,10,422,28.133333333333333,1.1541232227488152,757644.72,47352.795,46556.37,42589.68,58106.16,3142.568635699148,0.0663650083527096,13.53797116750196,10.765402243237828,14,2,0,0,0.0,1.0,-22.857142857142858,-23.0,1.027105182026191,-25.0,-21.0,1,0.0433012701892219,0,14,35.0,112.0,-22.33333333333333,0.0,45022.46,1,1.0,1,1.0,0
0100044018,KELLY corporation,1,1,0,,30.44,17891.22,17891.22,17891.22,17891.22,17891.22,0.0,0.0,9.792121260475357,9.792121260475357,1,0,0,1,0.0,0.0,0.0,0.0,0.0,0.0,0.0,1,0.0,0,1,372.0,357.0,0.0,0.0,17891.22,1,1.0,1,1.0,0
0100044019,JACK D foundation,1,1,0,,30.44,190.19,190.19,190.19,190.19,190.19,0.0,0.0,5.253267697994312,5.253267697994312,1,0,0,0,0.0,1.0,-7.0,-7.0,0.0,-7.0,-7.0,1,0.0,0,1,491.0,483.0,-7.0,0.0,190.19,1,1.0,1,1.0,0
0100044041,DEF. F foundation,12,8,440,40.0,0.8301818181818182,16626.79,1385.565833333333,1213.18,240.36,3141.2,912.6963422086562,0.6587174136741893,9.7188306709928,7.234585345597083,9,3,0,0,0.0,1.0,-7.444444444444445,-7.0,0.8819171036881968,-9.0,-6.0,1,0.111691265276834,0,9,30.0,249.0,-7.666666666666667,0.0,1037.1233333333332,1,1.0,1,1.0,0
0100044048,CJ  foundation,2,2,65,65.0,0.9366153846153846,6597.75,3298.875,3298.875,3191.75,3406.0,151.4976278692178,0.0459240280002175,8.794635516137825,8.101639867949274,1,1,1,0,1.0,0.0,22.0,22.0,0.0,22.0,22.0,1,0.0,1,0,21.0,49.0,22.0,1.0,3406.0,1,1.0,1,1.0,0
0100046048,SYS ,2,2,96,96.0,0.6341666666666667,877.98,438.99,438.99,168.11,709.87,383.082169775624,0.8726444105233011,6.778762144297765,6.086751999381312,2,0,0,1,0.0,0.5,-1.0,-1.0,1.4142135623730951,-2.0,0.0,1,1.0,0,2,241.0,226.0,-1.0,0.0,438.99,1,1.0,1,1.0,0
0100046464,AL MAJ corp,2,2,36,36.0,1.691111111111111,26610.800000000003,13305.4,13305.4,9975.4,16635.4,4709.331162702408,0.3539413443190289,10.189110005426954,9.496000401476325,2,0,2,0,1.0,0.0,59.0,59.0,79.19595949289332,3.0,115.0,1,0.9491525423728814,2,0,431.0,316.0,59.0,1.0,13305.4,1,1.0,1,1.0,0
0100046469,FRANQUICI foundation,2,2,36,36.0,1.691111111111111,28658.8,14329.4,14329.4,14329.4,14329.4,0.0,0.0,10.263250722990753,9.570138433900892,2,0,2,0,1.0,0.0,3.5,3.5,3.5355339059327378,1.0,6.0,1,0.7142857142857143,2,0,393.0,392.0,3.5,1.0,14329.4,1,1.0,1,1.0,0
0100046475,CITI-BA associates,1,1,0,,30.44,14366.8,14366.8,14366.8,14366.8,14366.8,0.0,0.0,9.572744870623271,9.572744870623271,1,0,1,0,1.0,0.0,9.0,9.0,0.0,9.0,9.0,1,0.0,1,0,451.0,442.0,9.0,1.0,14366.8,1,1.0,1,1.0,0
0100046476,PAPA JOH co,1,1,0,,30.44,14304.4,14304.4,14304.4,14304.4,14304.4,0.0,0.0,9.568392367344236,9.568392367344236,1,0,1,0,1.0,0.0,4.0,4.0,0.0,4.0,4.0,1,0.0,1,0,351.0,347.0,4.0,1.0,14304.4,1,1.0,1,1.0,0
0100046479,PAPA corporation,6,6,301,60.2,0.6067774086378738,84349.2,14058.2,14058.2,13886.0,14230.4,188.635648804779,0.0134181935670839,11.342732459044214,9.55103226474158,5,1,0,0,0.0,1.0,-6.8,-7.0,1.4832396974191326,-9.0,-5.0,1,0.1950955759032588,0,5,66.0,102.0,-7.0,0.0,14000.8,1,1.0,1,1.0,0
0100046480,PJ  ,2,2,429,429.0,0.1419114219114219,28230.4,14115.2,14115.2,13901.0,14329.4,302.92454506031675,0.0214608751601335,10.248190112649812,9.555078353014428,1,1,1,0,1.0,0.0,1.0,1.0,0.0,1.0,1.0,1,0.0,1,0,28.0,456.0,1.0,1.0,14329.4,1,1.0,1,1.0,0
0100046482,SHANGHAI us,1,1,0,,30.44,21094.8,21094.8,21094.8,21094.8,21094.8,0.0,0.0,9.956829247517952,9.956829247517952,1,0,0,1,0.0,0.0,0.0,0.0,0.0,0.0,0.0,1,0.0,0,1,132.0,132.0,0.0,0.0,21094.8,1,1.0,1,1.0,0
0100046483,PAPA  llc,1,1,0,,30.44,13938.4,13938.4,13938.4,13938.4,13938.4,0.0,0.0,9.542474641781313,9.542474641781313,1,0,1,0,1.0,0.0,5.0,5.0,0.0,5.0,5.0,1,0.0,1,0,107.0,102.0,5.0,1.0,13938.4,1,1.0,1,1.0,0
0100046487,PAPA JOH associates,6,5,285,57.0,0.640842105263158,97498.6,16249.766666666665,16233.1,16008.2,16508.0,265.2521039816017,0.0163234407867355,11.48760355441342,9.695895366132143,4,2,1,2,0.25,0.25,1.25,0.0,3.947573094109004,-2.0,7.0,1,2.734958866235469,0,2,60.0,165.0,2.333333333333333,0.3333333333333333,16324.733333333332,1,1.0,1,1.0,0
0100046590,CLEMEN us,1,1,0,,30.44,14257.92,14257.92,14257.92,14257.92,14257.92,0.0,0.0,9.56513795477476,9.56513795477476,1,0,1,0,1.0,0.0,13.0,13.0,0.0,13.0,13.0,1,0.0,1,0,297.0,274.0,13.0,1.0,14257.92,1,1.0,1,1.0,0
0100046614,PRO corp,2,2,189,189.0,0.3221164021164021,113682.31,56841.155,56841.155,38728.11,74954.2,25615.713894874178,0.4506543523767977,11.641171879166237,10.94803349493358,2,0,2,0,1.0,0.0,42.5,42.5,14.849242404917495,32.0,53.0,1,0.2470588235294117,2,0,279.0,196.0,42.5,1.0,56841.155,1,1.0,1,1.0,0
0100046626,MAKOT in,1,1,0,,30.44,15165.0,15165.0,15165.0,15165.0,15165.0,0.0,0.0,9.62681135926088,9.62681135926088,1,0,1,0,1.0,0.0,1.0,1.0,0.0,1.0,1.0,1,0.0,1,0,225.0,209.0,1.0,1.0,15165.0,1,1.0,1,1.0,0
0100046892,FRICK' us,1,1,0,,30.44,812.68,812.68,812.68,812.68,812.68,0.0,0.0,6.70156716831734,6.70156716831734,1,0,1,0,1.0,0.0,20.0,20.0,0.0,20.0,20.0,1,0.0,1,0,484.0,449.0,20.0,1.0,812.68,1,1.0,1,1.0,0
0100047082,AR foundation,1,1,0,,30.44,5440.95,5440.95,5440.95,5440.95,5440.95,0.0,0.0,8.60189273150238,8.60189273150238,1,0,0,1,0.0,0.0,0.0,0.0,0.0,0.0,0.0,1,0.0,0,1,325.0,308.0,0.0,0.0,5440.95,1,1.0,1,1.0,0
0100047204,FRY foundation,2,2,133,133.0,0.4577443609022556,60108.75,30054.375,30054.375,28372.95,31735.8,2377.89403911318,0.0791197301262521,11.003927336982802,10.310796792520694,2,0,2,0,1.0,0.0,13.0,13.0,1.4142135623730951,12.0,14.0,1,0.0769230769230769,2,0,288.0,259.0,13.0,1.0,30054.375,1,1.0,1,1.0,0
0100047366,WILLI co,1,1,0,,30.44,17688.72,17688.72,17688.72,17688.72,17688.72,0.0,0.0,9.780738958877066,9.780738958877066,1,0,1,0,1.0,0.0,3.0,3.0,0.0,3.0,3.0,1,0.0,1,0,312.0,294.0,3.0,1.0,17688.72,1,1.0,1,1.0,0
0100047379,ALLE associates,1,1,0,,30.44,12751.35,12751.35,12751.35,12751.35,12751.35,0.0,0.0,9.453470847328374,9.453470847328374,1,0,0,1,0.0,0.0,0.0,0.0,0.0,0.0,0.0,1,0.0,0,1,185.0,170.0,0.0,0.0,12751.35,1,1.0,1,1.0,0
0100047382,PETER  co,3,3,270,135.0,0.3382222222222222,52359.0,17453.0,17733.56,16643.08,17982.36,712.3574698141372,0.0408157606035717,10.865898220023835,9.767324127723256,2,1,0,0,0.0,1.0,-6.0,-6.0,2.8284271247461903,-8.0,-4.0,1,0.3333333333333333,0,2,70.0,88.0,-6.0,0.0,17312.72,1,1.0,1,1.0,0
0100047388,PEPPER ,1,1,0,,30.44,19348.76,19348.76,19348.76,19348.76,19348.76,0.0,0.0,9.870435295280233,9.870435295280233,1,0,0,1,0.0,0.0,0.0,0.0,0.0,0.0,0.0,1,0.0,0,1,243.0,228.0,0.0,0.0,19348.76,1,1.0,1,1.0,0
0100047403,AMI llc,4,4,238,79.33333333333333,0.5115966386554622,42487.92,10621.98,12341.285,3579.84,14225.51,4864.55524361683,0.4579706649435256,10.65699861504047,9.270774858070908,4,0,4,0,1.0,0.0,8.5,7.0,5.259911279353167,4.0,16.0,1,0.5359078575967234,4,0,181.0,158.0,10.0,1.0,10421.743333333334,1,1.0,1,1.0,0
0100047417,POUCH corp,1,1,0,,30.44,12795.0,12795.0,12795.0,12795.0,12795.0,0.0,0.0,9.45688790106941,9.45688790106941,1,0,1,0,1.0,0.0,7.0,7.0,0.0,7.0,7.0,1,0.0,1,0,232.0,210.0,7.0,1.0,12795.0,1,1.0,1,1.0,0
0100047441,ITTELL corp,1,1,0,,30.44,24868.77,24868.77,24868.77,24868.77,24868.77,0.0,0.0,10.121408288664618,10.121408288664618,0,1,0,0,0.0,0.0,,,,,,0,0.0,0,0,46.0,,,,,1,1.0,1,1.0,0
0100047471,ALL co,2,2,287,287.0,0.2121254355400697,18451.800000000003,9225.9,9225.9,8587.2,9864.6,903.2582022876956,0.0979046165997567,9.822971399471674,9.129878409761076,1,1,0,1,0.0,0.0,0.0,0.0,0.0,0.0,0.0,1,0.0,0,1,67.0,344.0,0.0,0.0,8587.2,1,1.0,1,1.0,0
0100047527,LIDL co,11,10,419,41.9,0.7991408114558473,94654.53,8604.957272727273,8655.53,904.88,15164.87,4426.179992104006,0.5143755920941561,11.457999580709936,9.060209948562523,10,1,2,8,0.2,0.0,0.4,0.0,0.8432740427115679,0.0,2.0,1,2.0000000000000004,0,3,38.0,114.0,0.0,0.0,12025.476666666667,1,1.0,1,1.0,0
0100047532,KEYSTON associates,1,1,0,,30.44,11852.54,11852.54,11852.54,11852.54,11852.54,0.0,0.0,9.380381836128322,9.380381836128322,0,1,0,0,0.0,0.0,,,,,,0,0.0,0,0,79.0,,,,,1,1.0,1,1.0,0
0100047674,CALIFO in,9,6,379,47.375,0.7228496042216359,45683.380000000005,5075.931111111112,5040.09,4032.0,5880.0,476.8802089740264,0.0939493067449527,10.729511724146583,8.532462246037356,9,0,3,1,0.3333333333333333,0.5555555555555556,-0.4444444444444444,-2.0,3.2058973436118907,-4.0,5.0,1,6.800735254367723,2,0,113.0,78.0,2.0,0.6666666666666666,4704.033333333334,1,1.0,1,1.0,0
0100047799,WALM ,2,2,204,204.0,0.2984313725490196,89681.64,44840.82,44840.82,30843.24,58838.4,19795.56747640239,0.4414631016204072,11.404032495314537,10.710896465122431,1,1,1,0,1.0,0.0,60.0,60.0,0.0,60.0,60.0,1,0.0,1,0,68.0,182.0,60.0,1.0,30843.24,2,0.5,1,1.0,0
0100047815,HIGHB corporation,1,1,0,,30.44,13131.0,13131.0,13131.0,13131.0,13131.0,0.0,0.0,9.482807278621484,9.482807278621484,1,0,0,0,0.0,1.0,-24.0,-24.0,0.0,-24.0,-24.0,1,0.0,0,1,296.0,260.0,-24.0,0.0,13131.0,1,1.0,1,1.0,0
0100048819,HOME ,1,1,0,,30.44,117.13,117.13,117.13,117.13,117.13,0.0,0.0,4.771785712960429,4.771785712960429,1,0,1,0,1.0,0.0,17.0,17.0,0.0,17.0,17.0,1,0.0,1,0,297.0,270.0,17.0,1.0,117.13,1,1.0,1,1.0,0
0100048904,MILK S associates,2,2,244,244.0,0.2495081967213114,219320.42,109660.21,109660.21,98766.48,120553.94,15406.06071083066,0.1404890681025566,12.298293604054749,11.60515098300258,2,0,2,0,1.0,0.0,8.0,8.0,9.899494936611664,1.0,15.0,1,0.875,2,0,196.0,185.0,8.0,1.0,109660.21,1,1.0,1,1.0,0
0100049075,LIBERT corp,1,1,0,,30.44,107862.94,107862.94,107862.94,107862.94,107862.94,0.0,0.0,11.58862589705773,11.58862589705773,1,0,1,0,1.0,0.0,20.0,20.0,0.0,20.0,20.0,1,0.0,1,0,371.0,336.0,20.0,1.0,107862.94,1,1.0,1,1.0,0
0100049079,ESSEX  systems,8,6,304,43.42857142857143,0.8010526315789473,100897.22,12612.1525,9448.68,3482.88,31533.26,9738.342297414967,0.772139592937444,11.521867564957152,9.442495397714172,7,1,4,1,0.5714285714285714,0.2857142857142857,2.857142857142857,4.0,5.145501965424799,-4.0,10.0,1,1.6673332000533063,1,0,53.0,121.0,-0.6666666666666666,0.3333333333333333,7016.03,1,1.0,1,1.0,0
0100049207,JET associates,8,5,232,33.142857142857146,1.0496551724137932,93198.86000000002,11649.857500000002,10740.19,1058.72,34210.98,10957.909301373858,0.940604578328435,11.442501498526632,9.363135061435337,8,0,5,1,0.625,0.25,7.5,3.5,11.40175425099138,-1.0,33.0,1,1.422048600513436,2,0,239.0,220.0,5.333333333333333,0.6666666666666666,15420.973333333335,2,0.625,1,1.0,0
0100049552,SUNN llc,1,1,0,,30.44,21413.0,21413.0,21413.0,21413.0,21413.0,0.0,0.0,9.971800192718216,9.971800192718216,0,1,0,0,0.0,0.0,,,,,,0,0.0,0,0,35.0,,,,,1,1.0,1,1.0,0
0100049617,SUNRIS llc,1,1,0,,30.44,85299.7,85299.7,85299.7,85299.7,85299.7,0.0,0.0,11.353937939776696,11.353937939776696,1,0,1,0,1.0,0.0,2.0,2.0,0.0,2.0,2.0,1,0.0,1,0,324.0,302.0,2.0,1.0,85299.7,1,1.0,1,1.0,0
0100049661,PJ ESP ,2,2,60,60.0,1.0146666666666668,34850.0,17425.0,17425.0,17425.0,17425.0,0.0,0.0,10.458837110181584,9.765718622791232,2,0,2,0,1.0,0.0,2.5,2.5,2.1213203435596424,1.0,4.0,1,0.6,2,0,402.0,401.0,2.5,1.0,17425.0,1,1.0,1,1.0,0
0100049744,NUT ,1,1,0,,30.44,14208.6,14208.6,14208.6,14208.6,14208.6,0.0,0.0,9.56167307150424,9.56167307150424,1,0,1,0,1.0,0.0,9.0,9.0,0.0,9.0,9.0,1,0.0,1,0,378.0,359.0,9.0,1.0,14208.6,1,1.0,1,1.0,0
0100049850,ROADTOWN in,4,3,154,51.333333333333336,0.7906493506493506,130759.53,32689.8825,32919.79,30.18,64889.77,30574.831447654647,0.9352995211180294,11.78112291405722,10.394851495377118,4,0,1,1,0.25,0.5,-14.0,-3.0,25.560386016907756,-52.0,2.0,1,1.5811388300841895,0,1,217.0,157.0,-16.666666666666668,0.3333333333333333,26373.29333333333,1,1.0,1,1.0,0
0100049859,YAEGER corp,2,2,73,73.0,0.8339726027397261,527.64,263.82,263.82,202.89,324.75,86.1680323553927,0.326616755194423,6.270307670892558,5.57905034991161,2,0,0,1,0.0,0.5,-2.5,-2.5,3.5355339059327378,-5.0,0.0,1,1.0,0,2,207.0,192.0,-2.5,0.0,263.82,1,1.0,1,1.0,0
0100049962,MARKPOL foundation,1,1,0,,30.44,21565.98,21565.98,21565.98,21565.98,21565.98,0.0,0.0,9.978918720308853,9.978918720308853,0,1,0,0,0.0,0.0,,,,,,0,0.0,0,0,63.0,,,,,1,1.0,1,1.0,0
0100050034,PERKIN  llc,1,1,0,,30.44,9502.0,9502.0,9502.0,9502.0,9502.0,0.0,0.0,9.159362817211315,9.159362817211315,1,0,1,0,1.0,0.0,26.0,26.0,0.0,26.0,26.0,1,0.0,1,0,485.0,449.0,26.0,1.0,9502.0,1,1.0,1,1.0,0
0100050364,SING us,11,9,393,39.3,0.8520101781170485,95350.87,8668.26090909091,3475.69,2586.64,23920.13,8216.63349121458,0.9478987281747966,11.465329222792205,9.067538819207863,11,0,5,2,0.4545454545454545,0.3636363636363636,0.7272727272727273,0.0,2.195035721390843,-2.0,5.0,1,2.8777161083053344,1,0,87.0,70.0,1.0,0.6666666666666666,10290.503333333334,1,1.0,1,1.0,0
0100050377,GOLDEN trust,1,1,0,,30.44,5888.03,5888.03,5888.03,5888.03,5888.03,0.0,0.0,8.6808465771751,8.6808465771751,1,0,1,0,1.0,0.0,4.0,4.0,0.0,4.0,4.0,1,0.0,1,0,443.0,429.0,4.0,1.0,5888.03,1,1.0,1,1.0,0
0100050402,FAVAZZ corporation,1,1,0,,30.44,24736.14,24736.14,24736.14,24736.14,24736.14,0.0,0.0,10.11606103700048,10.11606103700048,1,0,1,0,1.0,0.0,10.0,10.0,0.0,10.0,10.0,1,0.0,1,0,449.0,429.0,10.0,1.0,24736.14,1,1.0,1,1.0,0
0100050556,Progres co,2,2,260,260.0,0.2341538461538461,15252.74,7626.37,7626.37,6688.9,8563.84,1325.7827883179057,0.1738419180183895,9.632579997869335,8.939498372853317,1,1,1,0,1.0,0.0,7.0,7.0,0.0,7.0,7.0,1,0.0,1,0,81.0,319.0,7.0,1.0,8563.84,1,1.0,1,1.0,0
0100050567,EXCEL PRI associates,4,4,212,70.66666666666667,0.5743396226415095,7946.01,1986.5025,1643.125,1365.93,3293.83,884.8354209069993,0.4454237640813436,8.980551036275866,7.594634104389331,4,0,3,1,0.75,0.0,4.0,3.5,3.915780041490244,0.0,9.0,1,0.8477912478906585,0,1,126.0,112.0,3.6666666666666665,0.6666666666666666,2068.67,1,1.0,1,1.0,0
0100050703,CHENE ,10,6,371,41.22222222222222,0.8204851752021565,189671.07,18967.107,20228.015,8639.83,24843.0,5225.201363688293,0.2754875249919923,12.153051912611016,9.850514268809045,9,1,5,1,0.5555555555555556,0.3333333333333333,2.111111111111111,1.0,4.013864859597431,-2.0,9.0,1,1.7925669858869897,0,2,84.0,88.0,0.0,0.3333333333333333,18492.006666666664,1,1.0,1,1.0,0
0100050718,RICH foundation,1,1,0,,30.44,7006.54,7006.54,7006.54,7006.54,7006.54,0.0,0.0,8.85474199119247,8.85474199119247,1,0,1,0,1.0,0.0,1.0,1.0,0.0,1.0,1.0,1,0.0,1,0,473.0,472.0,1.0,1.0,7006.54,1,1.0,1,1.0,0
0100050962,HIGHLAN llc,5,4,229,57.25,0.6646288209606988,30150.0,6030.0,6082.0,5718.0,6256.0,244.47085715888508,0.0405424307062827,10.313973369101156,8.704668113450987,5,0,4,0,0.8,0.2,7.0,8.0,7.071067811865476,-3.0,16.0,1,0.9035079029052512,4,0,108.0,74.0,10.0,1.0,6198.0,1,1.0,1,1.0,0
0100051489,G&K associates,3,2,23,11.5,3.970434782608696,42526.8,14175.6,15136.8,8250.0,19140.0,5508.262346693375,0.3885734887195868,10.657913258717866,9.559347997005617,0,3,0,0,0.0,0.0,,,,,,0,0.0,0,0,43.0,,,,,1,1.0,1,1.0,0
0100051582,UPST corp,1,1,0,,30.44,8883.2,8883.2,8883.2,8883.2,8883.2,0.0,0.0,9.092029697142728,9.092029697142728,1,0,1,0,1.0,0.0,6.0,6.0,0.0,6.0,6.0,1,0.0,1,0,88.0,72.0,6.0,1.0,8883.2,1,1.0,1,1.0,0
0100051641,VIT ,3,2,56,28.0,1.6307142857142858,33223.740000000005,11074.580000000002,160.11,30.65,33032.98,19016.64239272801,1.71714343954606,10.411050058118173,9.312497963745226,3,0,1,0,0.3333333333333333,0.6666666666666666,-19.0,-32.0,24.269322199023197,-34.0,9.0,1,1.0429378208913578,0,2,420.0,389.0,-19.0,0.3333333333333333,11074.580000000002,2,0.6666666666666666,1,1.0,0
0100051668,TR corporation,1,1,0,,30.44,2488.1,2488.1,2488.1,2488.1,2488.1,0.0,0.0,7.81967647833835,7.81967647833835,1,0,0,0,0.0,1.0,-8.0,-8.0,0.0,-8.0,-8.0,1,0.0,0,1,457.0,375.0,-8.0,0.0,2488.1,1,1.0,1,1.0,0
0100051674,FLAGS corporation,2,1,0,0.0,60.88,9506.38,4753.1900000000005,4753.1900000000005,4452.63,5053.75,425.0560283068573,0.089425423411826,9.159823618108248,8.466781613465638,2,0,2,0,1.0,0.0,3.0,3.0,0.0,3.0,3.0,1,0.0,2,0,385.0,372.0,3.0,1.0,4753.1900000000005,1,1.0,1,1.0,0
0100051976,PIO associates,3,2,12,6.0,7.61,692786.29,230928.7633333333,276682.65,139070.61,277033.03,79551.687234739,0.3444858322820115,13.44847829021912,12.349868888435832,3,0,2,1,0.6666666666666666,0.0,1.3333333333333333,1.0,1.5275252316519468,0.0,3.0,1,0.9354143466934852,0,1,471.0,471.0,1.3333333333333333,0.6666666666666666,230928.7633333333,1,1.0,1,1.0,0
0100052024,CPG associates,3,3,336,168.0,0.2717857142857143,95852.49,31950.83,34932.73,16410.4,44509.36,14284.84105539505,0.4470882620387342,11.47057615886987,10.37198473516072,2,1,1,0,0.5,0.5,4.5,4.5,12.020815280171307,-4.0,13.0,1,1.8888888888888888,1,0,66.0,185.0,4.5,0.5,30459.88,2,0.6666666666666666,1,1.0,0
0100052112,RUCKER'S in,1,1,0,,30.44,27475.2,27475.2,27475.2,27475.2,27475.2,0.0,0.0,10.221075454387204,10.221075454387204,1,0,0,0,0.0,1.0,-4.0,-4.0,0.0,-4.0,-4.0,1,0.0,0,1,415.0,409.0,-4.0,0.0,27475.2,1,1.0,1,1.0,0
0100052167,FRESH  corp,2,2,21,21.0,2.8990476190476198,41809.8,20904.9,20904.9,18871.4,22938.4,2875.8032790856887,0.1375659907048437,10.64090995834598,9.947786694765416,1,1,0,1,0.0,0.0,0.0,0.0,0.0,0.0,0.0,1,0.0,0,1,73.0,94.0,0.0,0.0,22938.4,1,1.0,1,1.0,0
0100052318,PRATT' co,2,2,322,322.0,0.1890683229813664,7253.84,3626.92,3626.92,3373.05,3880.79,359.0263970796575,0.0989893344985986,8.88942411131907,8.196414760275259,2,0,1,0,0.5,0.5,7.0,7.0,12.727922061357855,-2.0,16.0,1,1.2857142857142858,0,1,178.0,150.0,7.0,0.5,3626.92,1,1.0,1,1.0,0
0100052692,ATLANT us,1,1,0,,30.44,4460.8,4460.8,4460.8,4460.8,4460.8,0.0,0.0,8.40330755103855,8.40330755103855,1,0,1,0,1.0,0.0,32.0,32.0,0.0,32.0,32.0,1,0.0,1,0,127.0,95.0,32.0,1.0,4460.8,1,1.0,1,1.0,0
0100052782,NES systems,1,1,0,,30.44,52416.0,52416.0,52416.0,52416.0,52416.0,0.0,0.0,10.866986245174834,10.866986245174834,1,0,0,0,0.0,1.0,-1.0,-1.0,0.0,-1.0,-1.0,1,0.0,0,1,477.0,388.0,-1.0,0.0,52416.0,1,1.0,1,1.0,0
0100052815,KETTL associates,2,2,53,53.0,1.148679245283019,178321.5,89160.75,89160.75,88123.95,90197.55,1466.256621468429,0.0164450907094032,12.091348987701268,11.398207414942895,2,0,2,0,1.0,0.0,5.0,5.0,1.4142135623730951,4.0,6.0,1,0.2,2,0,214.0,198.0,5.0,1.0,89160.75,1,1.0,1,1.0,0
0100052927,BARB associates,3,3,161,80.5,0.5672049689440993,3252.12,1084.04,1250.73,750.32,1251.07,289.01004774920887,0.2666045973849755,8.087369814818484,6.989372131654459,3,0,1,0,0.3333333333333333,0.6666666666666666,-3.333333333333333,-7.0,9.073771725877467,-10.0,7.0,1,2.222611077089287,0,1,273.0,265.0,-3.333333333333333,0.3333333333333333,1084.04,1,1.0,1,1.0,0
0100052930,OLAM systems,1,1,0,,30.44,73633.62,73633.62,73633.62,73633.62,73633.62,0.0,0.0,11.206870574557552,11.206870574557552,1,0,1,0,1.0,0.0,18.0,18.0,0.0,18.0,18.0,1,0.0,1,0,211.0,178.0,18.0,1.0,73633.62,1,1.0,1,1.0,0
0100053090,KMART systems,1,1,0,,30.44,2089.3,2089.3,2089.3,2089.3,2089.3,0.0,0.0,7.645062875327737,7.645062875327737,1,0,0,0,0.0,1.0,-15.0,-15.0,0.0,-15.0,-15.0,1,0.0,0,1,297.0,297.0,-15.0,0.0,2089.3,1,1.0,1,1.0,0
0100053107,VANNE systems,1,1,0,,30.44,2629.2,2629.2,2629.2,2629.2,2629.2,0.0,0.0,7.874815167907864,7.874815167907864,1,0,1,0,1.0,0.0,13.0,13.0,0.0,13.0,13.0,1,0.0,1,0,224.0,196.0,13.0,1.0,2629.2,1,1.0,1,1.0,0
0100053298,GLOBA llc,1,1,0,,30.44,9218.5,9218.5,9218.5,9218.5,9218.5,0.0,0.0,9.12907608514522,9.12907608514522,0,1,0,0,0.0,0.0,,,,,,0,0.0,0,0,71.0,,,,,1,1.0,1,1.0,0
0100053411,ELLIOT systems,1,1,0,,30.44,4808.4,4808.4,4808.4,4808.4,4808.4,0.0,0.0,8.47832761519437,8.47832761519437,1,0,1,0,1.0,0.0,9.0,9.0,0.0,9.0,9.0,1,0.0,1,0,88.0,67.0,9.0,1.0,4808.4,1,1.0,1,1.0,0
0100053505,CW R corp,1,1,0,,30.44,47982.0,47982.0,47982.0,47982.0,47982.0,0.0,0.0,10.778602060491536,10.778602060491536,0,1,0,0,0.0,0.0,,,,,,0,0.0,0,0,77.0,,,,,1,1.0,1,1.0,0
0100053554,SYSTEMS systems,4,3,77,25.666666666666668,1.5812987012987012,27280.8,6820.2,6346.575,5683.5,8904.15,1475.6034985727024,0.2163578045471837,10.213975092185349,8.827790688438759,3,1,3,0,1.0,0.0,1.3333333333333333,1.0,0.5773502691896257,1.0,2.0,1,0.3535533905932738,3,0,55.0,73.0,1.3333333333333333,1.0,6820.2,1,1.0,1,1.0,0
0100053562,DISTRI systems,1,1,0,,30.44,40370.06,40370.06,40370.06,40370.06,40370.06,0.0,0.0,10.6058684706239,10.6058684706239,1,0,1,0,1.0,0.0,44.0,44.0,0.0,44.0,44.0,1,0.0,1,0,109.0,35.0,44.0,1.0,40370.06,1,1.0,1,1.0,0
0100053656,REST llc,1,1,0,,30.44,67449.2,67449.2,67449.2,67449.2,67449.2,0.0,0.0,11.119144826790883,11.119144826790883,1,0,0,0,0.0,1.0,-4.0,-4.0,0.0,-4.0,-4.0,1,0.0,0,1,251.0,240.0,-4.0,0.0,67449.2,1,1.0,1,1.0,0
0100053714,CALC trust,2,2,112,112.0,0.5435714285714286,10980.89,5490.445,5490.445,4059.96,6920.93,2023.011287771277,0.3684603502578165,9.304002831398195,8.610946705699778,2,0,2,0,1.0,0.0,14.5,14.5,14.849242404917495,4.0,25.0,1,0.7241379310344828,2,0,308.0,273.0,14.5,1.0,5490.445,1,1.0,1,1.0,0
0100053763,MASSY D co,5,4,351,87.75,0.4336182336182336,157449.57,31489.914,27019.11,4563.0,64684.39,22691.624047051588,0.7205997465427053,11.966866846719508,10.35745433876118,4,1,1,0,0.25,0.75,1.25,-1.0,5.188127472091127,-2.0,9.0,1,3.594440151122286,1,0,43.0,79.0,2.0,0.3333333333333333,29400.72666666667,1,1.0,1,1.0,0
0100053884,CAR co,1,1,0,,30.44,1186.92,1186.92,1186.92,1186.92,1186.92,0.0,0.0,7.079959157587807,7.079959157587807,0,1,0,0,0.0,0.0,,,,,,0,0.0,0,0,23.0,,,,,1,1.0,1,1.0,0
0100053918,A LA CAR corp,1,1,0,,30.44,2750.69,2750.69,2750.69,2750.69,2750.69,0.0,0.0,7.9199705473594335,7.9199705473594335,1,0,0,0,0.0,1.0,-8.0,-8.0,0.0,-8.0,-8.0,1,0.0,0,1,431.0,424.0,-8.0,0.0,2750.69,1,1.0,1,1.0,0
0100053926,CALD corporation,6,5,336,67.2,0.5435714285714286,138304.22,23050.70333333333,15174.8,2057.52,52910.0,21051.353598627968,0.9132629618370848,11.837218260975268,10.04549494301918,6,0,3,1,0.5,0.3333333333333333,0.1666666666666666,0.5,1.940790217067952,-2.0,3.0,1,10.63014581273465,0,2,93.0,35.0,-1.0,0.3333333333333333,36345.46666666667,1,1.0,1,1.0,0
0100054178,ROUNDY in,3,3,357,178.5,0.2557983193277311,28733.41,9577.803333333331,5618.48,5178.83,17936.1,7241.834395140041,0.7561059820404235,10.265850638279334,9.167307950149404,2,1,2,0,1.0,0.0,24.5,24.5,2.1213203435596424,23.0,26.0,1,0.0612244897959183,2,0,79.0,367.0,24.5,1.0,11557.465,1,1.0,1,1.0,0
0100054194,MONOGR corp,3,3,105,52.5,0.8697142857142858,100582.25,33527.416666666664,25802.18,22545.33,52234.74,16282.651126399329,0.4856518260348917,11.51874102179091,10.420148616951533,3,0,2,0,0.6666666666666666,0.3333333333333333,-9.0,2.0,27.2213151776324,-40.0,11.0,1,2.469567863432541,0,1,203.0,191.0,-9.0,0.6666666666666666,33527.416666666664,1,1.0,1,1.0,0
0100054231,SUPERI systems,4,3,237,79.0,0.5137552742616034,107827.2,26956.8,26956.8,26956.8,26956.8,0.0,0.0,11.588294498794196,10.2020279593227,4,0,4,0,1.0,0.0,5.25,4.0,3.2015621187164243,3.0,10.0,1,0.5281207860194961,4,0,221.0,196.0,6.0,1.0,26956.8,2,0.5,1,1.0,0
0100054234,11078 us,1,1,0,,30.44,10258.5,10258.5,10258.5,10258.5,10258.5,0.0,0.0,9.235959384593802,9.235959384593802,1,0,1,0,1.0,0.0,17.0,17.0,0.0,17.0,17.0,1,0.0,1,0,414.0,386.0,17.0,1.0,10258.5,1,1.0,1,1.0,0
0100054348,PSC N systems,1,1,0,,30.44,1015.2,1015.2,1015.2,1015.2,1015.2,0.0,0.0,6.923825459159632,6.923825459159632,1,0,0,1,0.0,0.0,0.0,0.0,0.0,0.0,0.0,1,0.0,0,1,273.0,260.0,0.0,0.0,1015.2,1,1.0,1,1.0,0
0100054351,UNF corp,1,1,0,,30.44,5964.0,5964.0,5964.0,5964.0,5964.0,0.0,0.0,8.693664334532016,8.693664334532016,1,0,1,0,1.0,0.0,39.0,39.0,0.0,39.0,39.0,1,0.0,1,0,420.0,386.0,39.0,1.0,5964.0,1,1.0,1,1.0,0
0100054380,IMLE us,1,1,0,,30.44,20568.96,20568.96,20568.96,20568.96,20568.96,0.0,0.0,9.931587038065627,9.931587038065627,0,1,0,0,0.0,0.0,,,,,,0,0.0,0,0,73.0,,,,,1,1.0,1,1.0,0
0100054539,DAKO foundation,4,3,72,24.0,1.691111111111111,298760.67000000004,74690.16750000001,79011.31,1646.1,139091.95,57009.02592718886,0.7632735048718273,12.607401444226436,11.221117124504886,4,0,3,0,0.75,0.25,0.25,4.0,10.626225419530051,-15.0,8.0,1,36.81032463861192,2,0,282.0,259.0,0.0,0.6666666666666666,53222.90666666668,1,1.0,1,1.0,0
0100054709,ASTR co,3,3,306,153.0,0.2984313725490196,118147.41,39382.47,58094.82,324.81,59727.78,33834.778602749866,0.8591329747156505,11.679696825055183,10.581101464105968,3,0,3,0,1.0,0.0,32.0,28.0,25.238858928247925,9.0,59.0,1,0.6439825631697389,3,0,100.0,42.0,32.0,1.0,39382.47,2,0.6666666666666666,1,1.0,0
0100054867,CTI A trust,10,6,359,39.888888888888886,0.8479108635097494,778089.08,77808.908,85619.59,9216.24,98338.05,26872.84862205296,0.345369820921442,13.564597580519768,11.262024054242971,8,2,1,1,0.125,0.75,-1.5,-1.5,3.1622776601683795,-5.0,5.0,1,1.9720265943665387,0,4,63.0,72.0,-1.6666666666666667,0.0,68204.18,1,1.0,1,1.0,0
0100054980,SARA LE foundation,7,5,180,30.0,1.1837777777777778,350900.82,50128.688571428575,46357.3,36912.0,59067.0,8784.449783436312,0.1752379731801543,12.768261748220723,10.822368697819114,6,1,0,0,0.0,1.0,-24.5,-24.0,3.5637059362410923,-30.0,-20.0,1,0.1327838183397492,0,6,62.0,119.0,-25.33333333333333,0.0,54364.75333333333,1,1.0,1,1.0,0
0100054993,CENTRAL  llc,1,1,0,,30.44,38029.32,38029.32,38029.32,38029.32,38029.32,0.0,0.0,10.54613901529658,10.54613901529658,1,0,0,0,0.0,1.0,-3.0,-3.0,0.0,-3.0,-3.0,1,0.0,0,1,330.0,323.0,-3.0,0.0,38029.32,1,1.0,1,1.0,0
0100055068,WALT co,1,1,0,,30.44,27972.04,27972.04,27972.04,27972.04,27972.04,0.0,0.0,10.238996468169775,10.238996468169775,1,0,1,0,1.0,0.0,32.0,32.0,0.0,32.0,32.0,1,0.0,1,0,294.0,241.0,32.0,1.0,27972.04,1,1.0,1,1.0,0
0100055112,CFA llc,1,1,0,,30.44,16188.92,16188.92,16188.92,16188.92,16188.92,0.0,0.0,9.692144105337668,9.692144105337668,1,0,1,0,1.0,0.0,12.0,12.0,0.0,12.0,12.0,1,0.0,1,0,413.0,386.0,12.0,1.0,16188.92,1,1.0,1,1.0,0
0100055160,PREF systems,1,1,0,,30.44,17776.5,17776.5,17776.5,17776.5,17776.5,0.0,0.0,9.785688891757673,9.785688891757673,1,0,0,0,0.0,1.0,-21.0,-21.0,0.0,-21.0,-21.0,1,0.0,0,1,113.0,102.0,-21.0,0.0,17776.5,1,1.0,1,1.0,0
0100055394,F.I associates,1,1,0,,30.44,10002.34,10002.34,10002.34,10002.34,10002.34,0.0,0.0,9.2106743162106,9.2106743162106,1,0,1,0,1.0,0.0,1.0,1.0,0.0,1.0,1.0,1,0.0,1,0,235.0,234.0,1.0,1.0,10002.34,1,1.0,1,1.0,0
0100055500,ATLAS W foundation,2,1,0,0.0,60.88,40818.51,20409.255,20409.255,20056.04,20762.47,499.521443433613,0.0244752414252069,10.61691543237214,9.923792749601391,2,0,1,0,0.5,0.5,-4.5,-4.5,9.192388155425116,-11.0,2.0,1,1.4444444444444444,1,0,344.0,329.0,-4.5,0.5,20409.255,1,1.0,1,1.0,0
0100055548,QUALIT corp,1,1,0,,30.44,28911.96,28911.96,28911.96,28911.96,28911.96,0.0,0.0,10.272045216486628,10.272045216486628,1,0,0,0,0.0,1.0,-15.0,-15.0,0.0,-15.0,-15.0,1,0.0,0,1,177.0,177.0,-15.0,0.0,28911.96,1,1.0,1,1.0,0
0100055606,ALVARE trust,1,1,0,,30.44,17846.5,17846.5,17846.5,17846.5,17846.5,0.0,0.0,9.789618721376616,9.789618721376616,1,0,1,0,1.0,0.0,9.0,9.0,0.0,9.0,9.0,1,0.0,1,0,243.0,204.0,9.0,1.0,17846.5,1,1.0,1,1.0,0
0100056054,ACTIVE M co,1,1,0,,30.44,5376.0,5376.0,5376.0,5376.0,5376.0,0.0,0.0,8.589885876809678,8.589885876809678,1,0,1,0,1.0,0.0,17.0,17.0,0.0,17.0,17.0,1,0.0,1,0,86.0,58.0,17.0,1.0,5376.0,1,1.0,1,1.0,0
0100056244,DUKE SA in,5,4,180,45.0,0.8455555555555556,287100.0,57420.0,57420.0,57420.0,57420.0,0.0,0.0,12.56758934921002,10.958165369058063,5,0,3,1,0.6,0.2,4.2,1.0,8.34865258589672,-1.0,19.0,1,1.7779194954851876,2,0,121.0,59.0,6.666666666666667,0.6666666666666666,57420.0,1,1.0,1,1.0,0
0100056666,KGL FOO ,2,2,78,78.0,0.7805128205128206,58849.82,29424.91,29424.91,22689.58,36160.24,9525.195033058377,0.3237119513044687,10.982761046321173,10.289630857733538,1,1,0,1,0.0,0.0,0.0,0.0,0.0,0.0,0.0,1,0.0,0,1,38.0,116.0,0.0,0.0,22689.58,1,1.0,1,1.0,0
0100056693,SO llc,1,1,0,,30.44,35816.25,35816.25,35816.25,35816.25,35816.25,0.0,0.0,10.486184899914871,10.486184899914871,1,0,1,0,1.0,0.0,26.0,26.0,0.0,26.0,26.0,1,0.0,1,0,226.0,185.0,26.0,1.0,35816.25,1,1.0,1,1.0,0
0100056974,STUF corp,1,1,0,,30.44,5102.0,5102.0,5102.0,5102.0,5102.0,0.0,0.0,8.537583881063972,8.537583881063972,0,1,0,0,0.0,0.0,,,,,,0,0.0,0,0,70.0,,,,,1,1.0,1,1.0,0
0100057168,CO ,4,3,154,51.333333333333336,0.7906493506493506,235948.74,58987.185,72015.91,42.66,91874.26,41031.83093560534,0.6956058495689419,12.371374095225551,10.985092448597012,2,2,0,2,0.0,0.0,0.0,0.0,0.0,0.0,0.0,1,0.0,0,2,36.0,148.0,0.0,0.0,77538.81999999999,2,0.75,1,1.0,0
0100057698,PACK corp,1,1,0,,30.44,4990.74,4990.74,4990.74,4990.74,4990.74,0.0,0.0,8.515539825359546,8.515539825359546,1,0,1,0,1.0,0.0,21.0,21.0,0.0,21.0,21.0,1,0.0,1,0,106.0,85.0,21.0,1.0,4990.74,1,1.0,1,1.0,0
0100058003,ING co,1,1,0,,30.44,2374.48,2374.48,2374.48,2374.48,2374.48,0.0,0.0,7.772954801311382,7.772954801311382,0,1,0,0,0.0,0.0,,,,,,0,0.0,0,0,79.0,,,,,1,1.0,1,1.0,0
0100058011,SPLASH foundation,1,1,0,,30.44,5955.46,5955.46,5955.46,5955.46,5955.46,0.0,0.0,8.692231623863892,8.692231623863892,1,0,0,0,0.0,1.0,-17.0,-17.0,0.0,-17.0,-17.0,1,0.0,0,1,177.0,162.0,-17.0,0.0,5955.46,1,1.0,1,1.0,0
0100058018,SOUTH  trust,1,1,0,,30.44,4887.5,4887.5,4887.5,4887.5,4887.5,0.0,0.0,8.494640786945727,8.494640786945727,1,0,0,0,0.0,1.0,-12.0,-12.0,0.0,-12.0,-12.0,1,0.0,0,1,450.0,430.0,-12.0,0.0,4887.5,1,1.0,1,1.0,0
0100058031,R&G  in,1,1,0,,30.44,13870.11,13870.11,13870.11,13870.11,13870.11,0.0,0.0,9.537563538945962,9.537563538945962,1,0,0,0,0.0,1.0,-9.0,-9.0,0.0,-9.0,-9.0,1,0.0,0,1,421.0,410.0,-9.0,0.0,13870.11,1,1.0,1,1.0,0
0100058035,BEEF co,1,1,0,,30.44,88394.08,88394.08,88394.08,88394.08,88394.08,0.0,0.0,11.38957159096828,11.38957159096828,1,0,0,0,0.0,1.0,-14.0,-14.0,0.0,-14.0,-14.0,1,0.0,0,1,501.0,500.0,-14.0,0.0,88394.08,1,1.0,1,1.0,0
0100058041,OREGON ,2,2,50,50.0,1.2176,8482.86,4241.43,4241.43,4155.87,4326.99,121.00011239664194,0.0285281408385006,9.045920813898254,8.352891497266898,2,0,1,0,0.5,0.5,4.5,4.5,9.192388155425116,-2.0,11.0,1,1.4444444444444444,0,1,132.0,119.0,4.5,0.5,4241.43,1,1.0,1,1.0,0
0100058044,INGRED foundation,2,2,34,34.0,1.7905882352941176,36617.32,18308.66,18308.66,15947.02,20670.3,3339.8633174427955,0.1824198667429946,10.50830394060596,9.815184068408218,2,0,0,0,0.0,1.0,-10.5,-10.5,2.1213203435596424,-12.0,-9.0,1,0.1428571428571428,0,2,470.0,464.0,-10.5,0.0,18308.66,1,1.0,1,1.0,0
0100058048,THERM systems,2,1,6,6.0,10.146666666666668,22564.76,11282.38,11282.38,7051.09,15513.67,5983.947704333654,0.5303799113603382,10.024188992172544,9.331086125557407,2,0,2,0,1.0,0.0,44.0,44.0,35.35533905932738,19.0,69.0,1,0.5681818181818182,2,0,494.0,410.0,44.0,1.0,11282.38,1,1.0,1,1.0,0
0100058056,SIMPLO ,4,4,316,105.33333333333331,0.3853164556962025,996367.77,249091.9425,171346.0,30.97,653644.8,281559.37384313083,1.1303431617147983,13.811872719044764,12.42558136885373,2,2,1,0,0.5,0.5,-1.5,-1.5,19.091883092036785,-15.0,12.0,1,9.0,1,0,14.0,226.0,-1.5,0.5,83348.685,1,1.0,1,1.0,0
0100058075,K&S  trust,1,1,0,,30.44,40348.75,40348.75,40348.75,40348.75,40348.75,0.0,0.0,10.605340477892035,10.605340477892035,1,0,0,0,0.0,1.0,-12.0,-12.0,0.0,-12.0,-12.0,1,0.0,0,1,203.0,200.0,-12.0,0.0,40348.75,1,1.0,1,1.0,0
0100058365,REND associates,1,1,0,,30.44,57329.31,57329.31,57329.31,57329.31,57329.31,0.0,0.0,10.95658473317893,10.95658473317893,1,0,0,0,0.0,1.0,-14.0,-14.0,0.0,-14.0,-14.0,1,0.0,0,1,101.0,85.0,-14.0,0.0,57329.31,1,1.0,1,1.0,0
0100058619,GREEN  us,1,1,0,,30.44,41373.26,41373.26,41373.26,41373.26,41373.26,0.0,0.0,10.630414227323048,10.630414227323048,1,0,0,1,0.0,0.0,0.0,0.0,0.0,0.0,0.0,1,0.0,0,1,102.0,67.0,0.0,0.0,41373.26,1,1.0,1,1.0,0
0100059208,ARMADA W corp,1,1,0,,30.44,80839.0,80839.0,80839.0,80839.0,80839.0,0.0,0.0,11.300227171517555,11.300227171517555,0,1,0,0,0.0,0.0,,,,,,0,0.0,0,0,51.0,,,,,1,1.0,1,1.0,0
0140049310,H T  corp,2,1,16,16.0,3.805,15605.2,7802.6,7802.6,6890.87,8714.33,1289.380931222422,0.16525016420455,9.655423550178336,8.962340444663106,2,0,1,1,0.5,0.0,2.5,2.5,3.5355339059327378,0.0,5.0,1,1.0,1,0,210.0,190.0,2.5,0.5,7802.6,1,1.0,1,1.0,0
0140101555,ASSOCIA ,7,5,394,65.66666666666667,0.5408121827411168,594884.4,84983.48571428572,102263.71,2833.92,130097.46,41372.09054859965,0.4868250601969013,13.296124060935018,11.350223997805063,7,0,7,0,1.0,0.0,11.142857142857142,11.0,2.4784787961282104,7.0,14.0,1,0.2059279282590898,7,0,112.0,71.0,11.666666666666666,1.0,106523.07333333336,1,1.0,1,1.0,0
0140101577,PRIC corporation,1,1,0,,30.44,7965.69,7965.69,7965.69,7965.69,7965.69,0.0,0.0,8.983024378117497,8.983024378117497,1,0,1,0,1.0,0.0,4.0,4.0,0.0,4.0,4.0,1,0.0,1,0,350.0,316.0,4.0,1.0,7965.69,1,1.0,1,1.0,0
0140101584,DICK in,13,8,343,28.58333333333333,1.1537026239067056,83727.35,6440.5653846153855,3201.28,220.74,37119.3,9618.53615342932,1.4934304023067868,11.335332908805812,8.770526861706397,13,0,6,2,0.4615384615384615,0.3846153846153846,-2.6923076923076925,0.0,10.71124498976516,-37.0,6.0,1,3.822383058367902,3,0,119.0,72.0,2.0,1.0,6430.75,1,1.0,1,1.0,0
0140101591,TOUC llc,5,5,341,85.25,0.4463343108504399,121346.31,24269.262,18472.03,8518.0,48523.91,17542.077282510472,0.7228104951238514,11.706412043624336,10.097007093882816,5,0,3,1,0.6,0.2,3.2,6.0,4.43846820423443,-3.0,7.0,1,1.2405895775799505,0,1,89.0,59.0,1.0,0.3333333333333333,25515.76,1,1.0,1,1.0,0
0140101595,SOUTHE co,1,1,0,,30.44,26760.2,26760.2,26760.2,26760.2,26760.2,0.0,0.0,10.194708356286071,10.194708356286071,1,0,0,0,0.0,1.0,-2.0,-2.0,0.0,-2.0,-2.0,1,0.0,0,1,387.0,359.0,-2.0,0.0,26760.2,1,1.0,1,1.0,0
0140101682,SUPERVAL corp,7,6,406,67.66666666666667,0.5248275862068966,47973.95,6853.421428571428,3474.91,1565.26,13182.92,5361.810832481345,0.7823553371646366,10.778434278665872,8.832649187058989,6,1,6,0,1.0,0.0,12.166666666666666,12.0,3.816630276391292,8.0,18.0,1,0.2863636295940668,6,0,74.0,71.0,13.666666666666666,1.0,5251.843333333333,1,1.0,1,1.0,0
0140101772,CHIHAD co,5,4,325,81.25,0.4683076923076923,21233.47,4246.694,1822.7,1386.72,9594.45,3822.503385672798,0.9001127431533323,9.963381083641451,8.354131526428905,5,0,4,0,0.8,0.2,5.8,5.0,6.457553716385175,-2.0,16.0,1,0.995829591599562,4,0,102.0,67.0,5.0,1.0,6001.936666666667,1,1.0,1,1.0,0
0140101904,SIGMA AL us,6,6,404,80.8,0.4520792079207921,274298.56,45716.426666666666,43445.96000000001,40727.88,60354.74,7351.667915771677,0.1608102043796003,12.521976072841287,10.73023483169362,6,0,1,0,0.1666666666666666,0.8333333333333334,-7.166666666666667,-6.5,14.246637030073682,-28.0,15.0,1,1.8146987139441304,0,2,94.0,79.0,-2.333333333333333,0.3333333333333333,48892.91999999999,1,1.0,1,1.0,0
0140102142,M K  corp,2,2,120,120.0,0.5073333333333334,300211.08,150105.54,150105.54,114285.48,185925.6,50657.21465701801,0.3374773153410461,12.612244437212004,11.919100587625064,2,0,0,0,0.0,1.0,-5.5,-5.5,3.5355339059327378,-8.0,-3.0,1,0.4545454545454545,0,2,362.0,340.0,-5.5,0.0,150105.54,1,1.0,1,1.0,0
0140103278,COS associates,13,9,383,31.916666666666668,1.033211488250653,134076.42,10313.57076923077,8620.54,1996.47,21986.4,5944.384843047908,0.5763653516376914,11.80617267328734,9.241312812349742,12,1,11,0,0.9166666666666666,0.0833333333333333,1.6666666666666667,4.0,9.810322331219512,-28.0,10.0,1,5.635601121442149,8,0,84.0,25.0,4.0,1.0,12475.563333333334,1,1.0,1,1.0,0
0140103293,SUPERV associates,5,4,294,73.5,0.5176870748299319,86804.99999999999,17360.999999999996,19487.87,2357.52,35293.97,12373.44041931952,0.7127147295270734,11.37143102268342,9.762039188951752,4,1,1,0,0.25,0.75,-9.25,-12.5,12.093386622447824,-20.0,8.0,1,1.1322356792245087,0,2,50.0,113.0,-7.666666666666667,0.3333333333333333,10674.386666666667,1,1.0,1,1.0,0
0140103311,GLOBA associates,10,8,441,49.0,0.6902494331065759,242942.99,24294.299000000003,1401.535,283.5,131426.31,48591.73976180164,2.0001293209489863,12.40058620192774,10.098038153823335,9,1,3,2,0.3333333333333333,0.4444444444444444,-0.7777777777777778,0.0,2.438123139721299,-5.0,3.0,1,2.9554515522253144,0,6,55.0,102.0,-2.333333333333333,0.0,44615.5,1,1.0,1,1.0,0
0140103328,AUTO ,2,2,123,123.0,0.4949593495934959,2404.8,1202.4,1202.4,1122.24,1282.56,113.36335915982724,0.0942809041582063,7.785637767559972,7.092906162786251,1,1,0,0,0.0,1.0,-3.0,-3.0,0.0,-3.0,-3.0,1,0.0,0,1,48.0,144.0,-3.0,0.0,1282.56,1,1.0,1,1.0,0
0140103331,REY  corp,1,1,0,,30.44,892.04,892.04,892.04,892.04,892.04,0.0,0.0,6.794631372706477,6.794631372706477,1,0,0,1,0.0,0.0,0.0,0.0,0.0,0.0,0.0,1,0.0,0,1,480.0,450.0,0.0,0.0,892.04,1,1.0,1,1.0,0
0140103335,PARAM ,20,12,478,25.157894736842103,1.2736401673640168,146609.33000000002,7330.4665,6841.43,149.2,18649.18,6292.892493965147,0.8584573019964209,11.895533529799431,8.899930843082545,17,3,0,5,0.0,0.7058823529411765,-2.588235294117647,-1.0,2.450990196058824,-6.0,0.0,1,0.9186992241548972,0,17,31.0,79.0,-1.3333333333333333,0.0,7891.780000000002,1,1.0,1,1.0,0
0140103385,SUPER  trust,1,1,0,,30.44,38179.67,38179.67,38179.67,38179.67,38179.67,0.0,0.0,10.550084645580457,10.550084645580457,1,0,0,0,0.0,1.0,-6.0,-6.0,0.0,-6.0,-6.0,1,0.0,0,1,175.0,151.0,-6.0,0.0,38179.67,1,1.0,1,1.0,0
0140103392,SOLOM associates,3,3,242,121.0,0.3773553719008264,18971.34,6323.78,3606.31,3298.16,12066.87,4976.047745621017,0.78687869369602,9.850737407983845,8.752230530382096,3,0,1,1,0.3333333333333333,0.3333333333333333,-1.0,0.0,4.58257569495584,-6.0,3.0,1,3.741657386773941,0,2,215.0,191.0,-1.0,0.3333333333333333,6323.78,1,1.0,1,1.0,0
0140103400,FOST corporation,10,8,440,48.888888888888886,0.6918181818181819,37497.67,3749.767,2541.15,1193.4,10285.65,3182.801859944753,0.8487999014191423,10.532060744662878,8.2297156313837,6,4,0,0,0.0,1.0,-5.333333333333333,-5.5,2.422120283277993,-8.0,-1.0,1,0.414578098794425,0,6,40.0,151.0,-4.666666666666667,0.0,1986.4833333333336,1,1.0,1,1.0,0
0140103409,BUTTE corp,25,13,436,18.166666666666668,1.7454128440366974,168754.08,6750.163199999999,3266.7,379.94,26715.67,8160.7789622481905,1.208975060373087,12.036203711985372,8.817470094946094,20,5,1,0,0.05,0.95,-4.55,-5.0,3.605186322654161,-10.0,9.0,1,0.7722859266291913,0,15,53.0,70.0,-5.666666666666667,0.0,10736.136666666667,1,1.0,1,1.0,0
0140103413,SPANIS associates,1,1,0,,30.44,11164.29,11164.29,11164.29,11164.29,11164.29,0.0,0.0,9.320565137962912,9.320565137962912,1,0,0,0,0.0,1.0,-13.0,-13.0,0.0,-13.0,-13.0,1,0.0,0,1,483.0,466.0,-13.0,0.0,11164.29,1,1.0,1,1.0,0
0140103423,COS ,9,7,404,50.5,0.6781188118811882,43583.73,4842.636666666667,3973.28,3223.14,8548.83,1797.758623856384,0.3712354957849513,10.682462138634705,8.485421094978461,9,0,4,0,0.4444444444444444,0.5555555555555556,-1.0,-1.0,13.200378782444083,-14.0,27.0,1,12.445436468396313,2,0,95.0,58.0,2.333333333333333,0.6666666666666666,6470.9766666666665,1,1.0,1,1.0,0
0140103435,COST in,2,2,78,78.0,0.7805128205128206,5953.56,2976.78,2976.78,1984.52,3969.04,1403.2675494003274,0.4714045207910318,8.69191259157008,7.998933335431107,2,0,1,1,0.5,0.0,0.5,0.5,0.7071067811865476,0.0,1.0,1,1.0,0,1,390.0,360.0,0.5,0.5,2976.78,1,1.0,1,1.0,0
0140103461,SOLOM co,2,2,128,128.0,0.4756249999999999,9101.47,4550.735000000001,4550.735000000001,2298.17,6803.3,3185.607973126951,0.7000205402263482,9.1163010842463,8.423263757942824,2,0,2,0,1.0,0.0,9.5,9.5,7.7781745930520225,4.0,15.0,1,0.5789473684210527,2,0,102.0,57.0,9.5,1.0,4550.735000000001,1,1.0,1,1.0,0
0140103470,D'ALB associates,11,10,398,39.8,0.8413065326633166,504342.79,45849.34454545455,47665.0,380.7,114893.5,33898.23942292914,0.7393396734237452,13.131013437529216,10.733137992279158,10,1,3,0,0.3,0.7,0.1,-4.0,10.857153299911436,-7.0,30.0,1,103.0,0,7,67.0,88.0,-4.333333333333333,0.0,32587.97,1,1.0,1,1.0,0
0140103480,PRIC systems,33,12,431,13.46875,2.330672853828306,1407226.46,42643.22606060606,29796.63,3458.52,156546.0,37059.96936130985,0.8690704898508127,14.15713198614346,10.660647164167983,26,7,13,5,0.5,0.3076923076923077,-0.3846153846153846,0.5,4.11899913160392,-19.0,3.0,1,10.50142847426006,3,0,52.0,144.0,2.0,1.0,38047.02,1,1.0,1,1.0,0
0140103496,JAME in,1,1,0,,30.44,28324.32,28324.32,28324.32,28324.32,28324.32,0.0,0.0,10.251511383272817,10.251511383272817,0,1,0,0,0.0,0.0,,,,,,0,0.0,0,0,54.0,,,,,1,1.0,1,1.0,0
0140103499,CO corporation,3,3,377,188.5,0.2422281167108753,13298.29,4432.763333333333,5050.8,3153.22,5094.27,1108.3301704065148,0.2500314334564477,9.49546592932625,8.397004013319473,2,1,2,0,1.0,0.0,10.0,10.0,2.8284271247461903,8.0,12.0,1,0.2,2,0,75.0,343.0,10.0,1.0,4123.745,1,1.0,1,1.0,0
0140103551,NORTH corporation,3,3,336,168.0,0.2717857142857143,8107.099999999999,2702.3666666666663,3206.0,1491.2,3409.9,1053.8440697434005,0.3899707921735518,9.000618840993614,7.902253188821557,3,0,0,0,0.0,1.0,-2.6666666666666665,-2.0,1.1547005383792517,-4.0,-2.0,1,0.3535533905932738,0,3,98.0,70.0,-2.6666666666666665,0.0,2702.3666666666663,1,1.0,1,1.0,0
0140103592,COMERCI us,11,8,214,21.4,1.5646728971962618,451459.4,41041.76363636364,40709.2,37538.2,45198.4,2783.731064694552,0.0678267895443977,13.02024294035144,10.622369817644753,11,0,4,1,0.3636363636363636,0.5454545454545454,-2.636363636363636,-2.0,4.272533844751315,-9.0,3.0,1,1.5451970001660746,2,0,246.0,185.0,0.6666666666666666,0.6666666666666666,43494.1,1,1.0,1,1.0,0
0140103699,L&E IN ,4,4,404,134.66666666666666,0.3013861386138614,124651.67,31162.9175,33669.395000000004,20131.46,37181.42,7556.798894242522,0.2424933061624452,11.733286508698232,10.347016214161917,3,1,0,0,0.0,1.0,-2.333333333333333,-2.0,0.5773502691896258,-3.0,-2.0,1,0.2020305089104421,0,3,43.0,161.0,-2.333333333333333,0.0,29156.75,1,1.0,1,1.0,0
0140103713,PRIM corp,12,11,454,41.27272727272727,0.8045814977973569,266439.03,22203.2525,17980.89,919.1,65475.18,19219.07419182456,0.8655972449002487,12.492904469122816,10.00803910357029,9,3,5,0,0.5555555555555556,0.4444444444444444,-0.5555555555555556,1.0,8.931840671316175,-19.0,9.0,1,15.15783625719713,0,4,40.0,65.0,-8.0,0.0,29760.623333333333,1,1.0,1,1.0,0
0140103773,ETAK I corp,1,1,0,,30.44,2655.1,2655.1,2655.1,2655.1,2655.1,0.0,0.0,7.884614160489968,7.884614160489968,1,0,1,0,1.0,0.0,7.0,7.0,0.0,7.0,7.0,1,0.0,1,0,490.0,423.0,7.0,1.0,2655.1,1,1.0,1,1.0,0
0140103983,FACE foundation,7,7,404,67.33333333333333,0.5274257425742575,300604.42000000004,42943.48857142858,43781.81,7083.88,64809.98,17860.284767104014,0.4159020461832466,12.613553786743918,10.667663597209366,6,1,6,0,1.0,0.0,14.833333333333334,14.0,11.373946837693005,1.0,34.0,1,0.699973848412248,6,0,70.0,56.0,19.0,1.0,38548.363333333335,1,1.0,1,1.0,0
0140104146,CSU  associates,1,1,0,,30.44,2632.57,2632.57,2632.57,2632.57,2632.57,0.0,0.0,7.876095619166351,7.876095619166351,1,0,1,0,1.0,0.0,1.0,1.0,0.0,1.0,1.0,1,0.0,1,0,495.0,449.0,1.0,1.0,2632.57,1,1.0,1,1.0,0
0140104223,H Y LO corp,7,7,452,75.33333333333333,0.4714159292035398,334545.9,47792.27142857143,41514.65,8736.17,80024.18,28811.82211484112,0.6028552578402181,12.720532357989583,10.774640143478564,6,1,5,1,0.8333333333333334,0.0,3.0,3.0,2.449489742783178,0.0,7.0,1,0.7453559924999299,1,0,51.0,81.0,2.6666666666666665,0.6666666666666666,31967.626666666667,1,1.0,1,1.0,0
0140104225,SAVE-ON- co,63,17,491,7.919354838709677,3.905743380855397,5114696.72,81185.66222222222,94922.02,1162.74,302774.08,62180.47725497951,0.7659046628797395,15.447628858847388,11.304506254310873,46,17,27,1,0.5869565217391305,0.391304347826087,-0.0869565217391304,1.5,4.215453511685159,-8.0,8.0,1,47.94788837894741,2,0,14.0,85.0,0.3333333333333333,0.6666666666666666,73789.31,1,1.0,1,1.0,0
0140104229,A & W F corporation,31,13,486,16.2,1.9416460905349795,113000.19,3645.1674193548383,3075.3,1230.12,10763.55,2194.2778761785053,0.6019690246674246,11.635153628612478,8.20143187282257,26,5,10,6,0.3846153846153846,0.3846153846153846,0.5384615384615384,0.0,3.646705573317037,-8.0,7.0,1,6.640936742382548,1,0,12.0,70.0,0.6666666666666666,0.3333333333333333,1537.65,1,1.0,1,1.0,0
0140104234,DEALER associates,6,5,434,86.8,0.4208294930875576,15154.03,2525.6716666666666,2895.55,716.5,3635.41,1169.2556642311663,0.4629484028596353,9.62608776903465,7.83465816885817,3,3,3,0,1.0,0.0,5.0,5.0,4.0,1.0,9.0,1,0.6531972647421809,3,0,39.0,79.0,5.0,1.0,2622.47,1,1.0,1,1.0,0
0140104240,FEDER llc,62,16,451,7.39344262295082,4.1846563192904656,6026787.78,97206.25451612905,111870.77,36.9,269897.95,72890.13632885105,0.7498502713810117,15.611724886223062,11.48460062260308,48,14,20,3,0.4166666666666667,0.5208333333333334,1.4166666666666667,-1.0,9.675222430415449,-8.0,40.0,1,6.758052994525612,0,2,40.0,87.0,-2.6666666666666665,0.3333333333333333,104156.48,1,1.0,1,1.0,0
0140104249,SOB corporation,78,15,468,6.077922077922078,5.073333333333333,5806239.48,74438.96769230769,63310.645,1023.4,213843.58,58268.50422317373,0.7827688377413519,15.574443841930457,11.217748276746256,64,14,64,0,1.0,0.0,5.75,5.0,4.055175020198813,1.0,30.0,1,0.6997163886709166,64,0,38.0,60.0,10.666666666666666,1.0,88711.70666666667,1,1.0,1,1.0,0
0140104258,DAWN FOO foundation,1,1,0,,30.44,219.24,219.24,219.24,219.24,219.24,0.0,0.0,5.394717860834352,5.394717860834352,1,0,0,0,0.0,1.0,-8.0,-8.0,0.0,-8.0,-8.0,1,0.0,0,1,489.0,477.0,-8.0,0.0,219.24,1,1.0,1,1.0,0
0140104263,BAKEMAR associates,10,6,236,26.22222222222222,1.2898305084745765,86518.95000000001,8651.895,8098.75,304.82,23446.26,7103.039698800711,0.8209808023329814,11.368130302165763,9.065649226013296,10,0,9,0,0.9,0.1,5.1,4.0,4.067486256208427,-3.0,11.0,1,0.7566188777088133,1,0,216.0,190.0,2.333333333333333,0.6666666666666666,5867.356666666667,1,1.0,1,1.0,0
0140104265,SHOPPE co,4,4,279,93.0,0.436415770609319,76335.97,19083.9925,17906.22,13222.07,27301.46,5912.556524129389,0.3098175879145514,11.242912634654823,9.856657572200474,3,1,2,0,0.6666666666666666,0.3333333333333333,2.6666666666666665,4.0,3.214550253664318,-1.0,5.0,1,0.9842509842514764,0,1,81.0,260.0,2.6666666666666665,0.6666666666666666,21037.966666666667,1,1.0,1,1.0,0
0140104277,WALLA foundation,8,6,471,67.28571428571429,0.5170276008492569,140696.12,17587.015,14044.71,1997.0,46291.48,13874.281841524526,0.7888935013431515,11.85436477380983,9.774972983154557,7,1,5,1,0.7142857142857143,0.1428571428571428,5.428571428571429,5.0,5.061526214398936,-1.0,13.0,1,0.8632220772029855,0,1,33.0,161.0,1.0,0.3333333333333333,6790.983333333334,1,1.0,1,1.0,0
0140104285,BUY- corp,28,14,438,16.22222222222222,1.945936073059361,1175807.1700000002,41993.11321428572,36102.100000000006,110.0,103975.5,36843.67838377575,0.8773743017281659,13.977466273386774,10.64528472587733,23,5,12,4,0.5217391304347826,0.3043478260869565,0.782608695652174,1.0,4.166495385148819,-5.0,14.0,1,5.206833117271103,4,0,54.0,94.0,8.0,1.0,34827.340000000004,1,1.0,1,1.0,0
0140104331,CORE-M corp,14,11,435,33.46153846153846,0.9796781609195402,253295.72000000003,18092.55142857143,15697.76,1131.84,50085.61,13452.453279967394,0.743535445129288,12.44231688683368,9.80331087910846,13,1,0,0,0.0,1.0,-7.6923076923076925,-8.0,1.9741924671712985,-10.0,-2.0,1,0.246576560118759,0,13,23.0,85.0,-5.666666666666667,0.0,22736.976666666666,1,1.0,1,1.0,0
0140104340,COLABOR  co,103,18,490,4.803921568627451,6.39861224489796,2654658.25,25773.381067961163,9717.87,38.19,167220.96,36094.25023126281,1.400446846150562,14.791826861672012,10.157136295714642,90,13,72,3,0.8,0.1666666666666666,3.2888888888888888,4.0,4.972383156714546,-5.0,39.0,1,1.5034504993329458,4,0,18.0,78.0,3.6666666666666665,1.0,9525.776666666668,1,1.0,1,1.0,0
0140104392,FLANAG corporation,18,12,424,24.94117647058824,1.2922641509433963,186716.97,10373.165,5957.275,161.28,49560.22,12157.875757377942,1.1720507441439465,12.13735457556754,9.247073859932344,12,6,12,0,1.0,0.0,8.166666666666666,6.5,7.284271141343249,1.0,24.0,1,0.8539786103227625,12,0,14.0,151.0,6.0,1.0,5840.25,1,1.0,1,1.0,0
0140104409,LOB co,519,17,497,0.9594594594594594,31.787444668008053,54129993.63,104296.7121965318,85959.35,24.24,432154.68,83571.02595000014,0.8012814995790362,17.80689901956754,11.555004705911587,392,127,196,78,0.5,0.3010204081632653,1.3596938775510203,0.5,6.214882551057636,-17.0,62.0,1,4.564961603040733,0,1,10.0,28.0,-0.3333333333333333,0.6666666666666666,104065.16,2,0.9922928709055876,1,1.0,5
0140104423,METRO  llc,183,18,492,2.7032967032967035,11.32219512195122,19184749.61,104834.69732240436,70088.68,2115.21,388144.3,88195.75291131143,0.8412839943637916,16.76962628236056,11.560149616175517,137,46,47,23,0.3430656934306569,0.4890510948905109,0.5255474452554745,0.0,6.472884950916857,-10.0,56.0,1,12.271428725415918,0,3,16.0,78.0,-2.0,0.0,169824.04,1,1.0,1,1.0,3
0140104429,COSTCO ,405,17,495,1.2252475247524752,24.905454545454543,12473294.52,30798.258074074078,18617.28,44.18,193076.23,33291.92424499023,1.0809677665833743,16.339100558603572,10.335245880167443,337,68,255,46,0.7566765578635015,0.1068249258160237,4.287833827893175,4.0,7.69374361604593,-10.0,79.0,1,1.7916552725225252,12,0,10.0,60.0,12.0,1.0,26953.643333333337,1,1.0,1,1.0,3
0140104432,MAYR associates,5,5,406,101.5,0.3748768472906404,42343.64,8468.728,9491.64,1977.3,14648.23,4664.8077438807695,0.5508274375893015,10.653597127725511,9.044253673789251,4,1,4,0,1.0,0.0,6.75,5.0,5.737304826019502,2.0,15.0,1,0.7360965523833997,4,0,72.0,86.0,7.666666666666667,1.0,10202.413333333332,1,1.0,1,1.0,0
0140104440,SO associates,288,17,484,1.686411149825784,18.11305785123967,33830543.64,117467.16541666668,91640.405,1129.29,430623.33,95125.18254451596,0.8098023154563943,17.33687463994743,11.673922643233364,217,71,214,0,0.9861751152073732,0.0138248847926267,5.686635944700461,5.0,4.283198897717184,-5.0,41.0,1,0.7514668463321673,116,0,17.0,67.0,10.666666666666666,1.0,102394.20333333332,1,1.0,1,1.0,3
0140104472,MARTIN co,48,16,483,10.27659574468085,3.0250931677018635,494966.69,10311.806041666665,5472.31,579.88,40924.56,10898.205997457571,1.0568668527531893,13.112247766693198,9.241141706970266,43,5,42,0,0.9767441860465116,0.0232558139534883,3.8372093023255816,3.0,2.458515159294902,-1.0,11.0,1,0.6332100793507384,35,0,21.0,72.0,2.6666666666666665,1.0,3901.48,1,1.0,1,1.0,0
0140104475,FOC ,12,10,412,37.45454545454545,0.8866019417475729,303432.29000000004,25286.02416666667,6864.820000000001,172.84,116060.76,37891.56886605022,1.4985182572118565,12.622917063015198,10.13804666436042,10,2,10,0,1.0,0.0,8.4,9.0,3.565264521898917,2.0,13.0,1,0.4026555839354229,10,0,71.0,72.0,4.666666666666667,1.0,37934.73333333333,1,1.0,1,1.0,0
0140104503,AMALGA ,4,3,294,98.0,0.4141496598639456,15417.57,3854.3925,2631.85,1947.05,8206.82,2924.0090246483505,0.75861735011376,9.643327906111429,8.257228096638157,4,0,0,0,0.0,1.0,-4.5,-4.5,1.2909944487358056,-6.0,-3.0,1,0.2484519974999766,0,4,90.0,79.0,-4.666666666666667,0.0,2403.583333333333,1,1.0,1,1.0,0
0140104508,BULK  ,2,2,238,238.0,0.2557983193277311,26324.74,13162.37,13162.37,8167.77,18156.97,7063.431058628661,0.5366382390579099,10.178302446768535,9.485193251124027,2,0,2,0,1.0,0.0,16.0,16.0,0.0,16.0,16.0,1,0.0,2,0,233.0,206.0,16.0,1.0,13162.37,1,1.0,1,1.0,0
0140104530,O H  associates,1,1,0,,30.44,5957.75,5957.75,5957.75,5957.75,5957.75,0.0,0.0,8.692616006519035,8.692616006519035,1,0,0,0,0.0,1.0,-4.0,-4.0,0.0,-4.0,-4.0,1,0.0,0,1,133.0,122.0,-4.0,0.0,5957.75,1,1.0,1,1.0,0
0140104550,CANADI ,5,5,235,58.75,0.6476595744680852,399221.5,79844.3,76987.52,4206.7,161766.71,69489.01525105425,0.8703065247118986,12.897274184556576,11.287846291547638,5,0,5,0,1.0,0.0,16.0,8.0,20.89258241577618,4.0,53.0,1,1.1679308626798075,5,0,144.0,77.0,20.33333333333333,1.0,77749.36333333334,1,1.0,1,1.0,0
0140104552,THE NO associates,23,12,478,21.727272727272727,1.4646861924686194,1186465.71,51585.46565217391,49260.62,2766.96,169899.04,46979.77344334639,0.9107172504774428,13.98649029715292,10.85101462350216,15,8,6,4,0.4,0.3333333333333333,0.0,0.0,2.2038926600773587,-3.0,3.0,1,0.0,0,4,22.0,77.0,-1.3333333333333333,0.0,51814.880000000005,1,1.0,1,1.0,0
0140104729,ALIME corp,2,2,231,231.0,0.2635497835497836,9071.4,4535.7,4535.7,3725.4,5346.0,1145.9372495909188,0.2526483783298981,9.11299211670628,8.419955154488983,1,1,0,0,0.0,1.0,-1.0,-1.0,0.0,-1.0,-1.0,1,0.0,0,1,74.0,294.0,-1.0,0.0,3725.4,1,1.0,1,1.0,0
0140104837,DAN- co,1,1,0,,30.44,14628.6,14628.6,14628.6,14628.6,14628.6,0.0,0.0,9.590802152560425,9.590802152560425,1,0,1,0,1.0,0.0,8.0,8.0,0.0,8.0,8.0,1,0.0,1,0,310.0,283.0,8.0,1.0,14628.6,1,1.0,1,1.0,0
0140104878,AVRO associates,2,2,188,188.0,0.3238297872340425,25543.95,12771.975,12771.975,12707.6,12836.35,91.039998077768,0.007128106504888,10.14819492443278,9.45508688978728,2,0,1,0,0.5,0.5,-1.0,-1.0,2.8284271247461903,-3.0,1.0,1,2.0,0,1,218.0,210.0,-1.0,0.5,12771.975,1,1.0,1,1.0,0
0140104934,REGI trust,6,5,442,88.4,0.4132126696832579,323971.28,53995.21333333334,41901.875,9524.7,121358.99,41456.18655215247,0.7677752154848874,12.688413235558826,10.896669199630855,5,1,4,0,0.8,0.2,6.8,3.0,9.602083107326242,-2.0,23.0,1,1.262994738446111,1,0,50.0,51.0,8.0,0.6666666666666666,29270.896666666667,1,1.0,1,1.0,0
0140104950,MULT corporation,4,4,164,54.66666666666666,0.7424390243902439,76723.57,19180.8925,19143.94,7255.25,31180.44,9767.511949046098,0.5092313587100338,11.24797727504082,9.861722014059913,4,0,3,0,0.75,0.25,2.5,2.0,3.3166247903554,-1.0,7.0,1,1.1489125293076057,1,0,138.0,123.0,1.0,0.6666666666666666,15181.043333333337,1,1.0,1,1.0,0
0140104995,MORTON trust,5,5,252,63.0,0.6039682539682539,67707.41,13541.482,13318.27,7622.24,20424.55,4559.970584989556,0.3367408814625723,11.12296567570508,9.513586838382196,5,0,3,0,0.6,0.4,2.4,4.0,5.272570530585627,-3.0,9.0,1,1.9649710204252664,0,1,126.0,115.0,2.0,0.6666666666666666,13788.353333333333,1,1.0,1,1.0,0
0140105000,ITWA corporation,20,10,433,22.789473684210527,1.4060046189376445,479684.88,23984.244,11540.355,105.9,99902.8,29270.173105925714,1.220391733253119,13.080886751993354,10.085194086909226,19,1,6,3,0.3157894736842105,0.5263157894736842,5.7368421052631575,-1.0,28.23874821207193,-4.0,122.0,1,4.791064263435175,0,1,54.0,4.0,39.0,0.3333333333333333,32621.036666666667,1,1.0,1,1.0,0
0140105033,W T  us,1,1,0,,30.44,145558.06,145558.06,145558.06,145558.06,145558.06,0.0,0.0,11.888337193887162,11.888337193887162,0,1,0,0,0.0,0.0,,,,,,0,0.0,0,0,61.0,,,,,1,1.0,1,1.0,0
0140105039,KARI ,2,2,322,322.0,0.1890683229813664,18193.0,9096.5,9096.5,7825.0,10368.0,1798.1725445573904,0.1976774082952113,9.808847148382007,9.115754929486314,2,0,1,0,0.5,0.5,-1.0,-1.0,2.8284271247461903,-3.0,1.0,1,2.0,1,0,93.0,80.0,-1.0,0.5,9096.5,1,1.0,1,1.0,0
0140105072,RAJ  us,1,1,0,,30.44,50231.66,50231.66,50231.66,50231.66,50231.66,0.0,0.0,10.824420691742509,10.824420691742509,1,0,1,0,1.0,0.0,4.0,4.0,0.0,4.0,4.0,1,0.0,1,0,216.0,199.0,4.0,1.0,50231.66,1,1.0,1,1.0,0
0140105192,CHICKE systems,1,1,0,,30.44,8178.0,8178.0,8178.0,8178.0,8178.0,0.0,0.0,9.009325172734972,9.009325172734972,1,0,1,0,1.0,0.0,10.0,10.0,0.0,10.0,10.0,1,0.0,1,0,226.0,199.0,10.0,1.0,8178.0,1,1.0,1,1.0,0
0140105357,CINNAR systems,4,4,370,123.33333333333331,0.3290810810810811,41283.5,10320.875,10297.25,6660.0,14029.0,4029.317898747463,0.3904046797144101,10.628242405842016,9.242020708579156,3,1,1,1,0.3333333333333333,0.3333333333333333,0.3333333333333333,0.0,1.5275252316519468,-1.0,2.0,1,3.741657386773941,0,2,31.0,182.0,0.3333333333333333,0.3333333333333333,9234.5,1,1.0,1,1.0,0
0140105414,AIR C co,1,1,0,,30.44,8580.3,8580.3,8580.3,8580.3,8580.3,0.0,0.0,9.05734069615626,9.05734069615626,1,0,1,0,1.0,0.0,20.0,20.0,0.0,20.0,20.0,1,0.0,1,0,308.0,277.0,20.0,1.0,8580.3,1,1.0,1,1.0,0
0140105480,LES ALIM in,2,2,29,29.0,2.0993103448275865,16537.0,8268.5,8268.5,3527.3,13009.7,6705.069341923319,0.8109172572925342,9.713416042282113,9.020329326697848,2,0,2,0,1.0,0.0,3.5,3.5,2.1213203435596424,2.0,5.0,1,0.4285714285714285,2,0,101.0,86.0,3.5,1.0,8268.5,1,1.0,1,1.0,0
0140105508,DOLLARA associates,19,12,485,26.944444444444443,1.1924948453608248,902053.15,47476.48157894737,42911.06,8980.7,124467.44,30803.134660859738,0.6488082864699657,13.71242983050226,10.768010805592905,16,3,7,3,0.4375,0.375,1.5625,0.0,6.065956918189688,-7.0,19.0,1,3.758936019673652,2,0,12.0,81.0,2.0,0.6666666666666666,41040.05666666667,1,1.0,1,1.0,0
0140105578,GIZE in,2,2,53,53.0,1.148679245283019,235906.22,117953.11,117953.11,109900.19,126006.03,11388.548680705542,0.0965514913570786,12.37119387111647,11.67805092950216,2,0,1,1,0.5,0.0,0.5,0.5,0.7071067811865476,0.0,1.0,1,1.0,1,0,240.0,220.0,0.5,0.5,117953.11,1,1.0,1,1.0,0
0140105652,DOLLAR associates,4,3,273,91.0,0.446007326007326,49416.42999999999,12354.107499999998,12714.715,5557.5,18429.5,5282.81316019773,0.4276159293739132,10.80805847495283,9.421824819315654,1,3,1,0,1.0,0.0,13.0,13.0,0.0,13.0,13.0,1,0.0,1,0,35.0,284.0,13.0,1.0,18429.5,1,1.0,1,1.0,0
0140105678,SAPUTO  ,5,3,379,94.75,0.4015831134564644,54543.4,10908.68,11357.05,537.75,22055.85,7699.915743175376,0.7058521968904923,10.906770327879688,9.297405747507865,5,0,3,1,0.6,0.2,1.6,2.0,2.701851217221259,-2.0,5.0,1,1.5103807466993215,0,1,118.0,106.0,1.6666666666666667,0.6666666666666666,14216.2,1,1.0,1,1.0,0
0140105686,SYSC in,301,16,475,1.5833333333333333,19.28934736842105,8430938.44,28009.76225913621,17294.2,38.15,159214.77,30771.329587453696,1.0985930299146582,15.94741876386395,10.240344081705222,270,31,264,1,0.9777777777777776,0.0185185185185185,6.233333333333333,5.0,13.158216509468035,-5.0,122.0,1,2.107031043510102,24,0,30.0,60.0,5.333333333333333,1.0,30165.65,1,1.0,1,1.0,3
0140105704,CASSE llc,1,1,0,,30.44,12068.6,12068.6,12068.6,12068.6,12068.6,0.0,0.0,9.398445173525865,9.398445173525865,1,0,0,0,0.0,1.0,-4.0,-4.0,0.0,-4.0,-4.0,1,0.0,0,1,238.0,228.0,-4.0,0.0,12068.6,1,1.0,1,1.0,0
0140105713,STEWAR corp,8,6,312,44.57142857142857,0.7805128205128206,212865.75,26608.21875,12886.72,2702.95,84615.71,28120.823365386543,1.0568472707473715,12.268421662075998,10.189013004277308,8,0,6,0,0.75,0.25,0.75,1.5,2.49284690951645,-3.0,4.0,1,3.109126351029605,1,0,117.0,101.0,1.0,0.6666666666666666,14235.966666666667,1,1.0,1,1.0,0
0140105720,BROWN  co,1,1,0,,30.44,3468.59,3468.59,3468.59,3468.59,3468.59,0.0,0.0,8.151791710340383,8.151791710340383,0,1,0,0,0.0,0.0,,,,,,0,0.0,0,0,34.0,,,,,1,1.0,1,1.0,0
0140105785,SHOPPE corporation,80,16,488,6.177215189873418,4.99016393442623,3768652.57,47108.157125000005,35676.225,465.12,163842.9,42242.618835829024,0.8967155884221828,15.142228352397286,10.760222679897437,61,19,60,1,0.9836065573770492,0.0,5.836065573770492,6.0,3.869454431263976,0.0,19.0,1,0.6575674107145857,17,0,18.0,74.0,6.333333333333333,1.0,38421.786666666674,1,1.0,1,1.0,0
0140105845,COPPE associates,1,1,0,,30.44,4331.5,4331.5,4331.5,4331.5,4331.5,0.0,0.0,8.373900021589762,8.373900021589762,1,0,1,0,1.0,0.0,3.0,3.0,0.0,3.0,3.0,1,0.0,1,0,396.0,375.0,3.0,1.0,4331.5,1,1.0,1,1.0,0
0140105847,GORDON F associates,176,17,492,2.8114285714285714,10.88910569105691,5265664.220000001,29918.546704545457,16262.89,9.22,160169.5,30753.05612768254,1.027892712549781,15.476718043147375,10.306267281724498,156,20,119,29,0.7628205128205128,0.0512820512820512,4.230769230769231,2.0,10.201104401846388,-8.0,111.0,1,2.403429597304881,2,0,15.0,67.0,0.6666666666666666,0.6666666666666666,49770.14333333333,2,0.9943181818181818,1,1.0,3
0140105963,KEYBRA corporation,4,4,337,112.33333333333331,0.3613056379821959,142569.83,35642.4575,36114.495,29611.14,40729.7,4601.387576984251,0.1290984937552146,11.86759420783268,10.481320888663918,3,1,2,1,0.6666666666666666,0.0,15.333333333333334,5.0,22.36813209307682,0.0,41.0,1,1.1910980462437148,0,1,85.0,176.0,15.333333333333334,0.6666666666666666,35272.21666666667,1,1.0,1,1.0,0
0140105975,VERI llc,1,1,0,,30.44,10569.6,10569.6,10569.6,10569.6,10569.6,0.0,0.0,9.26583184168087,9.26583184168087,1,0,1,0,1.0,0.0,1.0,1.0,0.0,1.0,1.0,1,0.0,1,0,463.0,445.0,1.0,1.0,10569.6,1,1.0,1,1.0,0
0140106054,TREE  in,6,3,256,51.2,0.7134375,164861.91999999998,27476.986666666664,7103.295,216.8,116277.12,45293.021890677,1.648398437577714,12.012869619708422,10.2211404782471,6,0,5,0,0.8333333333333334,0.1666666666666666,54.0,76.5,42.867236906523374,-3.0,88.0,1,0.7246713775191614,5,0,248.0,217.0,58.0,1.0,43043.30666666666,2,0.6666666666666666,1,1.0,0
0140106099,SOCIETE  llc,6,6,393,78.6,0.464732824427481,128162.06,21360.34333333333,14028.575,851.59,52211.1,22375.99756614991,1.0475485911891511,11.761058638421645,9.969338181233958,5,1,5,0,1.0,0.0,4.2,4.0,0.8366600265340756,3.0,5.0,1,0.1781741612749495,5,0,51.0,169.0,4.666666666666667,1.0,22900.486666666668,1,1.0,1,1.0,0
0140106165,OCEA co,1,1,0,,30.44,11665.8,11665.8,11665.8,11665.8,11665.8,0.0,0.0,9.364502480309564,9.364502480309564,1,0,1,0,1.0,0.0,5.0,5.0,0.0,5.0,5.0,1,0.0,1,0,378.0,357.0,5.0,1.0,11665.8,1,1.0,1,1.0,0
0140106181,THE  corp,94,16,488,5.247311827956989,5.863442622950819,2583357.0500000003,27482.521808510643,19102.475,92.91,159052.93,30224.854466402136,1.0997846077226532,14.764600680357583,10.221341897095174,90,4,87,0,0.9666666666666668,0.0333333333333333,63.12222222222222,62.0,23.50320455213981,-5.0,171.0,1,0.370270019619029,43,0,21.0,14.0,59.66666666666666,1.0,11289.873333333331,1,1.0,1,1.0,0
0140106184,JAM ,5,5,369,92.25,0.4124661246612466,32645.45,6529.09,6380.0,2515.1,10329.8,3492.512980362421,0.5349157356327483,10.393491399849818,8.784176004717612,4,1,2,2,0.5,0.0,0.75,0.5,0.957427107756338,0.0,2.0,1,1.1055415967851332,1,0,32.0,262.0,0.3333333333333333,0.3333333333333333,6600.183333333333,1,1.0,1,1.0,0
0140106194,ALIMEN trust,1,1,0,,30.44,23374.65,23374.65,23374.65,23374.65,23374.65,0.0,0.0,10.059450161256898,10.059450161256898,1,0,0,0,0.0,1.0,-5.0,-5.0,0.0,-5.0,-5.0,1,0.0,0,1,259.0,253.0,-5.0,0.0,23374.65,1,1.0,1,1.0,0
0140106200,CIE CO foundation,1,1,0,,30.44,8350.95,8350.95,8350.95,8350.95,8350.95,0.0,0.0,9.030250323514462,9.030250323514462,1,0,0,0,0.0,1.0,-4.0,-4.0,0.0,-4.0,-4.0,1,0.0,0,1,248.0,241.0,-4.0,0.0,8350.95,1,1.0,1,1.0,0
0140106209,SNOW C corp,4,4,420,140.0,0.2899047619047619,50783.05,12695.7625,6144.375,4139.5,34354.8,14519.973542524966,1.143686607442835,10.835337607887718,9.449102318688892,3,1,0,0,0.0,1.0,-3.6666666666666665,-3.0,3.055050463303893,-7.0,-1.0,1,0.6803013430498075,0,3,80.0,371.0,-3.6666666666666665,0.0,14389.433333333334,1,1.0,1,1.0,0
0140106212,YEN BROS corporation,5,4,260,65.0,0.5853846153846154,86742.16,17348.432,17275.6,3591.79,32173.72,11200.26513092302,0.6456067690107681,11.37070684743825,9.761315047086953,5,0,0,2,0.0,0.6,-0.8,-1.0,0.8366600265340756,-2.0,0.0,1,0.9354143466934852,0,5,89.0,70.0,-1.0,0.0,17680.37,1,1.0,1,1.0,0
0140106224,MEILLE us,6,5,398,79.6,0.4588944723618091,208994.08,34832.34666666667,38465.815,9615.6,44854.63,13021.34016307487,0.3738289667269485,12.250065990000008,10.45833044449394,5,1,4,1,0.8,0.0,1.4,2.0,0.8944271909999159,0.0,2.0,1,0.5714285714285715,3,0,67.0,158.0,1.6666666666666667,1.0,40595.42,1,1.0,1,1.0,0
0140106227,LOUD associates,2,2,351,351.0,0.1734472934472934,19285.25,9642.625,9642.625,83.5,19201.75,13518.644219419712,1.4019672256693287,9.867147685757237,9.174052354264669,1,1,1,0,1.0,0.0,121.0,121.0,0.0,121.0,121.0,1,0.0,1,0,83.0,298.0,121.0,1.0,83.5,1,1.0,1,1.0,0
0140106231,PRATT trust,18,12,410,24.11764705882353,1.336390243902439,538766.51,29931.472777777777,22650.315,3108.0,86263.31,23192.462989534743,0.7748520482678579,13.197039421032036,10.306699216136908,14,4,12,0,0.8571428571428571,0.1428571428571428,3.2142857142857144,1.5,4.492362260695221,-4.0,13.0,1,1.3467840066223784,1,0,36.0,81.0,-0.6666666666666666,0.6666666666666666,48932.43333333333,1,1.0,1,1.0,0
0140106249,FINDLAY systems,9,7,273,34.125,1.0035164835164836,32829.25,3647.694444444444,1401.65,165.65,13998.25,4947.524101725304,1.356342801481232,10.399105625452938,8.202124696137902,9,0,8,1,0.8888888888888888,0.0,2.6666666666666665,2.0,2.4494897427831783,0.0,8.0,1,0.8660254037844388,6,0,226.0,212.0,4.333333333333333,1.0,6730.383333333332,1,1.0,1,1.0,0
0140106257,KRON trust,3,3,357,178.5,0.2557983193277311,22776.05,7592.016666666666,3948.7,3443.5,15383.85,6752.651833230656,0.889441123447304,10.033508729054365,8.934984244214995,3,0,2,0,0.6666666666666666,0.3333333333333333,1.6666666666666667,2.0,3.511884584284246,-2.0,5.0,1,1.7204650534085253,2,0,89.0,72.0,1.6666666666666667,0.6666666666666666,7592.016666666666,1,1.0,1,1.0,0
0140106263,MON associates,2,2,308,308.0,0.1976623376623376,15363.4,7681.700000000001,7681.700000000001,4862.2,10501.2,3987.375139110942,0.5190745719190989,9.639808424013642,8.946726326858103,2,0,2,0,1.0,0.0,10.0,10.0,7.071067811865476,5.0,15.0,1,0.5,2,0,190.0,158.0,10.0,1.0,7681.700000000001,1,1.0,1,1.0,0
0140106271,LONGO  us,17,12,476,29.75,1.0871428571428572,884305.73,52017.98411764706,17916.03,3119.51,205898.87,63377.24934403769,1.2183718846293587,13.692559261074276,10.859364010123894,12,5,11,0,0.9166666666666666,0.0833333333333333,2.9166666666666665,3.0,2.3143164446679725,-2.0,6.0,1,0.7596991885890474,7,0,17.0,85.0,4.666666666666667,1.0,24032.513333333336,1,1.0,1,1.0,0
0140106293,ATLANT trust,34,14,427,12.93939393939394,2.4237939110070257,393034.89,11559.849705882354,3176.925,20.93,87732.63,18725.92173211088,1.6199104840075895,12.881656209836908,9.355379643494146,31,3,8,12,0.2580645161290322,0.3548387096774194,0.2580645161290322,0.0,2.9322089731745917,-5.0,8.0,1,11.17754445305408,0,2,64.0,81.0,1.3333333333333333,0.3333333333333333,1006.3366666666666,1,1.0,1,1.0,0
0140106302,GR JEA corporation,3,3,213,106.5,0.4287323943661972,66993.29,22331.096666666665,10388.4,7337.81,49267.08,23377.05976886814,1.046838859632128,11.112362670860744,10.013780235037515,3,0,3,0,1.0,0.0,6.666666666666667,7.0,2.516611478423583,4.0,9.0,1,0.3082207001484488,3,0,200.0,179.0,6.666666666666667,1.0,22331.096666666665,1,1.0,1,1.0,0
0140106316,ALI ,6,6,278,55.6,0.656978417266187,133704.09999999998,22284.016666666663,15029.18,6815.22,60028.39,20345.53251603572,0.9130101103572316,11.8033919074635,10.011669833267597,5,1,0,0,0.0,1.0,-1.4,-1.0,0.5477225575051661,-2.0,-1.0,1,0.3499271061118826,0,5,69.0,85.0,-1.3333333333333333,0.0,35501.29,1,1.0,1,1.0,0
0140106343,RESTO corporation,3,2,153,76.5,0.5968627450980393,31057.49,10352.496666666666,9889.76,7973.6,13194.13,2640.8478349259976,0.2550928457121935,10.34362747993816,9.245079583827708,3,0,2,0,0.6666666666666666,0.3333333333333333,3.6666666666666665,3.0,6.027713773341708,-2.0,10.0,1,1.3422566418394002,2,0,277.0,255.0,3.6666666666666665,0.6666666666666666,10352.496666666666,1,1.0,1,1.0,0
0140106347,F J W corp,2,2,160,160.0,0.3805,18425.35,9212.675,9212.675,9054.14,9371.21,224.2023471108184,0.0243362918056719,9.82153698438699,9.128444072462228,2,0,1,0,0.5,0.5,-1.0,-1.0,5.656854249492381,-5.0,3.0,1,4.0,1,0,197.0,176.0,-1.0,0.5,9212.675,1,1.0,1,1.0,0
0140106358,BRUN corp,2,2,51,51.0,1.1937254901960783,26879.7,13439.85,13439.85,12838.3,14041.4,850.7201684455356,0.0632983380354346,10.199163835964674,9.50605385612494,2,0,1,0,0.5,0.5,1.0,1.0,2.8284271247461903,-1.0,3.0,1,2.0,0,1,330.0,319.0,1.0,0.5,13439.85,1,1.0,1,1.0,0
0140106372,G T  us,36,12,406,11.6,2.699113300492611,1584823.7200000002,44022.88111111111,28050.370000000003,1434.06,196518.6,46229.60281281168,1.0501266987985391,14.275984372427564,10.692487518188772,24,12,13,3,0.5416666666666666,0.3333333333333333,0.9166666666666666,1.0,4.726582244089795,-10.0,18.0,1,5.047706295236996,2,0,15.0,105.0,-1.3333333333333333,0.6666666666666666,34105.363333333335,1,1.0,1,1.0,0
0140106376,ISLAND trust,4,4,246,82.0,0.4949593495934959,115744.44,28936.11,18532.5,5193.93,73485.51,31568.49335013947,1.090972260961804,11.659148575924087,10.272880133415956,3,1,0,2,0.0,0.3333333333333333,-0.6666666666666666,0.0,1.1547005383792517,-2.0,0.0,1,1.4142135623730951,0,3,78.0,70.0,-0.6666666666666666,0.0,14086.31,1,1.0,1,1.0,0
0140106379,QUAL co,10,8,468,52.0,0.6504273504273504,533700.71,53370.071,52038.5,1404.59,113629.88,38388.35472711815,0.7192861843320043,13.18759236636412,10.885024136580268,9,1,9,0,1.0,0.0,3.888888888888889,3.0,2.4720661623652207,2.0,10.0,1,0.5993193418115151,9,0,35.0,94.0,6.0,1.0,72568.96,1,1.0,1,1.0,0
0140106408,WAL-M llc,476,17,490,1.0315789473684212,29.57028571428572,23745735.21,49885.99834033613,34974.395000000004,21.5,304208.68,52910.20160358543,1.0606222860895225,16.982913544327843,10.81751569348756,400,76,400,0,1.0,0.0,9.5225,8.0,7.023733039811261,1.0,120.0,1,0.7366708195694627,400,0,16.0,63.0,7.666666666666667,1.0,64218.706666666665,1,1.0,1,1.0,4
0140106421,EBER ,2,2,358,358.0,0.1700558659217877,23986.75,11993.375,11993.375,10484.0,13502.75,2134.57859570689,0.177979809328641,10.085298562356488,9.392193068872512,2,0,2,0,1.0,0.0,5.0,5.0,0.0,5.0,5.0,1,0.0,2,0,121.0,98.0,5.0,1.0,11993.375,1,1.0,1,1.0,0
0140106434,KITCH ,4,4,289,96.33333333333331,0.4213148788927336,72243.8,18060.95,15709.025,9032.0,31793.75,9712.275306109615,0.5377499691937366,11.187815631066208,9.801562794564193,4,0,2,0,0.5,0.5,2.75,-0.5,9.945685831890462,-5.0,17.0,1,3.1320787594458577,0,1,134.0,121.0,4.666666666666667,0.6666666666666666,19162.033333333333,1,1.0,1,1.0,0
0140106473,FAMI us,1,1,0,,30.44,27181.06,27181.06,27181.06,27181.06,27181.06,0.0,0.0,10.210312475855952,10.210312475855952,1,0,0,0,0.0,1.0,-1.0,-1.0,0.0,-1.0,-1.0,1,0.0,0,1,125.0,112.0,-1.0,0.0,27181.06,1,1.0,1,1.0,0
0140115440,ELCO  in,1,1,0,,30.44,87215.56,87215.56,87215.56,87215.56,87215.56,0.0,0.0,11.37614950012366,11.37614950012366,1,0,1,0,1.0,0.0,51.0,51.0,0.0,51.0,51.0,1,0.0,1,0,328.0,266.0,51.0,1.0,87215.56,1,1.0,1,1.0,0
0140115721,LONG  in,1,1,0,,30.44,165890.05,165890.05,165890.05,165890.05,165890.05,0.0,0.0,12.019086526561738,12.019086526561738,1,0,0,0,0.0,1.0,-13.0,-13.0,0.0,-13.0,-13.0,1,0.0,0,1,417.0,360.0,-13.0,0.0,165890.05,1,1.0,1,1.0,0
0140118166,MITC associates,3,3,219,109.5,0.416986301369863,1868.34,622.7800000000001,551.88,505.89,810.57,164.24854063278616,0.2637344497780695,7.533340706373766,6.435797742101529,3,0,3,0,1.0,0.0,10.333333333333334,11.0,4.041451884327381,6.0,14.0,1,0.3193385463423117,3,0,253.0,212.0,10.333333333333334,1.0,622.7800000000001,1,1.0,1,1.0,0
0140118168,RONALD in,12,6,376,34.18181818181818,0.9714893617021276,295536.0,24628.0,24960.0,18120.0,32256.0,5207.872641928319,0.2114614520841448,12.596549319495908,10.111679889397124,12,0,7,3,0.5833333333333334,0.1666666666666666,1.5,2.5,2.9076701075853597,-4.0,5.0,1,1.8559214542766735,1,0,122.0,88.0,-0.3333333333333333,0.3333333333333333,25616.0,1,1.0,1,1.0,0
0140118172,AGR co,24,11,384,16.695652173913043,1.9025,2631510.47,109646.26958333331,100496.29,54683.4,152433.4,31072.555352953383,0.2833890789995151,14.783068942497234,11.605023852335204,24,0,2,0,0.0833333333333333,0.9166666666666666,-14.083333333333334,-17.0,6.337717780610515,-24.0,3.0,1,0.4405403927913461,0,6,120.0,102.0,-11.666666666666666,0.0,78405.77,1,1.0,1,1.0,0
0140118175,OUT foundation,1,1,0,,30.44,9157.76,9157.76,9157.76,9157.76,9157.76,0.0,0.0,9.122466077325631,9.122466077325631,1,0,0,0,0.0,1.0,-24.0,-24.0,0.0,-24.0,-24.0,1,0.0,0,1,198.0,162.0,-24.0,0.0,9157.76,1,1.0,1,1.0,0
0140120967,VEG PR associates,3,3,147,73.5,0.6212244897959184,138637.93,46212.64333333333,47618.52,11150.18,79869.23,34381.08964426569,0.7439758292178559,11.839628206529351,10.741030343719652,3,0,2,0,0.6666666666666666,0.3333333333333333,8.0,12.0,7.810249675906654,-1.0,13.0,1,0.7971302695712079,2,0,290.0,266.0,8.0,0.6666666666666666,46212.64333333333,1,1.0,1,1.0,0
0140142466,CHUD corporation,2,1,7,7.0,8.697142857142858,21531.6,10765.8,10765.8,5382.9,16148.7,7612.570184898133,0.7071067811865476,9.97732334479512,9.284222604366889,2,0,2,0,1.0,0.0,10.0,10.0,8.48528137423857,4.0,16.0,1,0.6,2,0,367.0,338.0,10.0,1.0,10765.8,1,1.0,1,1.0,0
0140142846,MONDE in,32,12,433,13.96774193548387,2.249607390300231,466582.45,14580.7015625,4961.78,488.7,63536.2,20369.08481677043,1.3969893512639704,13.05319216858765,9.587522704000037,30,2,26,0,0.8666666666666667,0.1333333333333333,3.066666666666667,4.0,12.689755122045156,-53.0,34.0,1,4.068413066187682,0,3,73.0,43.0,-19.666666666666668,0.0,13996.133333333331,1,1.0,1,1.0,0
0200002965,DECA associates,31,15,472,15.733333333333333,1.999237288135593,2974731.49,95959.08032258064,15228.3,755.28,545359.56,156931.57348185958,1.6354009746061644,14.90566467359115,11.471687553995595,29,2,5,2,0.1724137931034483,0.7586206896551724,-4.689655172413793,-7.0,4.132652626823376,-10.0,2.0,1,0.8659005352950311,0,1,29.0,98.0,-6.0,0.3333333333333333,6876.613333333334,3,0.5806451612903226,1,1.0,0
0200014556,ALBER systems,19,11,463,25.72222222222222,1.2491576673866092,1204870.1899999997,63414.220526315774,57568.66,3316.77,124894.52,34300.960246343035,0.5409032857560513,14.00188322292752,11.057459183005784,14,5,6,8,0.4285714285714285,0.0,6.571428571428571,0.0,22.016477345962382,0.0,83.0,1,3.228462151535022,3,0,34.0,0.0,28.666666666666668,1.0,71089.16666666667,3,0.8947368421052632,1,1.0,0
0200019542,ABC B corporation,1,1,0,,30.44,24094.8,24094.8,24094.8,24094.8,24094.8,0.0,0.0,10.089792830432373,10.089792830432373,1,0,1,0,1.0,0.0,4.0,4.0,0.0,4.0,4.0,1,0.0,1,0,358.0,344.0,4.0,1.0,24094.8,1,1.0,1,1.0,0
0200020431,DEC co,313,17,489,1.5673076923076923,19.484089979550102,1939723.33,6197.199137380192,3508.86,12.96,39055.88,7317.888018940885,1.180837965138305,14.478056423004498,8.732014067128137,259,54,37,17,0.1428571428571428,0.7915057915057915,-4.915057915057915,-7.0,3.9089101527029455,-10.0,4.0,1,0.7937559970803469,1,0,16.0,81.0,-1.3333333333333333,0.6666666666666666,7599.259999999999,3,0.65814696485623,1,1.0,3
0200024233,ROSK corporation,1,1,0,,30.44,26127.36,26127.36,26127.36,26127.36,26127.36,0.0,0.0,10.170776593437433,10.170776593437433,1,0,1,0,1.0,0.0,5.0,5.0,0.0,5.0,5.0,1,0.0,1,0,449.0,429.0,5.0,1.0,26127.36,1,1.0,1,1.0,0
0200029010,KROG llc,38,14,457,12.35135135135135,2.531115973741794,3044164.64,80109.59578947368,76221.04999999999,4007.5,235083.55,66691.62454482449,0.832504819024286,14.92873741172636,11.291163406323856,31,7,9,22,0.2903225806451613,0.0,1.6129032258064515,0.0,6.611492112752555,0.0,37.0,1,4.03246822678121,4,0,48.0,32.0,1.6666666666666667,1.0,38358.76666666667,3,0.7631578947368421,1,1.0,0
0200032026,DOWNE us,1,1,0,,30.44,12543.05,12543.05,12543.05,12543.05,12543.05,0.0,0.0,9.437001728551634,9.437001728551634,1,0,1,0,1.0,0.0,2.0,2.0,0.0,2.0,2.0,1,0.0,1,0,102.0,85.0,2.0,1.0,12543.05,1,1.0,1,1.0,0
0200032807,KARE llc,1,1,0,,30.44,61414.02,61414.02,61414.02,61414.02,61414.02,0.0,0.0,11.025409709626484,11.025409709626484,1,0,1,0,1.0,0.0,8.0,8.0,0.0,8.0,8.0,1,0.0,1,0,423.0,400.0,8.0,1.0,61414.02,1,1.0,1,1.0,0
0200033335,T C JA foundation,1,1,0,,30.44,32605.39,32605.39,32605.39,32605.39,32605.39,0.0,0.0,10.392263560416843,10.392263560416843,1,0,1,0,1.0,0.0,46.0,46.0,0.0,46.0,46.0,1,0.0,1,0,237.0,181.0,46.0,1.0,32605.39,1,1.0,1,1.0,0
0200036413,REINHA ,3,3,84,42.0,1.0871428571428572,64204.83,21401.61,27116.26,9323.46,27765.11,10465.014674977769,0.4889825893929367,11.069849295523923,9.97126815618993,1,2,1,0,1.0,0.0,33.0,33.0,0.0,33.0,33.0,1,0.0,1,0,23.0,59.0,33.0,1.0,27116.26,1,1.0,1,1.0,0
0200037027,FARN co,6,5,211,42.2,0.8655924170616114,145014.84999999998,24169.141666666663,19587.14,212.54,55661.7,24382.02833638532,1.0088082014932396,11.8845983257736,10.092873334940869,6,0,0,5,0.0,0.1666666666666666,-0.1666666666666666,0.0,0.408248290463863,-1.0,0.0,1,2.2360679774997902,0,6,241.0,226.0,0.0,0.0,31611.99333333333,2,0.8333333333333334,1,1.0,0
0200039093,FOOD  foundation,2,2,83,83.0,0.7334939759036144,102462.58,51231.29,51231.29,48314.21,54148.37,4125.374098527311,0.0805245016966644,11.53726269734736,10.844125276305093,2,0,0,0,0.0,1.0,-1.5,-1.5,0.7071067811865476,-2.0,-1.0,1,0.3333333333333333,0,2,104.0,70.0,-1.5,0.0,51231.29,1,1.0,1,1.0,0
0200040366,RASTEL co,19,12,455,25.27777777777778,1.271120879120879,163115.86,8585.045263157894,4893.21,224.53,31596.25,8999.158190327438,1.0482365455831293,12.002222155430887,9.057893520510406,18,1,17,0,0.9444444444444444,0.0555555555555555,4.944444444444445,4.0,3.85734169698774,-1.0,13.0,1,0.7581564228241501,12,0,44.0,158.0,7.333333333333333,1.0,5801.546666666666,2,0.9473684210526316,1,1.0,0
0200041573,TAMA trust,1,1,0,,30.44,11792.5,11792.5,11792.5,11792.5,11792.5,0.0,0.0,9.37530381122393,9.37530381122393,1,0,1,0,1.0,0.0,1.0,1.0,0.0,1.0,1.0,1,0.0,1,0,163.0,147.0,1.0,1.0,11792.5,1,1.0,1,1.0,0
0200043803,DARDEN ,1,1,0,,30.44,14982.62,14982.62,14982.62,14982.62,14982.62,0.0,0.0,9.614712883417935,9.614712883417935,1,0,1,0,1.0,0.0,17.0,17.0,0.0,17.0,17.0,1,0.0,1,0,198.0,161.0,17.0,1.0,14982.62,1,1.0,1,1.0,0
0200048886,SHERWO in,7,4,391,65.16666666666667,0.5449616368286445,585985.3099999999,83712.18714285713,70920.3,43760.0,146318.49,38145.02743254474,0.455668747101891,13.281051706511516,11.335151796550836,5,2,2,0,0.4,0.6,-0.6,-1.0,2.3021728866442674,-4.0,2.0,1,3.4318767136623336,0,1,52.0,87.0,-0.3333333333333333,0.6666666666666666,58499.60333333333,1,1.0,1,1.0,0
0200050554,KUNA  co,1,1,0,,30.44,16022.25,16022.25,16022.25,16022.25,16022.25,0.0,0.0,9.681796071457464,9.681796071457464,1,0,1,0,1.0,0.0,2.0,2.0,0.0,2.0,2.0,1,0.0,1,0,133.0,116.0,2.0,1.0,16022.25,1,1.0,1,1.0,0
0200063296,SUIS systems,7,6,280,46.66666666666666,0.761,122535.54,17505.077142857142,17316.18,4862.82,30139.04,10242.513291278843,0.5851167182921128,11.716164550202866,9.770303364935089,7,0,0,0,0.0,1.0,-1.4285714285714286,-1.0,0.5345224838248488,-2.0,-1.0,1,0.3464101615137754,0,7,218.0,190.0,-1.6666666666666667,0.0,15203.32,1,1.0,1,1.0,0
0200066217,STEVE in,1,1,0,,30.44,11142.27,11142.27,11142.27,11142.27,11142.27,0.0,0.0,9.318591007212085,9.318591007212085,0,1,0,0,0.0,0.0,,,,,,0,0.0,0,0,28.0,,,,,1,1.0,1,1.0,0
0200067753,LAMM  corporation,1,1,0,,30.44,57000.19,57000.19,57000.19,57000.19,57000.19,0.0,0.0,10.950827423791743,10.950827423791743,1,0,0,0,0.0,1.0,-1.0,-1.0,0.0,-1.0,-1.0,1,0.0,0,1,256.0,242.0,-1.0,0.0,57000.19,1,1.0,1,1.0,0
0200071186,FATH associates,8,7,465,66.42857142857143,0.5236989247311828,409404.6,51175.575,54240.12,38245.68,59847.48,8097.146219422883,0.1582228674406273,12.922461630669757,10.843037186802354,6,2,4,2,0.6666666666666666,0.0,0.6666666666666666,1.0,0.5163977794943223,0.0,1.0,1,0.7071067811865476,2,0,36.0,112.0,0.6666666666666666,0.6666666666666666,53201.280000000006,1,1.0,1,1.0,0
0200074164,KUWAIT  corporation,1,1,0,,30.44,10970.0,10970.0,10970.0,10970.0,10970.0,0.0,0.0,9.30301070681749,9.30301070681749,1,0,1,0,1.0,0.0,10.0,10.0,0.0,10.0,10.0,1,0.0,1,0,108.0,38.0,10.0,1.0,10970.0,1,1.0,1,1.0,0
0200076137,OLLIE in,17,11,466,29.125,1.110472103004292,460397.45,27082.202941176467,16861.2,1723.8,102855.6,27735.061759928027,1.0241065625336905,13.039847589186492,10.206668997032647,12,5,5,1,0.4166666666666667,0.5,1.3333333333333333,-0.5,6.2571171598041175,-5.0,17.0,1,4.493050188902857,1,0,38.0,93.0,-2.0,0.3333333333333333,14385.983333333332,1,1.0,1,1.0,0
0200077933,DIAC ,1,1,0,,30.44,84253.18,84253.18,84253.18,84253.18,84253.18,0.0,0.0,11.341593461227186,11.341593461227186,1,0,1,0,1.0,0.0,9.0,9.0,0.0,9.0,9.0,1,0.0,1,0,470.0,441.0,9.0,1.0,84253.18,1,1.0,1,1.0,0
0200077943,HERR associates,4,3,371,123.66666666666669,0.3281940700808625,282979.2,70744.8,70744.8,70240.8,71248.8,581.9690713431428,0.0082263158754161,12.553132209513423,11.166848449785778,2,2,0,0,0.0,1.0,-3.0,-3.0,1.4142135623730951,-4.0,-2.0,1,0.3333333333333333,0,2,52.0,375.0,-3.0,0.0,70240.8,2,0.75,1,1.0,0
0200078245,WOR associates,3,3,215,107.5,0.4247441860465116,91658.7,30552.9,38302.2,11688.3,41668.2,16423.682256729153,0.5375490463009781,11.425838085092453,10.32724761602642,3,0,2,1,0.6666666666666666,0.0,1.0,1.0,1.0,0.0,2.0,1,0.816496580927726,0,1,170.0,155.0,1.0,0.6666666666666666,30552.9,1,1.0,1,1.0,0
0200078595,NORTHERN ,3,3,260,130.0,0.3512307692307692,48695.07,16231.69,18406.09,9615.89,20673.09,5840.499077989825,0.3598207628404575,10.79335360766246,9.694782389227123,2,1,0,1,0.0,0.5,-0.5,-0.5,0.7071067811865476,-1.0,0.0,1,1.0,0,2,38.0,270.0,-0.5,0.0,19539.59,1,1.0,1,1.0,0
0200078795,H T H foundation,77,17,488,6.421052631578948,4.803032786885246,458159.8699999999,5950.128181818181,1815.84,21.28,37206.31,8681.383791509781,1.459024667407587,13.034975645965885,8.691336090955508,64,13,20,23,0.3125,0.328125,-2.71875,0.0,14.527990225767637,-61.0,14.0,1,5.301717129235626,1,0,17.0,70.0,3.0,0.6666666666666666,1490.9833333333336,3,0.9090909090909092,1,1.0,0
0200078854,MC A ,14,10,427,32.84615384615385,0.998032786885246,211536.74,15109.767142857145,12736.415,1195.81,39499.0,11299.81102669518,0.7478481249816582,12.262158701266308,9.623162824517856,12,2,2,3,0.1666666666666666,0.5833333333333334,-6.583333333333333,-1.0,21.249420669464826,-74.0,1.0,1,3.090345018693183,0,1,17.0,72.0,0.3333333333333333,0.3333333333333333,21060.1,4,0.7857142857142857,1,1.0,0
0200084163,DIAL  ,2,2,141,141.0,0.43177304964539,49179.93,24589.965,24589.965,3650.01,45529.92,29613.568356482305,1.204294855908998,10.803261225717456,10.110134378035186,2,0,0,2,0.0,0.0,0.0,0.0,0.0,0.0,0.0,1,0.0,0,2,232.0,217.0,0.0,0.0,24589.965,1,1.0,1,1.0,0
0200084659,KR in,6,5,398,79.6,0.4588944723618091,242173.38,40362.23,20406.74,8453.48,145246.92,52116.71122103658,1.2912247717986984,12.397413324159173,10.605674500997743,5,1,5,0,1.0,0.0,11.8,8.0,7.854934754662192,6.0,25.0,1,0.5953955278050947,5,0,51.0,71.0,7.0,1.0,59660.08000000001,1,1.0,1,1.0,0
0200085585,JOHN  corp,2,2,181,181.0,0.336353591160221,83162.51999999999,41581.26,41581.26,40831.56,42330.96,1060.2359077111105,0.0254979264147144,11.328564069118473,10.635428912989283,2,0,2,0,1.0,0.0,2.5,2.5,0.7071067811865476,2.0,3.0,1,0.2,2,0,165.0,153.0,2.5,1.0,41581.26,1,1.0,1,1.0,0
0200086615,INT'L  associates,1,1,0,,30.44,7618.32,7618.32,7618.32,7618.32,7618.32,0.0,0.0,8.938442405853525,8.938442405853525,1,0,0,0,0.0,1.0,-14.0,-14.0,0.0,-14.0,-14.0,1,0.0,0,1,442.0,426.0,-14.0,0.0,7618.32,1,1.0,1,1.0,0
0200092114,MRS GE in,1,1,0,,30.44,48841.2,48841.2,48841.2,48841.2,48841.2,0.0,0.0,10.796349972255188,10.796349972255188,1,0,0,0,0.0,1.0,-2.0,-2.0,0.0,-2.0,-2.0,1,0.0,0,1,438.0,430.0,-2.0,0.0,48841.2,1,1.0,1,1.0,0
0200093491,WISCO co,5,5,411,102.75,0.370316301703163,511125.0,102225.0,103125.0,100875.0,103125.0,1232.3757543866238,0.0120555221754622,13.144371414133603,11.534941327527868,4,1,2,2,0.5,0.0,1.25,1.0,1.5,0.0,3.0,1,1.0392304845413265,0,1,72.0,114.0,1.0,0.3333333333333333,102375.0,1,1.0,1,1.0,0
0200094171,J &  corp,1,1,0,,30.44,10577.87,10577.87,10577.87,10577.87,10577.87,0.0,0.0,9.266613894415194,9.266613894415194,1,0,0,0,0.0,1.0,-5.0,-5.0,0.0,-5.0,-5.0,1,0.0,0,1,193.0,183.0,-5.0,0.0,10577.87,1,1.0,1,1.0,0
0200096280,HORM in,2,2,301,301.0,0.2022591362126246,7915.799999999999,3957.9,3957.9,3907.2,4008.6,71.70062761231598,0.0181158259714282,8.976742362758113,8.283721487883355,1,1,1,0,1.0,0.0,27.0,27.0,0.0,27.0,27.0,1,0.0,1,0,85.0,344.0,27.0,1.0,4008.6,1,1.0,1,1.0,0
0200096390,D corporation,13,11,372,31.0,1.063763440860215,216562.77,16658.674615384614,14328.88,2800.46,34165.66,10308.41571722155,0.6188016727153987,12.285640332707027,9.720746384640824,13,0,12,0,0.9230769230769232,0.0769230769230769,2.1538461538461537,3.0,1.8187062180825984,-2.0,4.0,1,0.8112726208286105,5,0,122.0,106.0,2.6666666666666665,1.0,15089.536666666669,2,0.9230769230769232,1,1.0,0
0200097356,PETE co,3,3,388,194.0,0.235360824742268,45024.75,15008.25,16156.52,1880.03,26988.2,12593.408719719218,0.8390990768223623,10.714989827317972,9.616421956690257,2,1,0,1,0.0,0.5,-1.5,-1.5,2.1213203435596424,-3.0,0.0,1,1.0,0,2,45.0,101.0,-1.5,0.0,14434.115,1,1.0,1,1.0,0
0200101621,TRA corp,3,3,314,157.0,0.290828025477707,98594.44,32864.81333333333,32586.85,31126.01,34881.58,1893.1519266116336,0.057604219668319,11.498780292056775,10.400188288096716,3,0,3,0,1.0,0.0,8.333333333333334,7.0,2.309401076758504,7.0,11.0,1,0.2262741699796951,3,0,170.0,148.0,8.333333333333334,1.0,32864.81333333333,1,1.0,1,1.0,0
0200103402,LIT co,2,2,231,231.0,0.2635497835497836,17211.239999999998,8605.619999999999,8605.619999999999,5433.48,11777.76,4486.08340974619,0.5212969442929377,9.753376037621443,9.060286953564454,2,0,1,1,0.5,0.0,0.5,0.5,0.7071067811865476,0.0,1.0,1,1.0,1,0,184.0,168.0,0.5,0.5,8605.619999999999,1,1.0,1,1.0,0
0200112301,SUPER corp,1,1,0,,30.44,101.39,101.39,101.39,101.39,101.39,0.0,0.0,4.628789051586725,4.628789051586725,1,0,0,1,0.0,0.0,0.0,0.0,0.0,0.0,0.0,1,0.0,0,1,147.0,147.0,0.0,0.0,101.39,1,1.0,1,1.0,0
0200115792,INDIV corp,4,4,219,73.0,0.5559817351598174,164033.06999999998,41008.2675,41422.28999999999,36343.43,44845.06,3505.685993319756,0.0854872982215051,12.007829429133,10.621553356729391,4,0,1,1,0.25,0.5,3.0,-0.5,9.486832980505138,-4.0,17.0,1,2.7386127875258306,1,0,190.0,158.0,4.0,0.3333333333333333,40920.25333333333,1,1.0,1,1.0,0
0200117492,PE llc,8,7,372,53.142857142857146,0.6546236559139785,344635.2,43079.4,46521.52,6982.37,56490.79,15394.239470420653,0.357345726041232,12.75024464689123,10.670823416278289,7,1,2,2,0.2857142857142857,0.4285714285714285,0.4285714285714285,0.0,2.14919697074224,-1.0,5.0,1,4.642796092394707,0,1,69.0,72.0,-0.3333333333333333,0.3333333333333333,36727.69666666666,3,0.5,1,1.0,0
0200122006,LATIN co,3,3,382,191.0,0.2390575916230366,90859.85,30286.616666666665,33798.09,1565.02,55496.74,27136.79124855467,0.8959994292931808,11.417084494321363,10.3184942170915,2,1,2,0,1.0,0.0,1.5,1.5,0.7071067811865476,1.0,2.0,1,0.3333333333333333,2,0,73.0,154.0,1.5,1.0,44647.41499999999,1,1.0,1,1.0,0
0200122145,G & C  co,4,4,364,121.33333333333331,0.3345054945054945,195781.0,48945.25,45327.45,30014.33,75111.77,19016.936589109195,0.388534874969669,12.184757074311309,10.79847803623958,3,1,1,1,0.3333333333333333,0.3333333333333333,0.3333333333333333,0.0,4.509249752822894,-4.0,5.0,1,11.045361017187265,0,2,78.0,119.0,0.3333333333333333,0.3333333333333333,51084.76,2,0.75,1,1.0,0
0200124052,VENT associates,8,7,341,48.71428571428572,0.7141348973607039,79413.97,9926.74625,5678.1900000000005,1430.4,21001.37,8810.638290125567,0.8875655797211063,11.282442168506796,9.203088767532826,7,1,2,0,0.2857142857142857,0.7142857142857143,-14.285714285714286,-25.0,14.974581638165896,-26.0,6.0,1,0.9704638066409276,0,2,65.0,100.0,-9.666666666666666,0.3333333333333333,4262.26,1,1.0,1,1.0,0
0200124634,BAKEMAR corporation,5,5,397,99.25,0.383375314861461,113461.62,22692.324,26628.66,1213.44,32337.0,12414.558665336435,0.547081853111935,11.63922872245248,10.029826063298216,4,1,3,0,0.75,0.25,4.0,4.0,4.96655480858378,-2.0,10.0,1,1.0752906583803283,0,1,80.0,108.0,3.6666666666666665,0.6666666666666666,20990.06,1,1.0,1,1.0,0
0200126819,MCLANE foundation,91,17,488,5.422222222222223,5.676311475409836,1931390.22,21224.06835164835,19606.32,95.94,77371.56,15786.92299333789,0.7438217184271276,14.473751140579386,9.962938231511153,81,10,33,25,0.4074074074074074,0.2839506172839506,2.703703703703704,0.0,13.092406620293731,-17.0,86.0,1,4.812412798692339,3,0,16.0,65.0,2.6666666666666665,1.0,17951.626666666667,2,0.989010989010989,1,1.0,0
0200129450,NU ,21,10,427,21.35,1.497049180327869,1349101.66,64242.9361904762,56411.04,8239.1,205787.95,39676.04884491492,0.6175939519214684,14.114950233109791,11.0704426199452,18,3,17,1,0.9444444444444444,0.0,4.833333333333333,5.0,2.526331914293225,0.0,10.0,1,0.5079627538846978,7,0,44.0,55.0,6.333333333333333,1.0,49969.87,1,1.0,1,1.0,0
0200132251,SUPERB corp,13,9,487,40.583333333333336,0.8125667351129363,108265.7,8328.130769230771,4149.48,123.3,48971.1,12912.037854163753,1.5504124769352503,11.592352906483276,9.027514380284028,10,3,5,3,0.5,0.2,0.8,0.5,1.3984117975602022,-1.0,3.0,1,1.6583123951777,1,0,21.0,165.0,0.3333333333333333,0.3333333333333333,6706.82,1,1.0,1,1.0,0
0200133150,KROG associates,4,4,389,129.66666666666666,0.3130077120822622,1024205.37,256051.3425,275885.58,132203.35,340230.86,88444.45219511786,0.3454168657409709,13.839428597479628,12.453137165452636,3,1,1,2,0.3333333333333333,0.0,0.6666666666666666,0.0,1.1547005383792517,0.0,2.0,1,1.4142135623730951,0,1,23.0,147.0,0.6666666666666666,0.3333333333333333,245669.03999999995,2,0.75,1,1.0,0
0200135060,ARIZON co,1,1,0,,30.44,6424.2,6424.2,6424.2,6424.2,6424.2,0.0,0.0,8.767983037683612,8.767983037683612,1,0,1,0,1.0,0.0,4.0,4.0,0.0,4.0,4.0,1,0.0,1,0,203.0,184.0,4.0,1.0,6424.2,1,1.0,1,1.0,0
0200138417,K&K  systems,1,1,0,,30.44,309.69,309.69,309.69,309.69,309.69,0.0,0.0,5.738795630493208,5.738795630493208,0,1,0,0,0.0,0.0,,,,,,0,0.0,0,0,83.0,,,,,1,1.0,1,1.0,0
0200138805,CHAMB foundation,2,2,322,322.0,0.1890683229813664,74915.06999999999,37457.535,37457.535,837.12,74077.95,51789.08755273112,1.3826080000387406,11.224123699229146,10.530989866851051,1,1,0,0,0.0,1.0,-7.0,-7.0,0.0,-7.0,-7.0,1,0.0,0,1,58.0,372.0,-7.0,0.0,837.12,1,1.0,1,1.0,0
0200139730,AGR ,2,2,196,196.0,0.3106122448979592,7092.25,3546.125,3546.125,3451.25,3641.0,134.1735117301474,0.0378366559921456,8.866898906598161,8.173892695201443,2,0,0,1,0.0,0.5,-1.0,-1.0,1.4142135623730951,-2.0,0.0,1,1.0,0,2,275.0,247.0,-1.0,0.0,3546.125,1,1.0,1,1.0,0
0200143162,T & R associates,1,1,0,,30.44,27588.5,27588.5,27588.5,27588.5,27588.5,0.0,0.0,10.225190544538965,10.225190544538965,1,0,1,0,1.0,0.0,10.0,10.0,0.0,10.0,10.0,1,0.0,1,0,195.0,170.0,10.0,1.0,27588.5,1,1.0,1,1.0,0
0200148860,DOLLA trust,378,18,492,1.3050397877984086,23.386829268292683,16255008.59,43002.668227513226,21649.18,691.9,193577.13,38566.05228626607,0.8968292870159951,16.603911701692287,10.6690406986538,264,114,56,143,0.2121212121212121,0.2462121212121212,-4.632575757575758,0.0,15.022841904632337,-51.0,26.0,1,3.236722579950009,0,3,17.0,72.0,0.0,0.0,47328.66666666666,3,0.8783068783068783,1,1.0,5
0200149567,RESER llc,25,11,445,18.541666666666668,1.7101123595505618,1005473.1,40218.924,50551.2,1430.4,75867.84,27733.48890512215,0.6895631744181459,13.820969729533903,10.602117773717698,18,7,9,5,0.5,0.2222222222222222,1.0555555555555556,0.5,3.019002995190187,-2.0,12.0,1,2.77952545821282,2,0,56.0,45.0,1.3333333333333333,0.6666666666666666,51494.64000000001,1,1.0,1,1.0,0
0200152841,CAPI in,1,1,0,,30.44,15091.63,15091.63,15091.63,15091.63,15091.63,0.0,0.0,9.62196182418326,9.62196182418326,0,1,0,0,0.0,0.0,,,,,,0,0.0,0,0,22.0,,,,,1,1.0,1,1.0,0
0200152991,JET ,141,17,490,3.5,8.75926530612245,704090.38,4993.5487943262415,2045.11,72.74,30991.23,6496.222867148315,1.3009230778979148,13.464663427853104,8.516102355536303,116,25,24,71,0.2068965517241379,0.1810344827586207,0.7241379310344828,0.0,5.926486174860243,-17.0,41.0,1,8.148842133574183,0,3,16.0,71.0,-0.3333333333333333,0.0,7464.8,3,0.6737588652482269,1,1.0,3
0200164995,BROW llc,1,1,0,,30.44,48358.23,48358.23,48358.23,48358.23,48358.23,0.0,0.0,10.786412382352175,10.786412382352175,1,0,1,0,1.0,0.0,3.0,3.0,0.0,3.0,3.0,1,0.0,1,0,192.0,157.0,3.0,1.0,48358.23,1,1.0,1,1.0,0
0200168768,TRIPLE co,1,1,0,,30.44,7217.51,7217.51,7217.51,7217.51,7217.51,0.0,0.0,8.884403839398272,8.884403839398272,1,0,0,0,0.0,1.0,-4.0,-4.0,0.0,-4.0,-4.0,1,0.0,0,1,281.0,270.0,-4.0,0.0,7217.51,1,1.0,1,1.0,0
0200172815,PERFOR ,2,2,35,35.0,1.739428571428571,79592.54000000001,39796.27,39796.27,37064.15,42528.39,3863.801158030779,0.0970895302004629,11.28468821276027,10.5915535959551,2,0,0,0,0.0,1.0,-4.0,-4.0,0.0,-4.0,-4.0,1,0.0,0,2,420.0,409.0,-4.0,0.0,39796.27,1,1.0,1,1.0,0
0200182291,S &  foundation,2,2,126,126.0,0.4831746031746031,2716.56,1358.28,1358.28,1247.76,1468.8,156.29888291347444,0.1150711803998251,7.90748969786846,7.214710426777503,2,0,0,0,0.0,1.0,-6.0,-6.0,1.4142135623730951,-7.0,-5.0,1,0.1666666666666666,0,2,231.0,170.0,-6.0,0.0,1358.28,1,1.0,1,1.0,0
0200182381,PINNACL associates,1,1,0,,30.44,50395.2,50395.2,50395.2,50395.2,50395.2,0.0,0.0,10.82767105439158,10.82767105439158,1,0,0,1,0.0,0.0,0.0,0.0,0.0,0.0,0.0,1,0.0,0,1,248.0,233.0,0.0,0.0,50395.2,1,1.0,1,1.0,0
0200186937,SYSC in,24,12,439,19.08695652173913,1.6641457858769932,316768.0,13198.666666666666,7427.450000000001,1292.78,50939.87,12913.057458892115,0.9783607530224352,12.665928080599084,9.48794685573036,21,3,18,1,0.8571428571428571,0.0952380952380952,3.619047619047619,2.0,4.934330658520874,-3.0,19.0,1,1.3305748242323263,14,0,53.0,74.0,5.666666666666667,1.0,7683.636666666666,3,0.75,1,1.0,0
0200188278,ALBE corporation,1,1,0,,30.44,12699.08,12699.08,12699.08,12699.08,12699.08,0.0,0.0,9.449363571639442,9.449363571639442,1,0,0,1,0.0,0.0,0.0,0.0,0.0,0.0,0.0,1,0.0,0,1,421.0,406.0,0.0,0.0,12699.08,1,1.0,1,1.0,0
0200192492,HEARTHSI foundation,9,7,237,29.625,1.1559493670886076,290608.19999999995,32289.8,43952.0,5480.0,47280.2,17652.579244688295,0.5466921208768186,12.579734688254495,10.382537638917697,9,0,3,0,0.3333333333333333,0.6666666666666666,-13.666666666666666,-18.0,19.82422760159901,-41.0,14.0,1,1.3675947091586524,0,1,260.0,204.0,-8.0,0.3333333333333333,39158.86666666666,1,1.0,1,1.0,0
0200197349,ALIMEN ,3,3,266,133.0,0.3433082706766917,61746.0,20582.0,16904.0,16794.0,28048.0,6465.979585492055,0.3141570102755833,11.03080067031408,9.932220771359,3,0,0,2,0.0,0.3333333333333333,-2.6666666666666665,0.0,4.618802153517007,-8.0,0.0,1,1.4142135623730951,0,3,137.0,77.0,-2.6666666666666665,0.0,20582.0,1,1.0,1,1.0,0
0200198605,M &  foundation,2,2,70,70.0,0.8697142857142857,169626.5,84813.25,84813.25,84151.25,85475.25,936.2093782909888,0.0110384801701501,12.041360135422076,11.348218850115272,2,0,1,0,0.5,0.5,-1.0,-1.0,7.071067811865476,-6.0,4.0,1,5.0,1,0,210.0,186.0,-1.0,0.5,84813.25,1,1.0,1,1.0,0
0200200340,SPECS associates,1,1,0,,30.44,19481.34,19481.34,19481.34,19481.34,19481.34,0.0,0.0,9.877263693185595,9.877263693185595,0,1,0,0,0.0,0.0,,,,,,0,0.0,0,0,49.0,,,,,1,1.0,1,1.0,0
0200200412,DRIS corporation,11,7,360,36.0,0.9301111111111112,356681.14,32425.55818181818,41575.99,1182.24,48192.73,18473.655663059664,0.5697251396405661,12.784600300006527,10.38673306298203,10,1,0,1,0.0,0.9,-1.9,-1.0,2.2335820757001272,-8.0,0.0,1,1.115243163179847,0,10,85.0,246.0,-1.0,0.0,44202.12666666667,2,0.7272727272727273,1,1.0,0
0200202604,BELL co,7,6,397,66.16666666666667,0.5367254408060455,242547.97000000003,34649.71000000001,48577.34,3525.53,56057.6,23503.12596116312,0.6783065705647499,12.398958907117242,10.45307349502861,7,0,6,0,0.8571428571428571,0.1428571428571428,6.714285714285714,8.0,5.1869800370506445,-1.0,15.0,1,0.7152228218711323,6,0,100.0,51.0,7.333333333333333,1.0,41437.2,1,1.0,1,1.0,0
0200207008,THE  corp,5,4,383,95.75,0.3973890339425588,138503.2,27700.640000000003,24664.8,22256.8,41505.6,7847.702571326208,0.2833040164893738,11.838655929059486,10.22924689619901,5,0,3,2,0.6,0.0,7.0,1.0,13.47219358530748,0.0,31.0,1,1.7214137521590935,1,0,108.0,67.0,11.333333333333334,0.6666666666666666,30012.8,1,1.0,1,1.0,0
0200210681,HUB  ,2,2,22,22.0,2.767272727272728,27838.5,13919.25,13919.25,13788.0,14050.5,185.61553006146872,0.0133351674882963,10.234211154516965,9.54109989349725,2,0,0,0,0.0,1.0,-3.0,-3.0,2.8284271247461903,-5.0,-1.0,1,0.6666666666666666,0,2,100.0,81.0,-3.0,0.0,13919.25,1,1.0,1,1.0,0
0200212683,RUIZ F foundation,4,4,230,76.66666666666667,0.5293913043478261,172303.56,43075.89,43308.53999999999,40776.12,44910.36,2128.706278376609,0.0494175808875129,12.057018887633024,10.670741937392355,2,2,1,1,0.5,0.0,3.0,3.0,4.242640687119285,0.0,6.0,1,1.0,0,1,29.0,175.0,3.0,0.5,44886.6,1,1.0,1,1.0,0
0200212854,MTC  trust,1,1,0,,30.44,14157.61,14157.61,14157.61,14157.61,14157.61,0.0,0.0,9.558078198587518,9.558078198587518,1,0,0,1,0.0,0.0,0.0,0.0,0.0,0.0,0.0,1,0.0,0,1,366.0,351.0,0.0,0.0,14157.61,1,1.0,1,1.0,0
0200219770,STAR F us,3,3,90,45.0,1.0146666666666666,75992.07,25330.69,31608.83,9947.43,34435.81,13397.069461296376,0.5288868744316233,11.23839743090041,10.13981146007526,3,0,3,0,1.0,0.0,1.6666666666666667,2.0,0.5773502691896257,1.0,2.0,1,0.282842712474619,3,0,350.0,333.0,1.6666666666666667,1.0,25330.69,1,1.0,1,1.0,0
0200223640,US FOO ,1,1,0,,30.44,12112.59,12112.59,12112.59,12112.59,12112.59,0.0,0.0,9.402083241830276,9.402083241830276,1,0,1,0,1.0,0.0,1.0,1.0,0.0,1.0,1.0,1,0.0,1,0,310.0,289.0,1.0,1.0,12112.59,1,1.0,1,1.0,0
0200229974,DARDEN D trust,42,16,489,11.926829268292684,2.6144785276073623,684845.1500000001,16305.836904761907,15832.14,533.92,56419.3,10382.849446436105,0.6367566109657289,13.436949493478188,9.699339740863577,36,6,11,2,0.3055555555555556,0.6388888888888888,0.4444444444444444,-2.0,6.52662434929615,-6.0,23.0,1,14.479511386783742,0,4,11.0,74.0,-3.0,0.0,15598.04,2,0.9523809523809524,1,1.0,0
0200230690,DECA foundation,364,17,488,1.3443526170798898,22.705245901639344,1779600.33,4889.011895604396,1631.53,12.96,44152.32,7976.206260878967,1.6314556869968349,14.391899925272702,8.494950015104894,306,58,55,24,0.1797385620915032,0.7418300653594772,-4.477124183006536,-6.0,4.332242772544693,-16.0,8.0,1,0.9660572221954676,0,4,17.0,81.0,-5.333333333333333,0.0,19197.50333333333,4,0.6098901098901099,1,1.0,3
0200231309,SHERWO ,4,4,330,110.0,0.3689696969696969,195779.07,48944.7675,45473.09,16329.53,88503.36,34368.17674439866,0.7021828583494376,12.18474721635954,10.798468178438863,3,1,1,1,0.3333333333333333,0.3333333333333333,-0.6666666666666666,0.0,2.081665999466133,-3.0,1.0,1,2.5495097567963927,1,0,72.0,268.0,-0.6666666666666666,0.3333333333333333,59816.513333333336,1,1.0,1,1.0,0
0200232199,DIAMO llc,2,2,357,357.0,0.170532212885154,16430.4,8215.2,8215.2,8164.8,8265.6,71.27636354360412,0.0086761568243748,9.70694941738289,9.013863094057976,1,1,1,0,1.0,0.0,38.0,38.0,0.0,38.0,38.0,1,0.0,1,0,85.0,394.0,38.0,1.0,8164.8,1,1.0,1,1.0,0
0200236570,JACMAR ,1,1,0,,30.44,65598.6,65598.6,65598.6,65598.6,65598.6,0.0,0.0,11.091324877352614,11.091324877352614,1,0,1,0,1.0,0.0,4.0,4.0,0.0,4.0,4.0,1,0.0,1,0,129.0,93.0,4.0,1.0,65598.6,1,1.0,1,1.0,0
0200236583,REQU us,7,7,306,51.0,0.6963398692810457,193716.86,27673.837142857144,23232.18,20227.54,40878.43,7596.246312604478,0.2744919785930421,12.174158049584374,10.228278872929248,6,1,6,0,1.0,0.0,1.8333333333333333,2.0,0.752772652709081,1.0,3.0,1,0.3748277841470601,6,0,51.0,101.0,2.0,1.0,28981.946666666667,1,1.0,1,1.0,0
0200238407,NAT foundation,8,7,267,38.142857142857146,0.912059925093633,57181.850000000006,7147.731250000001,7990.16,2548.6,13697.42,4129.583259204034,0.5777474158956429,10.954009307236513,8.874690172389926,8,0,6,0,0.75,0.25,6.875,2.5,9.046506823867746,-2.0,23.0,1,1.2308701484372953,1,0,192.0,175.0,5.333333333333333,0.6666666666666666,8078.726666666666,1,1.0,1,1.0,0
0200239403,PR in,1,1,0,,30.44,2851.2,2851.2,2851.2,2851.2,2851.2,0.0,0.0,7.955845905302667,7.955845905302667,1,0,0,0,0.0,1.0,-64.0,-64.0,0.0,-64.0,-64.0,1,0.0,0,1,141.0,115.0,-64.0,0.0,2851.2,1,1.0,1,1.0,0
0200246495,PERFOR ,4,4,374,124.66666666666669,0.3255614973262032,81693.20000000001,20423.300000000003,21142.715,16746.66,22661.11,2562.0362002776883,0.125446729973985,11.310738286896015,9.924480647415088,4,0,2,0,0.5,0.5,0.5,0.0,4.43471156521669,-4.0,6.0,1,7.681145747868608,0,1,98.0,87.0,-1.3333333333333333,0.3333333333333333,20268.96666666667,1,1.0,1,1.0,0
0200253680,SCHWANS corporation,12,9,469,42.63636363636363,0.7788486140724947,439866.26,36655.52166666666,45400.0,6810.0,49330.8,13985.430665614993,0.3815368061814514,12.994228278561147,10.509346636004786,8,4,0,8,0.0,0.0,0.0,0.0,0.0,0.0,0.0,1,0.0,0,8,24.0,189.0,0.0,0.0,35272.13333333333,1,1.0,1,1.0,0
0200254284,QUAK corp,1,1,0,,30.44,20161.44,20161.44,20161.44,20161.44,20161.44,0.0,0.0,9.911576746607588,9.911576746607588,1,0,1,0,1.0,0.0,3.0,3.0,0.0,3.0,3.0,1,0.0,1,0,140.0,122.0,3.0,1.0,20161.44,1,1.0,1,1.0,0
0200255310,VALUE co,3,3,269,134.5,0.3394795539033458,27436.98,9145.66,5269.69,4309.2,17858.09,7560.453864597019,0.8266712150459364,10.219683463969742,9.121144064308472,1,2,0,0,0.0,1.0,-1.0,-1.0,0.0,-1.0,-1.0,1,0.0,0,1,22.0,277.0,-1.0,0.0,17858.09,1,1.0,1,1.0,0
0200257211,SUI corporation,9,8,421,52.625,0.6507363420427553,110955.81,12328.423333333332,3523.65,1808.16,46438.63,18493.07070077195,1.5000353411592198,11.616896305476676,9.419743825667531,7,2,0,0,0.0,1.0,-2.4285714285714284,-2.0,1.1338934190276817,-5.0,-2.0,1,0.4322628957852668,0,7,63.0,156.0,-2.0,0.0,17828.7,2,0.7777777777777778,1,1.0,0
0200258814,WISE foundation,1,1,0,,30.44,49552.6,49552.6,49552.6,49552.6,49552.6,0.0,0.0,10.810810191003933,10.810810191003933,1,0,0,0,0.0,1.0,-1.0,-1.0,0.0,-1.0,-1.0,1,0.0,0,1,480.0,466.0,-1.0,0.0,49552.6,1,1.0,1,1.0,0
0200268458,PERFOR associates,4,4,328,109.33333333333331,0.3712195121951219,95082.51,23770.6275,20558.54,20240.16,33725.27,6640.019934254087,0.2793371750179538,11.462510837073768,10.07624802666834,4,0,1,0,0.25,0.75,-2.0,-2.5,2.160246899469287,-4.0,1.0,1,0.9354143466934852,1,0,107.0,91.0,-1.6666666666666667,0.3333333333333333,24947.45,1,1.0,1,1.0,0
0200275115,SHAWS  corp,48,15,453,9.638297872340424,3.225430463576159,3413146.5700000003,71107.22020833334,51970.66,767.65,168767.12,53961.73321642704,0.7588783960099603,15.043145464574987,11.171958223852954,35,13,15,20,0.4285714285714285,0.0,1.1142857142857143,0.0,2.373523424232032,0.0,13.0,1,2.099434819534228,0,1,15.0,77.0,5.0,0.6666666666666666,40414.99333333334,3,0.9583333333333334,1,1.0,0
0200275253,STUR trust,1,1,0,,30.44,24943.68,24943.68,24943.68,24943.68,24943.68,0.0,0.0,10.124415851990769,10.124415851990769,1,0,1,0,1.0,0.0,4.0,4.0,0.0,4.0,4.0,1,0.0,1,0,259.0,245.0,4.0,1.0,24943.68,1,1.0,1,1.0,0
0200277896,ASSOCI ,2,2,328,328.0,0.1856097560975609,136165.69,68082.845,68082.845,66002.15,70163.54,2942.5470881618867,0.0432200958723432,11.8216350759727,11.128495239325778,2,0,2,0,1.0,0.0,19.0,19.0,2.8284271247461903,17.0,21.0,1,0.1052631578947368,2,0,94.0,63.0,19.0,1.0,68082.845,1,1.0,1,1.0,0
0200279964,FSA  associates,4,3,87,29.0,1.3995402298850574,96126.65,24031.6625,22416.435,17223.59,34070.19,8152.995498937287,0.339260569215188,11.473432274698428,10.087169121594007,3,1,3,0,1.0,0.0,5.333333333333333,5.0,0.5773502691896258,5.0,6.0,1,0.0883883476483184,3,0,56.0,102.0,5.333333333333333,1.0,26187.24,1,1.0,1,1.0,0
0200284677,CARO llc,1,1,0,,30.44,14387.15,14387.15,14387.15,14387.15,14387.15,0.0,0.0,9.574160230115632,9.574160230115632,1,0,0,0,0.0,1.0,-10.0,-10.0,0.0,-10.0,-10.0,1,0.0,0,1,170.0,170.0,-10.0,0.0,14387.15,1,1.0,1,1.0,0
0200286074,LAND co,2,2,355,355.0,0.1714929577464788,8684.25,4342.125,4342.125,2612.5,6071.75,2446.0591328195646,0.563332269987521,9.069381463522864,8.376349414068592,2,0,0,1,0.0,0.5,-2.5,-2.5,3.5355339059327378,-5.0,0.0,1,1.0,0,2,116.0,91.0,-2.5,0.0,4342.125,1,1.0,1,1.0,0
0200287284,CALIFO ,4,4,169,56.333333333333336,0.720473372781065,2463526.23,615881.5575,629943.915,535045.04,668593.36,56915.64380277671,0.0924132945850983,14.717104714284403,13.330811570929894,4,0,1,0,0.25,0.75,-10.25,-15.0,18.282505298782223,-26.0,15.0,1,1.5446940520555137,0,1,276.0,267.0,-5.0,0.3333333333333333,598310.9566666667,1,1.0,1,1.0,0
0200290370,BARGAIN  corporation,91,17,479,5.322222222222222,5.7829645093945725,1257011.7400000002,13813.315824175826,13219.2,1776.0,34795.2,7961.466767907654,0.5763617417603406,14.044248622763664,9.533460712003455,68,23,65,0,0.9558823529411764,0.0441176470588235,2.867647058823529,2.0,4.438314900630124,-2.0,29.0,1,1.5362976234775263,11,0,21.0,81.0,1.3333333333333333,1.0,17065.933333333334,1,1.0,1,1.0,0
0200303592,RDP F ,2,2,188,188.0,0.3238297872340425,53166.67,26583.335,26583.335,26005.08,27161.59,817.776063510053,0.0307627340027145,10.881205783834217,10.188077411519885,2,0,1,1,0.5,0.0,1.5,1.5,2.1213203435596424,0.0,3.0,1,1.0,1,0,165.0,147.0,1.5,0.5,26583.335,1,1.0,1,1.0,0
0200306844,TANKER us,1,1,0,,30.44,34299.56,34299.56,34299.56,34299.56,34299.56,0.0,0.0,10.442916959551368,10.442916959551368,1,0,0,1,0.0,0.0,0.0,0.0,0.0,0.0,0.0,1,0.0,0,1,135.0,120.0,0.0,0.0,34299.56,1,1.0,1,1.0,0
0200307138,UTZ Q corp,12,9,455,41.36363636363637,0.8028131868131868,701820.0,58485.0,58506.0,58380.0,58506.0,49.045433482175945,0.0008385985035851,13.461433664738568,10.976542688339933,10,2,0,0,0.0,1.0,-7.7,-6.5,4.854551129266914,-21.0,-5.0,1,0.5981079968659457,0,10,32.0,102.0,-7.333333333333333,0.0,58506.0,1,1.0,1,1.0,0
0200308132,COLORA associates,7,5,208,34.666666666666664,1.0244230769230769,178287.21000000002,25469.60142857143,26290.34,1220.15,46664.02,13790.674210753714,0.5414562237822668,12.091156677155656,10.145280180909142,5,2,5,0,1.0,0.0,4.6,4.0,2.9664793948382653,2.0,9.0,1,0.5768043113661566,5,0,20.0,66.0,5.0,1.0,31832.98,1,1.0,1,1.0,0
0200315290,KWI associates,11,9,428,42.8,0.7823364485981309,510644.44,46422.22181818182,39140.66,15120.26,96428.93,28792.707429309183,0.620235445474352,13.143430773171016,10.745555083240331,7,4,2,2,0.2857142857142857,0.4285714285714285,-0.2857142857142857,0.0,1.889822365046136,-2.0,3.0,1,6.123724356957945,0,5,24.0,157.0,-2.0,0.0,42225.2,1,1.0,1,1.0,0
0200326954,NEWE foundation,3,3,349,174.5,0.2616618911174785,207887.82,69295.94,71635.49,62600.1,73652.23,5885.789244961121,0.0849369998438742,12.244758696546356,11.14615602835894,2,1,2,0,1.0,0.0,1.5,1.5,0.7071067811865476,1.0,2.0,1,0.3333333333333333,2,0,74.0,77.0,1.5,1.0,68126.165,1,1.0,1,1.0,0
0200331749,SYSC trust,137,16,482,3.544117647058824,8.652033195020747,2078504.4,15171.56496350365,9091.62,148.44,81419.99,14835.843763257417,0.9778716829111672,14.547159635698875,9.627244139361984,126,11,103,12,0.8174603174603174,0.0873015873015873,1.968253968253968,1.0,5.327568312746831,-15.0,50.0,1,2.6959859551843937,10,0,24.0,67.0,2.333333333333333,1.0,28556.82,3,0.8102189781021898,1,1.0,0
0200337148,COAS associates,120,18,492,4.1344537815126055,7.4243902439024385,4606873.19,38390.60991666667,25414.615,1.66,146483.64,39236.61835586912,1.02203685851928,15.3430601351015,10.555594222949546,96,24,5,80,0.0520833333333333,0.1145833333333333,-0.2083333333333333,0.0,1.23898656945838,-4.0,6.0,1,5.916079783099616,0,29,16.0,72.0,0.0,0.0,53668.74333333334,3,0.9833333333333332,1,1.0,3
0200341093,ALLIED co,1,1,0,,30.44,53235.72,53235.72,53235.72,53235.72,53235.72,0.0,0.0,10.882503662797534,10.882503662797534,1,0,1,0,1.0,0.0,2.0,2.0,0.0,2.0,2.0,1,0.0,1,0,228.0,216.0,2.0,1.0,53235.72,1,1.0,1,1.0,0
0200342745,NAPPIE associates,3,3,246,123.0,0.3712195121951219,89857.04000000001,29952.346666666668,29446.61,29033.82,31376.61,1250.597228540562,0.0417528964410766,11.405986370679171,10.307396339092822,2,1,0,0,0.0,1.0,-5.0,-5.0,5.656854249492381,-9.0,-1.0,1,0.8,0,2,85.0,274.0,-5.0,0.0,30411.61,1,1.0,1,1.0,0
0200345943,LIPA corp,3,3,392,196.0,0.2329591836734694,59235.0,19745.0,21713.84,15169.96,22351.2,3974.896249413311,0.2013115345359995,10.989284744157391,9.890706218171395,3,0,2,1,0.6666666666666666,0.0,5.666666666666667,6.0,5.507570547286102,0.0,11.0,1,0.7935727978371789,2,0,107.0,86.0,5.666666666666667,0.6666666666666666,19745.0,2,0.6666666666666666,1,1.0,0
0200346918,CULINAR corporation,3,3,155,77.5,0.5891612903225807,150460.2,50153.4,52030.44,46399.32,52030.44,3251.128647839087,0.0648236938640069,11.92146052262408,10.822861526331064,2,1,2,0,1.0,0.0,3.0,3.0,2.8284271247461903,1.0,5.0,1,0.6666666666666666,2,0,37.0,154.0,3.0,1.0,52030.44,1,1.0,1,1.0,0
0200353024,DECA co,380,17,487,1.2849604221635884,23.751950718685837,1983954.45,5220.932763157894,1986.055,20.04,57371.1,7870.498813648284,1.507489019814113,14.50060311193775,8.560622873488303,295,85,61,15,0.2067796610169491,0.7423728813559322,-4.152542372881356,-6.0,4.754566581540369,-10.0,19.0,1,1.1430349715876529,0,1,14.0,81.0,-4.666666666666667,0.3333333333333333,1795.53,3,0.6157894736842106,1,1.0,3
0200357714,US  corporation,45,16,456,10.363636363636363,3.003947368421053,1450770.78,32239.35066666667,29787.27,498.3,84670.5,21009.749849252392,0.6516803041872387,14.18760623486451,10.380974073319065,43,2,32,7,0.7441860465116279,0.0930232558139534,1.976744186046512,2.0,2.685839162055256,-8.0,7.0,1,1.3428266422004964,0,1,42.0,88.0,0.0,0.3333333333333333,40235.11,3,0.7777777777777778,1,1.0,0
0200358522,SILVE associates,3,3,441,220.5,0.2070748299319728,51411.69,17137.23,19581.2,9533.6,22296.89,6723.476401884667,0.3923315729487593,10.84764030813117,9.749066919608143,2,1,1,0,0.5,0.5,3.0,3.0,7.071067811865476,-2.0,8.0,1,1.6666666666666667,0,1,37.0,402.0,3.0,0.5,14557.4,1,1.0,1,1.0,0
0200359490,DUTCH  co,4,4,420,140.0,0.2899047619047619,94307.12,23576.78,23261.04,16392.96,31392.08,6197.854224939469,0.2628795885163058,11.454322573079883,10.068060022076503,3,1,1,1,0.3333333333333333,0.3333333333333333,-0.6666666666666666,0.0,3.055050463303893,-4.0,2.0,1,3.741657386773941,1,0,17.0,186.0,-0.6666666666666666,0.3333333333333333,25971.38666666667,1,1.0,1,1.0,0
0200366118,AN in,1,1,0,,30.44,6500.55,6500.55,6500.55,6500.55,6500.55,0.0,0.0,8.779795888994757,8.779795888994757,1,0,0,0,0.0,1.0,-1.0,-1.0,0.0,-1.0,-1.0,1,0.0,0,1,416.0,402.0,-1.0,0.0,6500.55,1,1.0,1,1.0,0
0200372070,HOLI associates,1,1,0,,30.44,10072.4,10072.4,10072.4,10072.4,10072.4,0.0,0.0,9.217653565270409,9.217653565270409,1,0,0,0,0.0,1.0,-4.0,-4.0,0.0,-4.0,-4.0,1,0.0,0,1,127.0,71.0,-4.0,0.0,10072.4,1,1.0,1,1.0,0
0200374578,SAF llc,1,1,0,,30.44,97305.3,97305.3,97305.3,97305.3,97305.3,0.0,0.0,11.48561901427946,11.48561901427946,1,0,1,0,1.0,0.0,6.0,6.0,0.0,6.0,6.0,1,0.0,1,0,107.0,86.0,6.0,1.0,97305.3,1,1.0,1,1.0,0
0200375138,LAKE corporation,11,6,295,29.5,1.1350508474576273,906666.47,82424.22454545455,81990.01,80662.01,85384.62,1294.10167364364,0.0157005016520353,13.71753103563309,11.319646792175888,11,0,7,0,0.6363636363636364,0.3636363636363636,-3.090909090909091,10.0,29.046357931604938,-64.0,25.0,1,8.960022707583683,0,4,127.0,16.0,-19.33333333333333,0.0,83056.15666666666,2,0.6363636363636364,1,1.0,0
0200378310,NE systems,9,6,358,44.75,0.7652513966480448,417421.3000000001,46380.14444444445,49303.3,2377.8,88256.45,38119.753057760325,0.8218981099427434,12.941853698168414,10.74464828589199,9,0,4,5,0.4444444444444444,0.0,2.888888888888889,0.0,6.153138313991577,0.0,19.0,1,2.008119612647171,1,0,116.0,24.0,7.0,0.6666666666666666,10878.84,1,1.0,1,1.0,0
0200382900,J & J  us,10,8,463,51.44444444444444,0.657451403887689,1279021.2,127902.12,131498.08000000002,87302.68,153919.42,19495.77260707562,0.1524272827305413,14.061606437720744,11.759028381327262,7,3,1,5,0.1428571428571428,0.1428571428571428,0.1428571428571428,0.0,0.8997354108424375,-1.0,2.0,1,5.830951894845301,1,0,17.0,158.0,0.6666666666666666,0.3333333333333333,140710.36000000002,1,1.0,1,1.0,0
0200382955,COUNT foundation,1,1,0,,30.44,28265.4,28265.4,28265.4,28265.4,28265.4,0.0,0.0,10.24942909910512,10.24942909910512,1,0,1,0,1.0,0.0,3.0,3.0,0.0,3.0,3.0,1,0.0,1,0,421.0,403.0,3.0,1.0,28265.4,1,1.0,1,1.0,0
0200386051,W H co,7,6,475,79.16666666666667,0.4485894736842105,94850.35,13550.05,13456.8,505.78,25865.87,10130.229587832646,0.7476156610368705,11.460066208261344,9.5142193140805,6,1,1,1,0.1666666666666666,0.6666666666666666,16.333333333333332,-2.5,50.96142331868947,-12.0,120.0,1,2.8482368483893885,0,1,29.0,106.0,38.66666666666666,0.3333333333333333,8634.93,2,0.7142857142857143,1,1.0,0
0200387015,INTER corp,1,1,0,,30.44,33000.0,33000.0,33000.0,33000.0,33000.0,0.0,0.0,10.404293143019792,10.404293143019792,1,0,1,0,1.0,0.0,6.0,6.0,0.0,6.0,6.0,1,0.0,1,0,325.0,309.0,6.0,1.0,33000.0,1,1.0,1,1.0,0
0200387240,O foundation,6,6,370,74.0,0.4936216216216216,65750.76,10958.46,6976.035,4053.24,32975.2,10999.579420670592,1.0037522991981167,11.093641717742589,9.301958289215204,4,2,3,0,0.75,0.25,2.75,3.5,2.8722813232690143,-1.0,5.0,1,0.9045340337332908,0,1,80.0,109.0,3.0,0.6666666666666666,17063.916666666668,1,1.0,1,1.0,0
0200387798,AR co,6,5,392,78.4,0.4659183673469388,70994.91,11832.485,11859.975,7922.88,14545.64,2187.9759238871893,0.1849126302621291,11.170377548730382,9.37868850361467,6,0,5,0,0.8333333333333334,0.1666666666666666,2.5,4.0,3.88587184554509,-5.0,6.0,1,1.4189197769195174,4,0,105.0,56.0,3.333333333333333,1.0,11852.95,2,0.8333333333333334,1,1.0,0
0200388737,GAMA corporation,1,1,0,,30.44,2767.03,2767.03,2767.03,2767.03,2767.03,0.0,0.0,7.925891154829117,7.925891154829117,1,0,0,0,0.0,1.0,-8.0,-8.0,0.0,-8.0,-8.0,1,0.0,0,1,333.0,326.0,-8.0,0.0,2767.03,1,1.0,1,1.0,0
0200389625,MOUNTA systems,1,1,0,,30.44,3609.6,3609.6,3609.6,3609.6,3609.6,0.0,0.0,8.191629242502557,8.191629242502557,1,0,0,0,0.0,1.0,-8.0,-8.0,0.0,-8.0,-8.0,1,0.0,0,1,268.0,261.0,-8.0,0.0,3609.6,1,1.0,1,1.0,0
0200390794,CASH-W associates,3,3,93,46.5,0.9819354838709676,68770.73,22923.576666666664,22879.83,19861.05,26029.85,3084.632666644982,0.134561578740475,11.138548038315628,10.039964830941807,2,1,0,1,0.0,0.5,-0.5,-0.5,0.7071067811865476,-1.0,0.0,1,1.0,0,2,79.0,99.0,-0.5,0.0,22945.45,1,1.0,1,1.0,0
0200396637,LAWL co,27,13,446,17.153846153846153,1.842780269058296,1282758.8399999996,47509.586666666655,52901.64,891.0,56608.2,16385.743147974237,0.3448934056812304,14.064524439794084,10.768707842382282,24,3,9,1,0.375,0.5833333333333334,-3.375,-1.0,10.917925029808629,-28.0,10.0,1,3.166829105645289,3,0,57.0,53.0,5.666666666666667,1.0,52753.8,1,1.0,1,1.0,0
0200397082,GENE ,8,7,367,52.42857142857143,0.6635422343324251,190604.41,23825.55125,20184.1,765.12,61832.0,18811.67342284909,0.7895587902860836,12.157960653849786,10.078555836581211,8,0,8,0,1.0,0.0,2.375,2.0,1.7677669529663689,1.0,6.0,1,0.6962503450169976,8,0,133.0,42.0,2.6666666666666665,1.0,28057.97333333333,1,1.0,1,1.0,0
0200397176,PEAC corp,6,6,321,64.2,0.5689719626168225,160623.91,26770.65166666667,27216.185,10770.76,42498.82,15602.482688037077,0.5828204289649185,11.98682717432018,10.195098833029755,6,0,6,0,1.0,0.0,4.5,2.5,4.03732584763727,1.0,11.0,1,0.8190127550924438,6,0,169.0,148.0,3.6666666666666665,1.0,21346.78,1,1.0,1,1.0,0
0200397526,JAKE ,1,1,0,,30.44,19898.78,19898.78,19898.78,19898.78,19898.78,0.0,0.0,9.898463955375092,9.898463955375092,0,1,0,0,0.0,0.0,,,,,,0,0.0,0,0,59.0,,,,,1,1.0,1,1.0,0
0200399141,HEARTHSI us,16,9,350,23.33333333333333,1.3915428571428572,536896.57,33556.035625,35225.48,3653.25,71580.0,19466.904670957825,0.5801312434075063,13.193562610417926,10.421001826077855,13,3,10,0,0.7692307692307693,0.2307692307692307,19.53846153846154,19.0,17.091008282209806,-7.0,45.0,1,0.8404197835670132,6,0,72.0,8.0,32.0,1.0,16681.656666666666,1,1.0,1,1.0,0
0200400124,SOUTHE corporation,1,1,0,,30.44,11627.1,11627.1,11627.1,11627.1,11627.1,0.0,0.0,9.361179861572989,9.361179861572989,1,0,1,0,1.0,0.0,14.0,14.0,0.0,14.0,14.0,1,0.0,1,0,450.0,421.0,14.0,1.0,11627.1,1,1.0,1,1.0,0
0200400844,GOLD  foundation,3,3,189,94.5,0.4831746031746032,95063.38,31687.79333333333,43623.18,4037.2,47403.0,24020.579584434123,0.7580388868279496,11.46230962526895,10.36371837475374,3,0,3,0,1.0,0.0,5.333333333333333,4.0,3.2145502536643185,3.0,9.0,1,0.4921254921257382,3,0,269.0,255.0,5.333333333333333,1.0,31687.79333333333,1,1.0,1,1.0,0
0200403651,Y H corporation,12,9,394,35.81818181818182,0.9271065989847715,197949.53,16495.794166666667,5861.74,2638.29,49236.88,17631.16584889716,1.0688279491583834,12.195772429974491,9.710921348082064,12,0,0,8,0.0,0.3333333333333333,-0.4166666666666667,0.0,0.6685579234215214,-2.0,0.0,1,1.5362291495737217,0,12,92.0,77.0,-0.3333333333333333,0.0,19844.04,2,0.8333333333333334,1,1.0,0
0200403703,H &  foundation,8,6,229,32.714285714285715,1.063406113537118,190635.46,23829.4325,24117.15,11693.76,37200.0,6930.647140585585,0.2908439863427542,12.158123542569584,10.078718719319612,8,0,7,0,0.875,0.125,2.625,2.5,3.7392703642746743,-4.0,9.0,1,1.3324827218698307,5,0,212.0,199.0,5.333333333333333,1.0,24058.3,1,1.0,1,1.0,0
0200404600,SYSCO IN foundation,1,1,0,,30.44,2482.55,2482.55,2482.55,2482.55,2482.55,0.0,0.0,7.81744426722173,7.81744426722173,1,0,0,0,0.0,1.0,-1.0,-1.0,0.0,-1.0,-1.0,1,0.0,0,1,339.0,308.0,-1.0,0.0,2482.55,1,1.0,1,1.0,0
0200406153,JALI ,3,3,366,183.0,0.2495081967213114,14148.34,4716.113333333334,4143.51,3356.65,6648.18,1718.850885979739,0.3644634393815257,9.55742325887402,8.458952309566188,2,1,2,0,1.0,0.0,5.5,5.5,0.7071067811865476,5.0,6.0,1,0.0909090909090909,2,0,72.0,67.0,5.5,1.0,5395.845,1,1.0,1,1.0,0
0200407025,ALBERT corp,47,14,449,9.76086956521739,3.186369710467706,2066012.74,43957.71787234043,20526.53,602.89,151781.44,44488.57253180821,1.0120764836111251,14.541131579172037,10.691006242312891,40,7,15,25,0.375,0.0,1.75,0.0,5.3337339593119895,0.0,33.0,1,3.009508740167216,1,0,30.0,74.0,2.6666666666666665,0.6666666666666666,4675.66,3,0.9361702127659576,1,1.0,0
0200413833,LDC llc,2,2,126,126.0,0.4831746031746031,55867.57,27933.785,27933.785,27920.93,27946.64,18.17971534430552,0.0006508146083427,10.930757246994078,10.237627965425473,2,0,0,0,0.0,1.0,-4.5,-4.5,2.1213203435596424,-6.0,-3.0,1,0.3333333333333333,0,2,127.0,118.0,-4.5,0.0,27933.785,1,1.0,1,1.0,0
0200416837,DEC associates,350,17,488,1.3982808022922637,21.831967213114755,1835953.97,5245.582771428572,3020.83,12.96,28309.15,6151.9827155172,1.1727929924250875,14.423075323718011,8.565332242977583,282,68,42,19,0.1489361702127659,0.7836879432624113,-4.542553191489362,-7.0,4.052146464148537,-10.0,6.0,1,0.8904585716641967,0,11,15.0,81.0,-6.0,0.0,2480.46,3,0.5885714285714285,1,1.0,3
0200418007,AM co,553,17,491,0.8894927536231884,34.28374745417516,9628517.86,17411.424701627486,4490.98,20.88,247017.86,31495.44083786344,1.808895100635819,16.080239967168403,9.764939293692636,394,159,183,165,0.4644670050761421,0.116751269035533,-1.5939086294416245,0.0,17.552322753630353,-75.0,90.0,1,10.998142401027405,1,0,15.0,64.0,-15.333333333333334,0.3333333333333333,23286.056666666667,5,0.8661844484629295,1,1.0,5
0200420725,GLOB us,1,1,0,,30.44,8640.0,8640.0,8640.0,8640.0,8640.0,0.0,0.0,9.0642735958414,9.0642735958414,1,0,0,1,0.0,0.0,0.0,0.0,0.0,0.0,0.0,1,0.0,0,1,428.0,428.0,0.0,0.0,8640.0,1,1.0,1,1.0,0
0200421363,KING & associates,1,1,0,,30.44,7894.26,7894.26,7894.26,7894.26,7894.26,0.0,0.0,8.97401785838308,8.97401785838308,1,0,1,0,1.0,0.0,4.0,4.0,0.0,4.0,4.0,1,0.0,1,0,416.0,402.0,4.0,1.0,7894.26,1,1.0,1,1.0,0
0200424504,M  corp,37,15,480,13.333333333333334,2.346416666666667,354102.3300000001,9570.333243243243,6254.92,933.13,31835.39,8204.574932003234,0.8572925020971186,12.777344042178903,9.166527789607038,28,9,28,0,1.0,0.0,3.857142857142857,1.0,4.964423697218302,1.0,15.0,1,1.2638804096853,28,0,16.0,94.0,2.333333333333333,1.0,13862.226666666667,14,0.1621621621621621,1,1.0,0
0200429605,THE D corp,1,1,0,,30.44,6615.67,6615.67,6615.67,6615.67,6615.67,0.0,0.0,8.797347501225438,8.797347501225438,0,1,0,0,0.0,0.0,,,,,,0,0.0,0,0,79.0,,,,,1,1.0,1,1.0,0
0200434439,BAUGH SU in,90,17,482,5.415730337078652,5.683817427385892,4640549.1,51561.65666666666,55766.635,67.67,103876.18,31112.106353571096,0.6033961739185992,15.35034347320971,10.85055298145626,79,11,55,13,0.6962025316455697,0.1392405063291139,1.2531645569620251,1.0,4.467742946575642,-16.0,24.0,1,3.542532393875456,3,0,18.0,72.0,1.6666666666666667,1.0,58188.09666666666,3,0.7888888888888889,1,1.0,0
0200435191,C& systems,33,15,449,14.03125,2.2372383073496658,1148189.7,34793.62727272727,23815.86,668.5,118691.68,39285.42055509168,1.1290981606245252,13.95369795704866,10.457218265128668,26,7,8,5,0.3076923076923077,0.5,-0.8461538461538461,-0.5,4.513910124867864,-7.0,14.0,1,5.231026320296655,3,0,16.0,85.0,1.3333333333333333,1.0,85197.70666666667,2,0.8484848484848485,1,1.0,0
0200437182,FOOD  llc,19,13,455,25.27777777777778,1.271120879120879,825013.68,43421.77263157895,49007.18,1326.78,85261.62,22740.347663198856,0.5237084136602175,13.623156459097904,10.67873929748705,15,4,2,13,0.1333333333333333,0.0,0.2,0.0,0.5606119105813882,0.0,2.0,1,2.70801280154532,0,6,37.0,71.0,0.0,0.0,61452.206666666665,2,0.9473684210526316,1,1.0,0
0200439158,POST  trust,28,14,475,17.59259259259259,1.7943578947368422,763325.04,27261.608571428573,22602.24,17700.0,43500.0,7900.75841449354,0.2898126276662155,13.545440532231517,10.213271392947751,25,3,16,2,0.64,0.28,1.92,2.0,3.762977544445356,-7.0,8.0,1,1.920286436967152,0,2,30.0,81.0,0.3333333333333333,0.3333333333333333,30495.76,1,1.0,1,1.0,0
0200443644,BEN E KE co,2,2,135,135.0,0.4509629629629629,49218.69,24609.345,24609.345,8423.01,40795.68,22890.934482114317,0.9301724398643813,10.80404902567247,10.11092216197843,1,1,0,0,0.0,1.0,-1.0,-1.0,0.0,-1.0,-1.0,1,0.0,0,1,37.0,158.0,-1.0,0.0,8423.01,1,1.0,1,1.0,0
0200444486,STUD co,2,2,14,14.0,4.348571428571429,14293.19,7146.595,7146.595,4234.82,10058.37,4117.87169557892,0.5762005116533006,9.567608439982054,8.874531215468753,2,0,2,0,1.0,0.0,3.5,3.5,3.5355339059327378,1.0,6.0,1,0.7142857142857143,2,0,227.0,206.0,3.5,1.0,7146.595,1,1.0,1,1.0,0
0200447006,ANTONIO trust,5,5,434,108.5,0.3506912442396313,148608.96,29721.792,30656.47,21002.24,36102.96,5580.341004075825,0.1877525084650288,11.909080434591688,10.299669437891692,4,1,2,0,0.5,0.5,1.75,1.5,3.2015621187164243,-1.0,5.0,1,1.5843623580584882,1,0,71.0,72.0,0.6666666666666666,0.3333333333333333,32969.4,1,1.0,1,1.0,0
0200452014,CHEES llc,7,7,316,52.66666666666666,0.6743037974683544,415906.92,59415.27428571428,59114.88,59114.88,59815.8,374.6574993625159,0.0063057438321478,12.938219168588878,10.99232344569963,7,0,3,3,0.4285714285714285,0.1428571428571428,0.2857142857142857,0.0,1.2535663410560176,-2.0,2.0,1,4.062019202317981,2,0,170.0,158.0,1.0,0.6666666666666666,59815.80000000001,1,1.0,1,1.0,0
0200452949,VARI corp,3,3,176,88.0,0.5188636363636364,19888.67,6629.556666666666,6848.49,1713.54,11326.64,4810.288115678034,0.7255821705038146,9.897955780458496,8.799444041445158,3,0,3,0,1.0,0.0,4.0,4.0,2.0,2.0,6.0,1,0.408248290463863,3,0,268.0,249.0,4.0,1.0,6629.556666666666,1,1.0,1,1.0,0
0200455322,PEA systems,75,14,473,6.391891891891892,4.826638477801269,3385035.95,45133.81266666667,45912.51,2101.3,110853.17,19431.11315297296,0.4305223070003057,15.034875380073958,10.717409127212214,62,13,53,2,0.8548387096774194,0.1129032258064516,8.516129032258064,5.0,13.193070629645527,-26.0,62.0,1,1.53664209866642,2,0,30.0,14.0,21.666666666666668,0.6666666666666666,40111.86666666667,1,1.0,1,1.0,0
0200457993,SHAM corp,17,9,402,25.125,1.28726368159204,372033.59,21884.32882352941,18655.36,937.05,48002.38,15207.17077837906,0.6948886073229142,12.82674211280352,9.993571774576292,17,0,3,1,0.1764705882352941,0.7647058823529411,-7.470588235294118,-9.0,5.778382635509087,-14.0,6.0,1,0.7503899827224857,0,1,101.0,85.0,-5.666666666666667,0.3333333333333333,27433.696666666667,3,0.6470588235294118,1,1.0,0
0200458131,TIMES ,33,10,484,15.125,2.0754545454545457,291154.35,8822.85909090909,4303.55,615.16,92005.51,17562.410117889278,1.99055770209288,12.581612252504303,9.085214591960536,25,8,9,15,0.36,0.04,0.56,0.0,0.916515138991168,-1.0,2.0,1,1.6035674514745462,3,0,23.0,151.0,2.0,1.0,3493.2233333333334,1,1.0,1,1.0,0
0200458253,ATLANTA  trust,7,7,399,66.5,0.5340350877192982,376504.92,53786.41714285714,54303.48,49135.68,55788.48,2305.496511308821,0.0428639168358324,12.838689049870048,10.892794836692165,6,1,6,0,1.0,0.0,8.0,6.0,4.147288270665544,5.0,16.0,1,0.4732423621500228,6,0,51.0,207.0,10.333333333333334,1.0,55459.8,1,1.0,1,1.0,0
0200459173,ME T us,1,1,0,,30.44,28720.18,28720.18,28720.18,28720.18,28720.18,0.0,0.0,10.265390108669116,10.265390108669116,1,0,1,0,1.0,0.0,2.0,2.0,0.0,2.0,2.0,1,0.0,1,0,466.0,449.0,2.0,1.0,28720.18,1,1.0,1,1.0,0
0200463411,GREE corporation,1,1,0,,30.44,45696.0,45696.0,45696.0,45696.0,45696.0,0.0,0.0,10.729787929213312,10.729787929213312,1,0,1,0,1.0,0.0,16.0,16.0,0.0,16.0,16.0,1,0.0,1,0,199.0,168.0,16.0,1.0,45696.0,1,1.0,1,1.0,0
0200466603,SMITH'S corp,109,17,479,4.435185185185185,6.926847599164927,7156219.01,65653.38541284403,60893.05,83.38,168118.31,47263.14463070738,0.7198889186521843,15.783492467967648,11.092159677390928,89,20,31,58,0.348314606741573,0.0,0.5393258426966292,0.0,0.8264956109337469,0.0,3.0,1,1.5238269623258118,0,7,19.0,73.0,0.0,0.0,44367.96666666667,3,0.9724770642201837,1,1.0,3
0200468954,SKID ,10,7,387,43.0,0.7865633074935401,584720.02,58472.002,43357.675,566.01,140285.37,50415.95402217983,0.8622238387216472,13.278890123577431,10.97632042242057,9,1,4,2,0.4444444444444444,0.3333333333333333,1.0,0.0,2.549509756796392,-1.0,7.0,1,2.4037008503093262,0,2,49.0,183.0,0.3333333333333333,0.3333333333333333,83273.71333333333,1,1.0,1,1.0,0
0200472086,CONSUMER foundation,2,2,366,366.0,0.1663387978142076,126490.03,63245.015,63245.015,43056.57,83433.46,28550.772722223304,0.4514311953633548,11.747926675544637,11.054787400652366,1,1,0,0,0.0,1.0,-2.0,-2.0,0.0,-2.0,-2.0,1,0.0,0,1,41.0,394.0,-2.0,0.0,43056.57,1,1.0,1,1.0,0
0200472566,CONW us,1,1,0,,30.44,13599.06,13599.06,13599.06,13599.06,13599.06,0.0,0.0,9.517829483479115,9.517829483479115,1,0,1,0,1.0,0.0,7.0,7.0,0.0,7.0,7.0,1,0.0,1,0,115.0,98.0,7.0,1.0,13599.06,1,1.0,1,1.0,0
0200472708,WEST P associates,2,2,193,193.0,0.315440414507772,42634.56,21317.28,21317.28,19160.01,23474.55,3050.840491700608,0.1431158427201128,10.660443925838337,9.967320199603206,2,0,2,0,1.0,0.0,5.5,5.5,2.1213203435596424,4.0,7.0,1,0.2727272727272727,2,0,123.0,106.0,5.5,1.0,21317.28,1,1.0,1,1.0,0
0200486270,BAR systems,21,13,443,22.15,1.442979683972912,292185.44000000006,13913.592380952385,11578.4,507.0,38705.76,10082.603232848602,0.7246585178570861,12.585147370651075,9.54069338003128,18,3,1,15,0.0555555555555555,0.1111111111111111,-0.1111111111111111,0.0,1.2313975269103985,-4.0,3.0,1,10.77032961426901,0,3,14.0,93.0,0.0,0.0,12854.216666666667,1,1.0,1,1.0,0
0200493614,US  us,34,13,463,14.030303030303031,2.2353347732181423,1366088.6699999997,40179.07852941175,41068.525,4939.52,76630.06,18628.54303100977,0.46363788600511,14.127462961175077,10.601126592807327,33,1,27,4,0.8181818181818182,0.0606060606060606,2.727272727272727,2.0,3.4755640484021373,-2.0,14.0,1,1.254916258088489,3,0,38.0,70.0,2.0,1.0,26435.256666666668,3,0.7941176470588235,1,1.0,0
0200494102,MCCA corp,3,3,51,25.5,1.7905882352941178,169576.8,56525.6,58558.95,48174.0,62843.85,7543.342026084989,0.1334500124914196,12.041067097545866,10.942466602804828,3,0,1,2,0.3333333333333333,0.0,0.6666666666666666,0.0,1.1547005383792517,0.0,2.0,1,1.4142135623730951,1,0,378.0,360.0,0.6666666666666666,0.3333333333333333,56525.6,1,1.0,1,1.0,0
0200494781,TERI NI ,1,1,0,,30.44,65136.87,65136.87,65136.87,65136.87,65136.87,0.0,0.0,11.084261379493029,11.084261379493029,1,0,0,1,0.0,0.0,0.0,0.0,0.0,0.0,0.0,1,0.0,0,1,444.0,429.0,0.0,0.0,65136.87,1,1.0,1,1.0,0
0200498283,FOOD S ,2,2,133,133.0,0.4577443609022556,60881.53,30440.765,30440.765,29638.21,31243.32,1134.9841655503396,0.0372850079671236,11.016701548833725,10.323570793211893,2,0,2,0,1.0,0.0,11.5,11.5,14.849242404917495,1.0,22.0,1,0.9130434782608696,2,0,214.0,177.0,11.5,1.0,30440.765,1,1.0,1,1.0,0
0200500195,B K MI us,1,1,0,,30.44,25539.3,25539.3,25539.3,25539.3,25539.3,0.0,0.0,10.148012875797887,10.148012875797887,1,0,0,1,0.0,0.0,0.0,0.0,0.0,0.0,0.0,1,0.0,0,1,94.0,79.0,0.0,0.0,25539.3,1,1.0,1,1.0,0
0200501669,WAL MA corporation,26,11,438,17.52,1.8069406392694063,421193.13,16199.735769230769,16381.68,2289.6,65213.46,11722.166262078414,0.7236023123502484,12.950849122772576,9.692811938042867,23,3,23,0,1.0,0.0,7.3478260869565215,6.0,2.8381923769151816,4.0,14.0,1,0.3777725372665649,23,0,61.0,38.0,13.0,1.0,17818.796666666665,1,1.0,1,1.0,0
0200505720,EX co,1,1,0,,30.44,8735.6,8735.6,8735.6,8735.6,8735.6,0.0,0.0,9.075276376944911,9.075276376944911,0,1,0,0,0.0,0.0,,,,,,0,0.0,0,0,42.0,,,,,1,1.0,1,1.0,0
0200508192,THIR corp,1,1,0,,30.44,41500.8,41500.8,41500.8,41500.8,41500.8,0.0,0.0,10.633492078772164,10.633492078772164,0,1,0,0,0.0,0.0,,,,,,0,0.0,0,0,73.0,,,,,1,1.0,1,1.0,0
0200508557,FOODL us,33,15,469,14.65625,2.1418336886993603,97314.87,2948.9354545454544,2588.36,484.25,5147.45,1219.5263713120632,0.4135480040542426,11.485717358676787,7.989538569279398,23,10,17,6,0.7391304347826086,0.0,1.608695652173913,2.0,1.0761518325953912,0.0,3.0,1,0.6542550506437947,0,1,17.0,72.0,0.6666666666666666,0.3333333333333333,3313.193333333333,1,1.0,1,1.0,0
0200511033,PENNSYLV ,2,2,271,271.0,0.2246494464944649,47161.43,23580.715,23580.715,22734.7,24426.73,1196.4458869710732,0.0507383209954012,10.761352880041407,10.068226902574656,2,0,0,0,0.0,1.0,-4.5,-4.5,2.1213203435596424,-6.0,-3.0,1,0.3333333333333333,0,2,221.0,212.0,-4.5,0.0,23580.715,1,1.0,1,1.0,0
0200512145,BIG corporation,1,1,0,,30.44,7449.17,7449.17,7449.17,7449.17,7449.17,0.0,0.0,8.915992129905208,8.915992129905208,1,0,0,0,0.0,1.0,-31.0,-31.0,0.0,-31.0,-31.0,1,0.0,0,1,248.0,234.0,-31.0,0.0,7449.17,1,1.0,1,1.0,0
0200514741,LIDE llc,1,1,0,,30.44,140778.3,140778.3,140778.3,140778.3,140778.3,0.0,0.0,11.85494869485256,11.85494869485256,0,1,0,0,0.0,0.0,,,,,,0,0.0,0,0,46.0,,,,,1,1.0,1,1.0,0
0200515231,US  ,29,13,460,16.428571428571427,1.9190434782608696,1015374.34,35012.908275862064,37876.57,1757.95,75319.69,18518.867164713025,0.5289154222438571,13.830768895204857,10.463500640847649,26,3,21,4,0.8076923076923077,0.0384615384615384,1.5384615384615383,1.0,1.5551403597301237,-1.0,6.0,1,0.9912113800799504,1,0,30.0,94.0,0.3333333333333333,0.3333333333333333,35598.28666666666,3,0.6551724137931034,1,1.0,0
0200516657,MAINES systems,3,3,350,175.0,0.2609142857142857,46706.990000000005,15568.996666666668,15111.51,10904.7,20690.78,4909.053980069208,0.3153095915666503,10.751670521099497,9.6531010507411,3,0,3,0,1.0,0.0,2.333333333333333,2.0,0.5773502691896258,2.0,3.0,1,0.2020305089104421,3,0,119.0,102.0,2.333333333333333,1.0,15568.996666666668,1,1.0,1,1.0,0
0200519201,KROGE corporation,45,17,481,10.931818181818182,2.847817047817048,4934036.970000001,109645.26600000002,88485.27,1433.95,330646.64,93829.1051873202,0.8557515395814734,15.411668271623506,11.60501469945862,32,13,15,17,0.46875,0.0,6.78125,0.0,16.219729871264015,0.0,54.0,1,2.3541802897820725,3,0,17.0,29.0,16.333333333333332,1.0,77727.35,2,0.9111111111111112,1,1.0,0
0200520353,SPRIN in,1,1,0,,30.44,77146.94,77146.94,77146.94,77146.94,77146.94,0.0,0.0,11.253480156203455,11.253480156203455,1,0,0,0,0.0,1.0,-6.0,-6.0,0.0,-6.0,-6.0,1,0.0,0,1,431.0,422.0,-6.0,0.0,77146.94,1,1.0,1,1.0,0
0200526831,PERISH llc,63,15,449,7.241935483870968,4.271091314031181,6369049.949999999,101096.03095238094,110642.0,531.87,146946.31,32308.66588314612,0.3195839201478088,15.666961029007483,11.52383603714292,49,14,20,5,0.4081632653061224,0.4897959183673469,0.4081632653061224,0.0,2.849841862183897,-3.0,13.0,1,6.910499258374896,1,0,23.0,81.0,0.6666666666666666,0.6666666666666666,106965.23,1,1.0,1,1.0,0
0200529372,GHC  corporation,5,4,447,111.75,0.3404921700223713,954361.61,190872.322,241674.61,21471.51,333377.81,124673.90876337086,0.6531796095788621,13.768798972552492,12.159365251388644,3,2,1,2,0.3333333333333333,0.0,0.3333333333333333,0.0,0.5773502691896258,0.0,1.0,1,1.4142135623730951,0,2,21.0,260.0,0.3333333333333333,0.3333333333333333,199837.43,1,1.0,1,1.0,0
0200539926,SIGMA A corp,4,4,316,105.33333333333331,0.3853164556962025,146772.24,36693.06,36566.12,28761.25,44878.75,6597.351379182406,0.1797983427706058,11.896644089717586,10.51037016808204,4,0,1,0,0.25,0.75,-2.0,-3.5,4.08248290463863,-5.0,4.0,1,1.7677669529663689,0,2,179.0,154.0,-1.3333333333333333,0.3333333333333333,36549.21666666667,1,1.0,1,1.0,0
0200540723,LAKE ,7,7,414,69.0,0.5146859903381643,242466.41,34638.05857142857,36988.96,2480.0,85503.6,28286.413777926693,0.8166281525159995,12.398622588575718,10.452737184807882,6,1,2,1,0.3333333333333333,0.5,-15.333333333333334,-1.0,35.47205472857002,-87.0,5.0,1,2.1118309278147387,0,2,65.0,71.0,-28.0,0.3333333333333333,41667.98,2,0.7142857142857143,1,1.0,0
0200541916,VF G corp,2,2,421,421.0,0.1446080760095011,59788.87,29894.435,29894.435,25487.55,34301.32,6232.276534818558,0.2084761439652081,10.998591527595952,10.30546107213739,1,1,0,0,0.0,1.0,-2.0,-2.0,0.0,-2.0,-2.0,1,0.0,0,1,7.0,415.0,-2.0,0.0,25487.55,1,1.0,1,1.0,0
0200543982,J&J S associates,4,4,251,83.66666666666667,0.4850996015936255,226386.44,56596.61,70049.45,9495.49,76792.05,31646.33860014036,0.5591560801988027,12.330003146740456,10.943722037151316,4,0,0,0,0.0,1.0,-4.5,-4.5,4.041451884327381,-8.0,-1.0,1,0.7777777777777778,0,4,207.0,200.0,-5.666666666666667,0.0,72296.98333333334,1,1.0,1,1.0,0
0200550425,BIG APP systems,2,2,210,210.0,0.2899047619047619,43125.1,21562.55,21562.55,20107.64,23017.46,2057.553454032239,0.0954225476129789,10.671883661254734,9.978759668240295,1,1,0,0,0.0,1.0,-1.0,-1.0,0.0,-1.0,-1.0,1,0.0,0,1,77.0,273.0,-1.0,0.0,20107.64,1,1.0,1,1.0,0
0200551034,JAMES foundation,1,1,0,,30.44,53936.0,53936.0,53936.0,53936.0,53936.0,0.0,0.0,10.895571977794404,10.895571977794404,1,0,0,1,0.0,0.0,0.0,0.0,0.0,0.0,0.0,1,0.0,0,1,102.0,87.0,0.0,0.0,53936.0,1,1.0,1,1.0,0
0200553103,HONOR  trust,2,2,285,285.0,0.2136140350877193,44085.07,22042.535,22042.535,14005.67,30079.4,11365.843481961643,0.515632320963158,10.693899138520676,10.000774640605355,1,1,1,0,1.0,0.0,6.0,6.0,0.0,6.0,6.0,1,0.0,1,0,79.0,326.0,6.0,1.0,30079.4,1,1.0,1,1.0,0
0200553372,VITC ,3,3,241,120.5,0.3789211618257261,45877.39,15292.463333333331,1315.89,1120.1,43441.4,24377.89080353412,1.594111443798402,10.733749479084429,9.635180782974988,3,0,0,1,0.0,0.6666666666666666,-15.0,-22.0,13.0,-23.0,0.0,1,0.7076303701373625,0,3,172.0,157.0,-15.0,0.0,15292.463333333331,2,0.6666666666666666,1,1.0,0
0200555117,BURR corp,74,17,483,6.616438356164384,4.66368530020704,5528344.359999999,74707.35621621621,85177.29,67.38,133554.21,40129.10248046787,0.537150616926226,15.525399117152569,11.221347228535535,55,19,32,21,0.5818181818181818,0.0363636363636363,4.454545454545454,1.0,14.662648669093382,-5.0,91.0,1,3.261553966652157,0,3,14.0,60.0,0.0,0.0,59151.2,1,1.0,1,1.0,0
0200555693,F & corp,3,3,51,25.5,1.7905882352941178,172572.41,57524.136666666665,59444.24,49332.93,63795.24,7419.885460169403,0.1289873414904978,12.058577990143748,10.959977290679392,3,0,1,2,0.3333333333333333,0.0,0.6666666666666666,0.0,1.1547005383792517,0.0,2.0,1,1.4142135623730951,0,1,169.0,154.0,0.6666666666666666,0.3333333333333333,57524.136666666665,1,1.0,1,1.0,0
0200557600,GREEN  corp,12,8,341,31.0,1.0712023460410558,150240.96000000002,12520.080000000002,7845.505,1847.31,27399.39,9934.725978823428,0.7935033944530248,11.920002340150392,9.435168902914567,12,0,4,0,0.3333333333333333,0.6666666666666666,5.166666666666667,-3.5,32.03359978446873,-29.0,81.0,1,5.936097443742184,1,0,136.0,85.0,7.0,0.3333333333333333,11871.37,2,0.75,1,1.0,0
0200559683,JACMAR us,10,7,379,42.11111111111112,0.8031662269129288,303576.34,30357.634,21400.285,13482.13,53005.44,15589.366520158112,0.5135237653948299,12.623391684036925,10.320836237084947,9,1,8,0,0.8888888888888888,0.1111111111111111,1.8888888888888888,2.0,2.1473497877875207,-2.0,5.0,1,1.0718157151934469,8,0,43.0,91.0,3.6666666666666665,1.0,20515.353333333333,2,0.7,1,1.0,0
0200560331,KERR ,4,4,201,67.0,0.605771144278607,250803.45,62700.8625,64706.625,49815.0,71575.2,9386.87556515079,0.149708874661027,12.432428830805184,11.046146431124008,4,0,2,1,0.5,0.25,-13.25,0.5,27.83732506306356,-55.0,1.0,1,1.8194589190957204,0,1,290.0,252.0,-18.0,0.3333333333333333,61233.15,1,1.0,1,1.0,0
0200561861,CO in,65,16,481,7.515625,4.113513513513514,2445855.24,37628.54215384615,29381.54,484.51,144498.43,37147.56277447955,0.9872176982727608,14.709905819994257,10.535544716461809,53,12,4,26,0.0754716981132075,0.4339622641509434,-0.320754716981132,0.0,0.8032047565763898,-2.0,2.0,1,2.480372781448002,0,7,24.0,91.0,-1.0,0.0,3171.58,1,1.0,1,1.0,0
0200568183,E G AY associates,2,2,329,329.0,0.1850455927051671,58298.130000000005,29149.065,29149.065,21446.76,36851.37,10892.704192534104,0.3736896601154824,10.9733424494142,10.280212421621778,1,1,0,1,0.0,0.0,0.0,0.0,0.0,0.0,0.0,1,0.0,0,1,51.0,365.0,0.0,0.0,21446.76,1,1.0,1,1.0,0
0200571849,US  in,30,14,445,15.344827586206897,2.052134831460674,905635.5,30187.85,34590.49,193.05,60351.08,19399.00098665641,0.6426095593643275,13.716393290389158,10.315227929891892,28,2,18,6,0.6428571428571429,0.1428571428571428,1.0714285714285714,1.5,3.2424107564014024,-13.0,5.0,1,2.971718545069689,0,1,56.0,72.0,-0.3333333333333333,0.3333333333333333,43718.69666666666,3,0.6333333333333333,1,1.0,0
0200573068,GROCE llc,12,8,388,35.27272727272727,0.9414432989690722,163014.18,13584.515,18213.51,340.6,25756.69,8794.83801582238,0.6474164161048356,12.001598604287034,9.516759430600866,8,4,1,7,0.125,0.0,0.25,0.0,0.7071067811865476,0.0,2.0,1,2.6457513110645907,0,6,57.0,119.0,0.0,0.0,10745.303333333331,2,0.8333333333333334,1,1.0,0
0200574119,NE-M corp,1,1,0,,30.44,6693.48,6693.48,6693.48,6693.48,6693.48,0.0,0.0,8.809038585205897,8.809038585205897,1,0,1,0,1.0,0.0,2.0,2.0,0.0,2.0,2.0,1,0.0,1,0,315.0,303.0,2.0,1.0,6693.48,1,1.0,1,1.0,0
0200575905,MINA ,1,1,0,,30.44,8969.16,8969.16,8969.16,8969.16,8969.16,0.0,0.0,9.101658792128989,9.101658792128989,1,0,0,1,0.0,0.0,0.0,0.0,0.0,0.0,0.0,1,0.0,0,1,239.0,224.0,0.0,0.0,8969.16,1,1.0,1,1.0,0
0200576926,VILA corp,12,9,420,38.18181818181818,0.8697142857142858,474819.2799999999,39568.27333333332,39287.02,29241.71,45522.75,5340.470932394588,0.1349685109432268,13.070691653526634,10.585808170130315,11,1,6,0,0.5454545454545454,0.4545454545454545,0.5454545454545454,1.0,3.297381881542881,-3.0,6.0,1,5.763872155263528,4,0,50.0,74.0,2.333333333333333,1.0,44884.11666666667,1,1.0,1,1.0,0
0200580232,INTERR co,33,15,455,14.21875,2.207736263736264,1110385.65,33648.05,37760.54,57.6,64049.6,11554.410315100464,0.3433901909650177,13.92021884596788,10.42374010287643,29,4,5,2,0.1724137931034483,0.7586206896551724,-2.103448275862069,-3.0,4.3862189019880935,-7.0,10.0,1,2.0489835971138475,2,0,43.0,86.0,2.0,0.6666666666666666,42385.93333333333,1,1.0,1,1.0,0
0200585100,STAC corp,1,1,0,,30.44,23383.49,23383.49,23383.49,23383.49,23383.49,0.0,0.0,10.059828261070342,10.059828261070342,1,0,1,0,1.0,0.0,20.0,20.0,0.0,20.0,20.0,1,0.0,1,0,190.0,155.0,20.0,1.0,23383.49,1,1.0,1,1.0,0
0200586374,DAIRY  co,1,1,0,,30.44,12683.47,12683.47,12683.47,12683.47,12683.47,0.0,0.0,9.448133689528657,9.448133689528657,1,0,1,0,1.0,0.0,18.0,18.0,0.0,18.0,18.0,1,0.0,1,0,240.0,212.0,18.0,1.0,12683.47,1,1.0,1,1.0,0
0200589514,TONY llc,2,2,153,153.0,0.3979084967320261,252843.39,126421.695,126421.695,122637.55,130205.84,5351.589180986332,0.042331256363762,12.44052951919456,11.747386293628525,1,1,1,0,1.0,0.0,5.0,5.0,0.0,5.0,5.0,1,0.0,1,0,79.0,212.0,5.0,1.0,130205.84,1,1.0,1,1.0,0
0200592182,DECA corp,215,17,495,2.3130841121495327,13.221414141414142,1400864.27,6515.64776744186,3710.66,27.0,43371.8,8239.979354260931,1.2646446904996016,14.152600653671245,8.782115376604398,177,38,32,9,0.1807909604519774,0.768361581920904,-4.548022598870056,-6.0,4.310295423268575,-10.0,13.0,1,0.9450485584889736,1,0,10.0,88.0,-2.333333333333333,0.3333333333333333,2134.833333333333,3,0.6465116279069767,1,1.0,0
0200593992,CAR us,1,1,0,,30.44,33952.5,33952.5,33952.5,33952.5,33952.5,0.0,0.0,10.432747220456651,10.432747220456651,1,0,0,0,0.0,1.0,-2.0,-2.0,0.0,-2.0,-2.0,1,0.0,0,1,395.0,387.0,-2.0,0.0,33952.5,1,1.0,1,1.0,0
0200594874,ADEL in,2,2,28,28.0,2.1742857142857144,151807.3,75903.65,75903.65,66751.36,85055.94,12943.292644771656,0.1705226645197122,11.930373819655774,11.237233226329243,0,2,0,0,0.0,0.0,,,,,,0,0.0,0,0,36.0,,,,,1,1.0,1,1.0,0
0200606231,INTER llc,9,7,424,53.0,0.6461320754716982,340802.81,37866.97888888889,41923.58,11155.37,45913.98,11339.781059520554,0.2994635799384547,12.739062253452271,10.54186114975652,7,2,3,3,0.4285714285714285,0.1428571428571428,2.4285714285714284,0.0,4.859943170351647,-1.0,13.0,1,1.8527077350616024,0,1,59.0,154.0,4.333333333333333,0.3333333333333333,40273.62,1,1.0,1,1.0,0
0200608118,DIS ,3,2,389,194.5,0.2347557840616966,36368.56,12122.853333333333,14802.88,5489.13,16076.55,5780.162001590727,0.4767988065728251,10.501487440024984,9.402930140886882,3,0,1,0,0.3333333333333333,0.6666666666666666,0.3333333333333333,-1.0,3.2145502536643185,-2.0,4.0,1,7.874007874011811,0,1,86.0,72.0,0.3333333333333333,0.3333333333333333,12122.853333333333,1,1.0,1,1.0,0
0200609331,KROG ,16,11,426,28.4,1.1432863849765258,302110.27,18881.891875,15602.715,2067.04,47042.45,11006.877629339586,0.582932986917106,12.6185506722069,9.8460115993153,14,2,2,11,0.1428571428571428,0.0714285714285714,-0.5714285714285714,0.0,3.0562492275106328,-11.0,2.0,1,5.153882032022076,0,10,31.0,86.0,0.0,0.0,16381.896666666667,1,1.0,1,1.0,0
0200609718,FR corp,1,1,0,,30.44,12312.0,12312.0,12312.0,12312.0,12312.0,0.0,0.0,9.418410893792872,9.418410893792872,0,1,0,0,0.0,0.0,,,,,,0,0.0,0,0,84.0,,,,,1,1.0,1,1.0,0
0200610381,MERCHAN corp,4,4,378,126.0,0.3221164021164021,76297.86,19074.465,19627.23,7771.08,29272.32,9157.259693734804,0.4800795038673327,11.24241327613865,9.856158233312938,2,2,0,0,0.0,1.0,-2.0,-2.0,0.0,-2.0,-2.0,1,0.0,0,2,29.0,373.0,-2.0,0.0,15248.04,1,1.0,1,1.0,0
0200619670,AJINOMO corporation,2,2,87,87.0,0.6997701149425287,16451.64,8225.82,8225.82,7947.72,8503.92,393.2927916959577,0.0478119861236882,9.708241229639157,9.015154827751262,1,1,1,0,1.0,0.0,6.0,6.0,0.0,6.0,6.0,1,0.0,1,0,36.0,107.0,6.0,1.0,7947.72,1,1.0,1,1.0,0
0200622385,US  trust,25,14,459,19.125,1.6579520697167756,1193925.98,47757.0392,41572.9,981.31,131556.55,30012.230551427547,0.6284357458958123,13.9927584152857,10.773902691947312,22,3,13,5,0.5909090909090909,0.1818181818181818,1.818181818181818,1.0,2.556715967172837,-2.0,7.0,1,1.3738631664034089,0,3,28.0,79.0,-0.6666666666666666,0.0,42297.08,3,0.88,1,1.0,0
0200624321,FOOD systems,4,3,256,85.33333333333333,0.4756249999999999,43129.57,10782.3925,9067.41,2442.0,22552.75,10029.588027741967,0.9301820563239528,10.671987305413593,9.285762498108326,3,1,1,1,0.3333333333333333,0.3333333333333333,0.3333333333333333,0.0,1.5275252316519468,-1.0,2.0,1,3.741657386773941,0,1,63.0,143.0,0.3333333333333333,0.3333333333333333,13562.523333333333,1,1.0,1,1.0,0
0200625175,ALD corporation,2,2,440,440.0,0.1383636363636363,43056.1,21528.05,21528.05,19856.07,23200.03,2364.536792016567,0.1098351588748896,10.670282420763714,9.977158464907422,1,1,0,1,0.0,0.0,0.0,0.0,0.0,0.0,0.0,1,0.0,0,1,17.0,442.0,0.0,0.0,19856.07,1,1.0,1,1.0,0
0200630112,DOUB llc,1,1,0,,30.44,7384.8,7384.8,7384.8,7384.8,7384.8,0.0,0.0,8.907314516789725,8.907314516789725,0,1,0,0,0.0,0.0,,,,,,0,0.0,0,0,10.0,,,,,1,1.0,1,1.0,0
0200637068,CON corporation,2,2,210,210.0,0.2899047619047619,8868.34,4434.17,4434.17,3000.1,5868.24,2028.0812433923843,0.4573756178478462,9.090355664417954,8.397321225463388,1,1,1,0,1.0,0.0,14.0,14.0,0.0,14.0,14.0,1,0.0,1,0,67.0,248.0,14.0,1.0,3000.1,1,1.0,1,1.0,0
0200637319,DIRECT  ,11,5,374,37.4,0.8952941176470589,42060.65,3823.695454545455,770.0,36.0,20373.95,6503.939236440273,1.7009563951304367,10.646891678159124,8.24923412336414,11,0,9,1,0.8181818181818182,0.0909090909090909,7.909090909090909,11.0,5.906852722974316,-2.0,14.0,1,0.7120872874360248,1,0,91.0,64.0,3.6666666666666665,0.6666666666666666,6961.983333333334,1,1.0,1,1.0,0
0200639484,CHARLOTT us,1,1,0,,30.44,14645.5,14645.5,14645.5,14645.5,14645.5,0.0,0.0,9.591956678052355,9.591956678052355,1,0,1,0,1.0,0.0,62.0,62.0,0.0,62.0,62.0,1,0.0,1,0,270.0,193.0,62.0,1.0,14645.5,1,1.0,1,1.0,0
0200644313,DAVISCO ,3,3,421,210.5,0.2169121140142517,22612.25,7537.416666666667,4851.25,3761.0,14000.0,5623.246284027878,0.7460442393872185,10.026291296649376,8.927767447792505,1,2,1,0,1.0,0.0,12.0,12.0,0.0,12.0,12.0,1,0.0,1,0,44.0,443.0,12.0,1.0,14000.0,1,1.0,1,1.0,0
0200646464,CUSTOMI us,8,8,459,65.57142857142857,0.5305446623093681,199193.77,24899.22125,22650.48,5191.22,76479.6,22450.901154944724,0.9016708165097622,12.202038368767886,10.122631967955492,6,2,3,3,0.5,0.0,0.8333333333333334,0.5,1.1690451944500122,0.0,3.0,1,1.2806248474865698,1,0,23.0,73.0,0.3333333333333333,0.3333333333333333,37747.16666666666,2,0.75,1,1.0,0
0200656729,PERFOR co,7,6,388,64.66666666666667,0.5491752577319587,140327.02999999997,20046.71857142857,17665.17,6061.98,32293.85,10065.244471496007,0.5020893786498016,11.85173803230844,9.90587063929932,6,1,1,0,0.1666666666666666,0.8333333333333334,-3.5,-4.0,3.5637059362410923,-9.0,2.0,1,0.9294867283782444,1,0,77.0,81.0,-2.0,0.3333333333333333,19649.106666666667,1,1.0,1,1.0,0
0200657619,SOTO ,3,2,162,81.0,0.5637037037037037,61307.95,20435.983333333334,7484.23,370.75,53452.97,28813.910804292656,1.4099595959884152,11.023681114529506,9.92510144699386,3,0,1,0,0.3333333333333333,0.6666666666666666,-3.6666666666666665,-5.0,6.110100926607786,-9.0,3.0,1,1.360602686099615,1,0,217.0,182.0,-3.6666666666666665,0.3333333333333333,20435.983333333334,3,0.3333333333333333,1,1.0,0
0200658936,CARIBB trust,4,4,188,62.66666666666666,0.6476595744680851,212718.8,53179.7,53130.2,50399.6,56058.8,3211.200504484268,0.0603839529836435,12.267731085713375,10.881450827553556,3,1,3,0,1.0,0.0,1.6666666666666667,1.0,1.1547005383792517,1.0,3.0,1,0.565685424949238,3,0,79.0,30.0,1.6666666666666667,1.0,54106.4,1,1.0,1,1.0,0
0200661137,AFFI associates,11,9,428,42.8,0.7823364485981309,165314.53,15028.593636363636,12763.36,261.89,30469.18,9605.679255911342,0.6391602227283032,12.01561122978928,9.6177764455461,9,2,1,0,0.1111111111111111,0.8888888888888888,-4.0,-4.0,3.570714214271425,-11.0,1.0,1,0.8416254115301732,0,1,37.0,105.0,-3.0,0.3333333333333333,13412.136666666667,1,1.0,1,1.0,0
0200668077,IN-N- llc,10,10,438,48.66666666666666,0.6949771689497717,316879.2,31687.92,26582.4,26582.4,77637.6,16145.071839542868,0.5095024173105356,12.666279063449348,10.363722371952758,8,2,8,0,1.0,0.0,5.25,4.0,3.5355339059327378,2.0,13.0,1,0.629940788348712,8,0,16.0,90.0,5.0,1.0,26582.400000000005,1,1.0,1,1.0,0
0200673194,PERFOR associates,8,7,352,50.285714285714285,0.6918181818181819,180286.11,22535.76375,20870.53,7050.32,36845.0,11057.662476665462,0.4906717428942457,12.102305914677888,10.02290319920204,8,0,1,1,0.125,0.75,-4.75,-4.0,4.234214381508266,-11.0,1.0,1,0.8338410272502558,0,4,135.0,126.0,-5.666666666666667,0.0,20794.356666666667,2,0.875,1,1.0,0
0200677269,GOLD trust,7,7,408,68.0,0.5222549019607844,239987.62,34283.94571428571,29478.05,17286.55,53970.11,14335.5155727827,0.4181407733010515,12.388346784533256,10.442461636350892,6,1,0,0,0.0,1.0,-4.0,-4.5,1.2649110640673518,-5.0,-2.0,1,0.2886751345948128,0,6,78.0,88.0,-4.666666666666667,0.0,31368.0,1,1.0,1,1.0,0
0200678532,HARB in,3,3,258,129.0,0.353953488372093,69489.40000000001,23163.13333333333,13879.16,868.83,54741.41,28110.635702606112,1.2135938302506328,11.148943892515724,10.050360384387366,3,0,1,0,0.3333333333333333,0.6666666666666666,1.0,-1.0,6.244997998398398,-4.0,8.0,1,5.0990195135927845,0,2,87.0,73.0,1.0,0.3333333333333333,23163.13333333333,1,1.0,1,1.0,0
0200679800,CAMP corp,3,3,243,121.5,0.3758024691358025,88397.48999999999,29465.83,34201.6,11409.66,42786.23,16215.514927405176,0.550315905827366,11.38961016703188,10.291020502928689,3,0,1,2,0.3333333333333333,0.0,3.0,0.0,5.196152422706632,0.0,9.0,1,1.414213562373095,1,0,123.0,99.0,3.0,0.3333333333333333,29465.83,1,1.0,1,1.0,0
0200684768,TOTA ,6,5,323,64.6,0.5654489164086688,108686.6,18114.43333333333,20128.715,11989.23,23220.17,4840.8462461212985,0.2672369682806141,11.596232991165222,9.804519524286974,5,1,0,0,0.0,1.0,-3.0,-3.0,2.0,-5.0,-1.0,1,0.5962847939999439,0,5,36.0,87.0,-3.0,0.0,17831.303333333333,1,1.0,1,1.0,0
0200685603,CHAR llc,1,1,0,,30.44,1563.0,1563.0,1563.0,1563.0,1563.0,0.0,0.0,7.355001921105257,7.355001921105257,1,0,0,0,0.0,1.0,-5.0,-5.0,0.0,-5.0,-5.0,1,0.0,0,1,242.0,232.0,-5.0,0.0,1563.0,1,1.0,1,1.0,0
0200685765,BART corporation,1,1,0,,30.44,83969.12,83969.12,83969.12,83969.12,83969.12,0.0,0.0,11.338216300258402,11.338216300258402,1,0,1,0,1.0,0.0,3.0,3.0,0.0,3.0,3.0,1,0.0,1,0,212.0,189.0,3.0,1.0,83969.12,1,1.0,1,1.0,0
0200686200,STEVEN  trust,1,1,0,,30.44,62694.72,62694.72,62694.72,62694.72,62694.72,0.0,0.0,11.046048462728088,11.046048462728088,1,0,1,0,1.0,0.0,10.0,10.0,0.0,10.0,10.0,1,0.0,1,0,267.0,247.0,10.0,1.0,62694.72,1,1.0,1,1.0,0
0200687457,ARKANS associates,2,2,58,58.0,1.0496551724137932,13116.94,6558.47,6558.47,5881.52,7235.42,957.3518710484664,0.1459718304800458,9.481736037975253,8.788665085991303,2,0,1,0,0.5,0.5,-2.0,-2.0,4.242640687119285,-5.0,1.0,1,1.5,1,0,448.0,437.0,-2.0,0.5,6558.47,1,1.0,1,1.0,0
0200689451,PORK associates,4,4,290,96.66666666666669,0.4198620689655172,515319.54,128829.885,124470.085,99177.2,167202.17,28719.31608393267,0.2229243322225481,13.152544393797484,11.766255854279946,2,2,0,0,0.0,1.0,-2.5,-2.5,0.7071067811865476,-3.0,-2.0,1,0.2,0,2,28.0,146.0,-2.5,0.0,133189.685,1,1.0,1,1.0,0
0200692711,SWEET  ,5,4,329,82.25,0.4626139817629179,291560.0,58312.0,57892.0,56296.0,60772.0,1966.206499836678,0.0337187285607881,12.583004525316031,10.973580332043827,5,0,0,0,0.0,1.0,-2.8,-3.0,1.095445115010332,-4.0,-1.0,1,0.3499271061118826,0,5,86.0,79.0,-2.333333333333333,0.0,58992.0,1,1.0,1,1.0,0
0200696090,UNITE ,54,16,490,9.245283018867925,3.35461224489796,267658.24,4956.634074074074,4714.87,570.72,11414.51,2248.5450054256416,0.453643535476377,12.497469957923183,8.50868390472297,45,9,25,18,0.5555555555555556,0.0444444444444444,2.355555555555556,1.0,8.160758530797233,-5.0,54.0,1,3.425762551112347,1,0,16.0,67.0,1.3333333333333333,0.3333333333333333,3497.7,1,1.0,1,1.0,0
0200697207,WA systems,15,7,327,23.357142857142858,1.3963302752293578,688185.7999999999,45879.05333333333,39416.18,13273.38,86913.94,17625.352116555074,0.384169917118787,13.441815591690776,10.733785733695406,13,2,4,3,0.3076923076923077,0.4615384615384615,-0.2307692307692307,0.0,1.8776690404970269,-5.0,2.0,1,7.817359599705714,2,0,23.0,87.0,1.0,0.6666666666666666,39884.59,1,1.0,1,1.0,0
0200698446,FOOD us,1,1,0,,30.44,32373.76,32373.76,32373.76,32373.76,32373.76,0.0,0.0,10.385134385846948,10.385134385846948,1,0,1,0,1.0,0.0,8.0,8.0,0.0,8.0,8.0,1,0.0,1,0,319.0,296.0,8.0,1.0,32373.76,1,1.0,1,1.0,0
0200700057,HOB associates,1,1,0,,30.44,21688.12,21688.12,21688.12,21688.12,21688.12,0.0,0.0,9.984566031305842,9.984566031305842,1,0,0,1,0.0,0.0,0.0,0.0,0.0,0.0,0.0,1,0.0,0,1,177.0,162.0,0.0,0.0,21688.12,1,1.0,1,1.0,0
0200700823,DISCOU foundation,1,1,0,,30.44,107906.64,107906.64,107906.64,107906.64,107906.64,0.0,0.0,11.589030955041707,11.589030955041707,1,0,0,1,0.0,0.0,0.0,0.0,0.0,0.0,0.0,1,0.0,0,1,295.0,280.0,0.0,0.0,107906.64,1,1.0,1,1.0,0
0200700919,US  systems,103,16,477,4.676470588235294,6.572997903563941,3933676.8000000007,38191.03689320389,39221.31,0.72,87171.88,20308.656181285864,0.5317649855403584,15.185085373204393,10.550382314571126,93,10,68,14,0.7311827956989247,0.1182795698924731,1.6559139784946235,1.0,2.6600695629017657,-8.0,8.0,1,1.5977457133347834,0,1,29.0,67.0,0.0,0.6666666666666666,38068.25666666666,4,0.7281553398058253,1,1.0,0
0200701040,SOUTHE corp,16,10,418,27.866666666666667,1.1651674641148326,356071.86,22254.49125,13690.36,7285.51,133566.34,30286.557492945038,1.360918888358997,12.782890651814917,10.01034405489764,15,1,2,9,0.1333333333333333,0.2666666666666666,-2.6,0.0,8.942674575954811,-25.0,13.0,1,3.322863240993104,1,0,33.0,148.0,0.3333333333333333,0.3333333333333333,8972.946666666667,2,0.8125,1,1.0,0
0200701314,MBM  us,22,14,485,23.09523809523809,1.380783505154639,312951.31,14225.059545454546,11331.675,3566.36,35842.13,8070.911349847071,0.5673727638227032,12.653806093696431,9.562830740962651,19,3,19,0,1.0,0.0,2.9473684210526314,1.0,5.431121065064912,1.0,25.0,1,1.7935542184985318,19,0,14.0,84.0,1.0,1.0,10643.9,2,0.9090909090909092,1,1.0,0
0200701487,KAGO associates,4,3,296,98.66666666666669,0.4113513513513513,230377.76,57594.44,33836.73,7026.8,155677.5,67702.98136988061,1.1755124517206976,12.347480016054345,10.96119867688347,4,0,0,1,0.0,0.75,-3.0,-2.5,3.1622776601683795,-7.0,0.0,1,0.9128709291752768,0,4,93.0,87.0,-4.0,0.0,60542.36666666666,1,1.0,1,1.0,0
0200702946,C  co,2,2,355,355.0,0.1714929577464788,22620.54,11310.27,11310.27,1216.66,21403.88,14274.520155304695,1.2620848269143616,10.026657828696626,9.333554852814958,2,0,1,0,0.5,0.5,1.5,1.5,3.5355339059327378,-1.0,4.0,1,1.6666666666666667,0,1,128.0,97.0,1.5,0.5,11310.27,2,0.5,1,1.0,0
0200703332,MAIN S ,2,2,224,224.0,0.2717857142857143,20464.2,10232.1,10232.1,5751.0,14713.2,6337.232394350077,0.6193481684453902,9.92648116166155,9.233382843344293,1,1,1,0,1.0,0.0,3.0,3.0,0.0,3.0,3.0,1,0.0,1,0,51.0,262.0,3.0,1.0,14713.2,1,1.0,1,1.0,0
0200703371,DENNIS trust,1,1,0,,30.44,32633.28,32633.28,32633.28,32633.28,32633.28,0.0,0.0,10.393118548622788,10.393118548622788,1,0,0,0,0.0,1.0,-2.0,-2.0,0.0,-2.0,-2.0,1,0.0,0,1,197.0,184.0,-2.0,0.0,32633.28,1,1.0,1,1.0,0
0200703398,NEX foundation,8,6,321,45.85714285714285,0.7586292834890966,1461.04,182.63,160.38,11.88,380.16,159.35001510601032,0.8725292400263391,7.287587999716574,5.212922863531088,6,2,2,0,0.3333333333333333,0.6666666666666666,5.333333333333333,-1.0,10.211105065891088,-2.0,19.0,1,1.7477664317636952,0,3,30.0,98.0,-1.3333333333333333,0.0,190.08,1,1.0,1,1.0,0
0200703851,PERFOR co,1,1,0,,30.44,49095.81,49095.81,49095.81,49095.81,49095.81,0.0,0.0,10.801549342221904,10.801549342221904,1,0,1,0,1.0,0.0,1.0,1.0,0.0,1.0,1.0,1,0.0,1,0,90.0,74.0,1.0,1.0,49095.81,1,1.0,1,1.0,0
0200704045,RA corp,204,17,487,2.399014778325123,12.751047227926078,8891996.43,43588.21779411765,37525.145,0.79,149720.74,30992.27099973845,0.7110240465927228,16.00066226504234,10.682565100453806,153,51,61,91,0.3986928104575163,0.0065359477124183,1.431372549019608,0.0,8.040002541471804,-15.0,90.0,1,5.598601814569506,0,4,18.0,39.0,0.0,0.0,14235.923333333332,4,0.9509803921568628,1,1.0,3
0200704836,WAGNE in,2,2,196,196.0,0.3106122448979592,71536.87,35768.435,35768.435,34930.09,36606.78,1185.598868947674,0.0331465122515892,11.177982238816512,10.484849036769075,2,0,1,0,0.5,0.5,1.5,1.5,4.949747468305833,-2.0,5.0,1,2.333333333333333,0,1,197.0,184.0,1.5,0.5,35768.435,1,1.0,1,1.0,0
0200704858,WAKE foundation,321,18,489,1.528125,19.98208588957056,16099909.55,50155.48146417446,35866.25,77.64,189528.0,45522.81318400551,0.9076338588539316,16.594324274038637,10.822903026597924,242,79,86,70,0.3553719008264462,0.3553719008264462,-2.5454545454545454,0.0,15.096920628000028,-60.0,46.0,1,5.918666424533313,0,2,20.0,71.0,-17.333333333333332,0.3333333333333333,84124.18,4,0.9034267912772586,1,1.0,3
0200705089,JETR in,99,16,458,4.673469387755102,6.5798253275109175,981534.28,9914.487676767676,7448.0,280.5,36894.64,8854.240111377727,0.8930607813579318,13.796873237034818,9.201853225500008,87,12,26,52,0.2988505747126437,0.1034482758620689,-0.3333333333333333,0.0,10.41875172930516,-50.0,22.0,1,31.076102360673143,0,1,28.0,72.0,1.6666666666666667,0.3333333333333333,16552.196666666667,3,0.9393939393939394,1,1.0,3
0200705372,FR co,139,17,489,3.5434782608695654,8.652678936605318,6921286.65,49793.42913669065,49918.92,777.37,150810.74,37353.1053728068,0.7501613369560622,15.750112386873347,10.815658392030333,111,28,40,70,0.3603603603603603,0.009009009009009,0.6126126126126126,0.0,2.20400945044654,-17.0,11.0,1,3.581478691738535,0,4,15.0,81.0,0.0,0.0,73377.37999999999,5,0.8776978417266187,1,1.0,3
0200705600,WESTCO foundation,1,1,0,,30.44,70253.8,70253.8,70253.8,70253.8,70253.8,0.0,0.0,11.159883912263917,11.159883912263917,1,0,0,0,0.0,1.0,-5.0,-5.0,0.0,-5.0,-5.0,1,0.0,0,1,443.0,428.0,-5.0,0.0,70253.8,1,1.0,1,1.0,0
0200705742,DOT llc,782,18,493,0.6312419974391805,48.284137931034486,19976537.520000003,25545.444398976982,14699.13,12.27,155074.68,28382.118574631444,1.1110442289180946,16.810069068928396,10.148253423481204,659,123,70,180,0.1062215477996965,0.6206373292867982,-6.4385432473444615,-5.0,7.63075095810871,-34.0,25.0,1,1.1842677486222777,0,3,15.0,53.0,-17.0,0.0,12003.276666666668,6,0.3005115089514066,1,1.0,5
0200705985,POCON co,2,2,136,136.0,0.4476470588235294,32704.53,16352.265,16352.265,15150.73,17553.8,1699.227092665957,0.1039138671410937,10.395299455737176,9.70218285057877,2,0,1,1,0.5,0.0,1.5,1.5,2.1213203435596424,0.0,3.0,1,1.0,1,0,140.0,122.0,1.5,0.5,16352.265,1,1.0,1,1.0,0
0200706331,J KIN corp,4,4,230,76.66666666666667,0.5293913043478261,310821.7,77705.425,86941.29000000001,47270.71,89668.41,20366.39959201675,0.2620975252630913,12.646977932131572,11.260693222769811,4,0,1,2,0.25,0.25,0.5,0.0,7.371114795831994,-8.0,10.0,1,12.767145334803704,0,1,268.0,261.0,0.6666666666666666,0.3333333333333333,74133.32333333333,2,0.75,1,1.0,0
0200706844,WINC co,397,18,494,1.2474747474747474,24.462914979757088,10058272.45,25335.698866498744,16337.39,107.96,123292.51,23968.273887635336,0.946027737933389,16.12390608265806,10.14000917176995,312,85,141,161,0.4519230769230769,0.032051282051282,0.4487179487179487,0.0,6.593668279005814,-58.0,52.0,1,14.670893021245035,0,3,15.0,71.0,0.0,0.0,2597.523333333333,5,0.947103274559194,1,1.0,5
0200707005,KING S associates,134,16,479,3.601503759398496,8.515574112734864,7440743.37,55527.935597014926,46030.83,256.56,166135.54,45783.477205723226,0.8245125037240617,15.822481451535817,10.9246595259809,113,21,39,73,0.3451327433628318,0.0088495575221238,0.4513274336283185,0.0,0.7069950298178234,-1.0,2.0,1,1.5595324568743667,0,1,24.0,72.0,0.6666666666666666,0.3333333333333333,26641.7,4,0.9402985074626866,1,1.0,3
0200707519,CITY L us,1,1,0,,30.44,43190.45,43190.45,43190.45,43190.45,43190.45,0.0,0.0,10.673397837977449,10.673397837977449,1,0,0,0,0.0,1.0,-5.0,-5.0,0.0,-5.0,-5.0,1,0.0,0,1,318.0,308.0,-5.0,0.0,43190.45,1,1.0,1,1.0,0
0200707741,SMART &  ,71,16,460,6.571428571428571,4.698347826086957,3709222.2199999993,52242.56647887323,43069.02,4658.14,150537.75,39005.90776676506,0.746630772485861,15.12633303799861,10.863672032655044,52,19,25,16,0.4807692307692308,0.2115384615384615,-3.692307692307693,0.0,15.826929720386625,-53.0,12.0,1,4.245044087586789,1,0,25.0,74.0,2.333333333333333,0.6666666666666666,61344.82000000001,2,0.9154929577464788,1,1.0,0
0200707822,PUBLI in,674,18,494,0.7340267459138187,41.5314979757085,48635875.31,72160.05238872404,70979.08,24.91,238408.94,50980.9423067853,0.7064981332351657,17.69987201221732,11.1866557387311,524,150,213,305,0.4064885496183206,0.0114503816793893,0.9790076335877864,0.0,5.1141406115759365,-15.0,90.0,1,5.218813623817196,0,6,15.0,71.0,0.0,0.0,82332.26333333334,5,0.9658753709198812,1,1.0,5
0200708328,MICHIGA trust,1,1,0,,30.44,14467.39,14467.39,14467.39,14467.39,14467.39,0.0,0.0,9.5797215487496,9.5797215487496,1,0,0,0,0.0,1.0,-9.0,-9.0,0.0,-9.0,-9.0,1,0.0,0,1,479.0,473.0,-9.0,0.0,14467.39,1,1.0,1,1.0,0
0200708411,SHAM in,29,13,491,17.535714285714285,1.7978818737270876,987828.73,34063.05965517241,25440.83,2441.92,72672.26,22553.591315205285,0.6621129030545136,13.803265623821416,10.435998138399118,28,1,3,1,0.1071428571428571,0.8571428571428571,-9.0,-11.0,4.88383577240798,-13.0,6.0,1,0.5328701692569688,0,4,15.0,81.0,-10.333333333333334,0.0,32305.41,3,0.7241379310344828,1,1.0,0
0200708511,UPPER co,6,6,448,89.6,0.4076785714285714,138038.37,23006.395,18488.54,12786.9,40899.41,11858.22531555671,0.5154317012968225,11.835294213307002,10.04357096497338,4,2,2,0,0.5,0.5,0.5,0.0,5.507570547286102,-5.0,7.0,1,9.539392014169456,0,1,35.0,199.0,2.333333333333333,0.6666666666666666,21103.573333333334,1,1.0,1,1.0,0
0200709886,CINCIN us,2,2,190,190.0,0.3204210526315789,11386.02,5693.01,5693.01,961.32,10424.7,6691.620170945151,1.1754098747314954,9.340229389197926,8.647170024071073,2,0,2,0,1.0,0.0,31.0,31.0,38.18376618407357,4.0,58.0,1,0.8709677419354839,2,0,310.0,242.0,31.0,1.0,5693.01,1,1.0,1,1.0,0
0200711029,WEGMAN in,100,16,480,4.848484848484849,6.341666666666667,3499597.2,34995.972,26589.46,2180.34,121430.15,25175.93671684732,0.7193952697426813,15.06815871986962,10.46301682244326,78,22,29,49,0.3717948717948718,0.0,0.8974358974358975,0.0,1.806120500429377,0.0,10.0,1,1.9995917950768796,0,1,23.0,80.0,0.6666666666666666,0.3333333333333333,32550.266666666663,3,0.97,1,1.0,3
0200711899,STANZ  associates,1,1,0,,30.44,17147.05,17147.05,17147.05,17147.05,17147.05,0.0,0.0,9.749639743505544,9.749639743505544,1,0,0,0,0.0,1.0,-3.0,-3.0,0.0,-3.0,-3.0,1,0.0,0,1,95.0,83.0,-3.0,0.0,17147.05,1,1.0,1,1.0,0
0200712102,SUGAR  associates,26,11,401,16.04,1.9736658354114716,1371521.88,52750.84153846154,41202.5,21000.72,84571.83,18833.48493053491,0.3570271939036857,14.1314322716851,10.873353961410684,25,1,23,0,0.92,0.08,10.72,11.0,5.813203362461469,-2.0,26.0,1,0.5313202242187333,8,0,85.0,21.0,13.333333333333334,1.0,55084.27666666667,1,1.0,1,1.0,0
0200712105,WALG in,83,17,490,5.975609756097561,5.156163265306123,3930769.34,47358.66674698795,40519.66,551.97,120418.5,37632.237231227766,0.7946219734663711,15.184345979904135,10.765526232940816,56,27,44,12,0.7857142857142857,0.0,7.0,1.0,14.089325424202924,0.0,85.0,1,1.9947087440929647,1,0,18.0,17.0,2.0,0.6666666666666666,22703.186666666665,2,0.9156626506024096,1,1.0,0
0200712187,SPAR co,71,16,479,6.842857142857143,4.511983298538622,5056253.470000001,71214.83760563382,55669.62,734.27,182351.48,51088.98381157023,0.7173924076677045,15.436136543842936,11.173470510945714,51,20,4,30,0.0784313725490196,0.3333333333333333,-0.4117647058823529,0.0,0.9833914904703068,-3.0,2.0,1,2.364706479606693,0,4,18.0,84.0,-1.0,0.0,71326.72,2,0.9577464788732394,1,1.0,3
0200712349,FOOD co,5,4,272,68.0,0.5595588235294118,51727.0,10345.4,12724.48,1387.33,17508.23,7357.738686084197,0.7112087194389968,10.853754499965214,9.244393912101035,5,0,0,0,0.0,1.0,-4.6,-4.0,2.6076809620810595,-8.0,-1.0,1,0.5070392952039392,0,5,112.0,98.0,-4.333333333333333,0.0,7164.763333333333,1,1.0,1,1.0,0
0200712836,WINKLE associates,8,7,357,51.0,0.6821288515406163,250103.26,31262.9075,31153.08,4551.64,64823.45,22866.88814328685,0.7314383073067293,12.429633149907373,10.35021959616362,8,0,0,6,0.0,0.25,-0.25,0.0,0.4629100498862757,-1.0,0.0,1,1.7320508075688772,0,8,114.0,99.0,0.0,0.0,54280.156666666655,1,1.0,1,1.0,0
0200713007,KEEFE  us,9,6,402,50.25,0.6814925373134328,454645.94,50516.21555555556,32993.86,6216.0,141105.1,50276.118086598304,0.99524712082414,13.027276440679412,10.830069459259745,6,3,3,1,0.5,0.3333333333333333,0.5,0.5,9.396807968666806,-11.0,16.0,1,17.15614564327703,1,0,43.0,249.0,-2.333333333333333,0.3333333333333333,102501.8,2,0.8888888888888888,1,1.0,0
0200714519,KELLY associates,1,1,0,,30.44,7594.02,7594.02,7594.02,7594.02,7594.02,0.0,0.0,8.935248048337796,8.935248048337796,1,0,0,0,0.0,1.0,-2.0,-2.0,0.0,-2.0,-2.0,1,0.0,0,1,490.0,477.0,-2.0,0.0,7594.02,1,1.0,1,1.0,0
0200714601,HOGG  co,2,2,431,431.0,0.1412529002320185,34926.68,17463.34,17463.34,15208.86,19717.82,3188.3161920988946,0.1825719588634759,10.46103491704368,9.767916366661431,1,1,0,0,0.0,1.0,-2.0,-2.0,0.0,-2.0,-2.0,1,0.0,0,1,48.0,449.0,-2.0,0.0,19717.82,1,1.0,1,1.0,0
0200714710,SYSCO  co,199,16,476,2.404040404040404,12.725966386554624,3605609.83,18118.642361809045,11827.16,48.74,78751.71,17387.092720062676,0.95962447808516,15.098001754015035,9.804751842195182,187,12,130,25,0.6951871657754011,0.1711229946524064,1.6524064171122994,1.0,4.402105078738997,-16.0,22.0,1,2.656924422999833,12,0,30.0,66.0,4.333333333333333,1.0,22622.34,3,0.7738693467336684,1,1.0,3
0200716210,PERFOR in,1,1,0,,30.44,13689.37,13689.37,13689.37,13689.37,13689.37,0.0,0.0,9.524447944944296,9.524447944944296,1,0,0,0,0.0,1.0,-1.0,-1.0,0.0,-1.0,-1.0,1,0.0,0,1,199.0,185.0,-1.0,0.0,13689.37,1,1.0,1,1.0,0
0200718130,SYSCO F in,135,16,473,3.529850746268657,8.687949260042283,2273577.66,16841.316000000003,11268.29,368.65,70715.38,16994.274293095965,1.009082324272994,14.636865650285149,9.731649808031188,123,12,85,11,0.6910569105691057,0.2195121951219512,1.6016260162601623,1.0,5.912947501379638,-32.0,30.0,1,3.676802209512572,2,0,32.0,49.0,2.0,0.6666666666666666,35201.42333333333,3,0.6592592592592592,1,1.0,0
0200718143,S  trust,1,1,0,,30.44,43928.79,43928.79,43928.79,43928.79,43928.79,0.0,0.0,10.690347956626052,10.690347956626052,1,0,1,0,1.0,0.0,11.0,11.0,0.0,11.0,11.0,1,0.0,1,0,429.0,403.0,11.0,1.0,43928.79,1,1.0,1,1.0,0
0200718164,JC F trust,1,1,0,,30.44,60253.33,60253.33,60253.33,60253.33,60253.33,0.0,0.0,11.006329715990493,11.006329715990493,0,1,0,0,0.0,0.0,,,,,,0,0.0,0,0,54.0,,,,,1,1.0,1,1.0,0
0200719300,SYSTEMS co,36,15,450,12.857142857142858,2.4352,895584.0599999999,24877.335,25782.96,4166.38,46410.39,10666.723436702308,0.4287727538621926,13.705232482013333,10.121752623391924,31,5,31,0,1.0,0.0,2.7419354838709675,2.0,1.7882531874333651,1.0,6.0,1,0.6415810919734579,31,0,28.0,71.0,2.333333333333333,1.0,23524.12,3,0.7777777777777778,1,1.0,0
0200719376,MART co,1,1,0,,30.44,69309.0,69309.0,69309.0,69309.0,69309.0,0.0,0.0,11.14634447491203,11.14634447491203,1,0,0,0,0.0,1.0,-3.0,-3.0,0.0,-3.0,-3.0,1,0.0,0,1,429.0,417.0,-3.0,0.0,69309.0,1,1.0,1,1.0,0
0200719526,SHARP S corp,20,11,476,25.05263157894737,1.2789915966386556,274513.07,13725.6535,10328.75,1364.0,36799.5,10465.262133216216,0.7624600266367074,12.522757795448737,9.527094732709712,15,5,0,1,0.0,0.9333333333333332,-2.933333333333333,-2.0,2.76371041140262,-11.0,0.0,1,0.9102265633863994,0,15,16.0,144.0,-2.0,0.0,16180.5,1,1.0,1,1.0,0
0200719839,ASSOCI llc,12,8,477,43.36363636363637,0.7657861635220126,334078.88,27839.906666666662,13677.33,197.82,112016.81,35558.929497638484,1.2772646806396797,12.71913540504089,10.234261680967869,7,5,0,1,0.0,0.8571428571428571,-1.0,-1.0,0.5773502691896257,-2.0,0.0,1,0.5345224838248488,0,7,21.0,177.0,-1.3333333333333333,0.0,38353.833333333336,3,0.75,1,1.0,0
0200720238,WOODM corp,18,12,477,28.058823529411764,1.1486792452830188,1604285.5,89126.97222222222,85780.735,9815.64,157642.85,49133.52741925087,0.5512756261566384,14.288189667418765,11.397828506077474,12,6,5,6,0.4166666666666667,0.0833333333333333,1.8333333333333333,0.0,4.687184332805461,-6.0,13.0,1,2.4478021850611382,0,1,16.0,154.0,2.0,0.6666666666666666,133772.92,1,1.0,1,1.0,0
0200720419,THUR trust,1,1,0,,30.44,31566.68,31566.68,31566.68,31566.68,31566.68,0.0,0.0,10.35988909136358,10.35988909136358,1,0,0,1,0.0,0.0,0.0,0.0,0.0,0.0,0.0,1,0.0,0,1,94.0,79.0,0.0,0.0,31566.68,1,1.0,1,1.0,0
0200721222,GO trust,66,16,489,7.523076923076923,4.108466257668712,3304466.1899999995,50067.66954545454,35853.365,1107.17,179051.36,42203.47569264986,0.8429287018109545,15.010785804958498,10.821150733080689,52,14,16,29,0.3076923076923077,0.1346153846153846,0.8269230769230769,0.0,2.064842526836728,-3.0,7.0,1,2.472892517680897,0,7,17.0,86.0,-0.3333333333333333,0.0,32644.53,1,1.0,1,1.0,0
0200721330,PARK foundation,13,9,391,32.583333333333336,1.0120716112531971,851817.49,65524.42230769231,68351.85,625.45,113144.4,26634.376335758003,0.4064801397361001,13.655128743209126,11.090193473156605,13,0,11,1,0.8461538461538461,0.0769230769230769,2.3076923076923075,2.0,2.52931530209974,-3.0,8.0,1,1.0530379332620878,8,0,92.0,80.0,2.333333333333333,1.0,61857.41666666666,1,1.0,1,1.0,0
0200721530,REDNE foundation,8,7,327,46.71428571428572,0.7447094801223242,387238.29,48404.78625,34430.425,5675.14,109160.21,40623.72729510882,0.8392502155736474,12.86679810134405,10.787374636178953,8,0,1,0,0.125,0.875,-8.375,-3.5,16.55240595373201,-49.0,2.0,1,1.8487591643481296,0,4,95.0,84.0,-3.0,0.0,69379.61666666667,2,0.875,1,1.0,0
0200722352,MIV corp,4,3,219,73.0,0.5559817351598174,78701.9,19675.475,20148.81,1897.0,36507.28,18589.83476613227,0.9448226671087876,11.27343528251948,9.887179038709425,4,0,2,0,0.5,0.5,30.25,7.0,62.73422776549763,-13.0,120.0,1,1.7960143779081,0,2,184.0,182.0,0.3333333333333333,0.3333333333333333,25601.63333333333,1,1.0,1,1.0,0
0200722369,PERFOR co,12,6,445,40.45454545454545,0.8208539325842696,324546.36,27045.53,21901.565,16799.4,57904.98,14302.300846838343,0.5288230937548033,12.690186752088676,10.205313995084738,11,1,2,0,0.1818181818181818,0.8181818181818182,1.6363636363636365,-2.0,13.669474951677753,-14.0,35.0,1,7.964814599533267,0,7,42.0,247.0,-6.666666666666667,0.0,30415.296666666665,1,1.0,1,1.0,0
0200722444,PERFOR llc,75,15,477,6.445945945945946,4.786163522012578,2197700.4399999995,29302.672533333327,28073.94,1521.82,81657.87,20549.078500219977,0.7012697724702183,14.602922572144555,10.285468129585036,65,10,25,24,0.3846153846153846,0.2461538461538461,0.8615384615384616,0.0,10.851089984243696,-21.0,60.0,1,12.497754900421931,1,0,29.0,70.0,0.6666666666666666,0.6666666666666666,35204.87666666667,3,0.8266666666666667,1,1.0,0
0200723406,OLEAN llc,3,2,19,9.5,4.806315789473684,70675.11,23558.37,25657.27,16762.08,28255.76,6027.454345998813,0.2558519263429011,11.16586288813354,10.067278897170306,3,0,1,0,0.3333333333333333,0.6666666666666666,0.3333333333333333,-1.0,5.131601439446884,-4.0,6.0,1,12.569805089976535,1,0,465.0,444.0,0.3333333333333333,0.3333333333333333,23558.37,1,1.0,1,1.0,0
0200723794,MID MO corp,60,15,485,8.220338983050848,3.765773195876289,4299433.199999999,71657.21999999999,62091.725,411.6,172646.64,50762.51953182775,0.7084076040324724,15.273993990610853,11.179663151030484,31,29,5,25,0.1612903225806451,0.032258064516129,0.064516129032258,0.0,3.193070454081961,-14.0,10.0,1,48.68778080791935,0,4,21.0,112.0,-4.666666666666667,0.0,25272.763333333336,4,0.9333333333333332,1,1.0,0
0200724432,PERFOR trust,1,1,0,,30.44,19358.3,19358.3,19358.3,19358.3,19358.3,0.0,0.0,9.870928203152094,9.870928203152094,1,0,0,0,0.0,1.0,-2.0,-2.0,0.0,-2.0,-2.0,1,0.0,0,1,450.0,437.0,-2.0,0.0,19358.3,1,1.0,1,1.0,0
0200724999,GILSTE associates,28,14,488,18.074074074074076,1.7465573770491802,1279994.86,45714.10214285715,50812.765,20732.54,53586.0,9430.29478275491,0.2062885267501288,14.06236740151557,10.73018398493612,23,5,23,0,1.0,0.0,6.956521739130435,7.0,3.3504173535080293,1.0,17.0,1,0.4710360920354193,23,0,16.0,64.0,7.333333333333333,1.0,52355.493333333325,1,1.0,1,1.0,0
0200725393,PERFOR associates,4,3,154,51.333333333333336,0.7906493506493506,122519.41,30629.8525,30092.475,21535.84,40798.62,8541.429884171912,0.278859647925889,11.716032907333538,10.329763031630176,4,0,4,0,1.0,0.0,8.75,4.0,10.21028892833107,3.0,24.0,1,1.0105565247901367,4,0,112.0,94.0,10.0,1.0,32146.17333333333,1,1.0,1,1.0,0
0200725421,BEN  co,31,14,484,16.133333333333333,1.9496694214876036,913003.68,29451.731612903222,25718.28,2756.26,93315.23,17741.97617400029,0.6024085920376674,13.724496285522347,10.290541939036496,24,7,3,2,0.125,0.7916666666666666,-3.0416666666666665,-2.0,6.987436966607917,-18.0,20.0,1,2.2488711957546093,0,15,15.0,73.0,-9.666666666666666,0.0,30697.65,3,0.8709677419354839,1,1.0,0
0200725511,FERR ,5,4,212,53.0,0.7179245283018868,214847.99,42969.598,52987.13,6027.41,95354.0,37609.72776145914,0.8752636634268521,12.277690688237938,10.668271393358264,5,0,2,0,0.4,0.6,-4.4,-5.0,14.028542333400146,-21.0,12.0,1,2.851706752974204,2,0,280.0,242.0,-0.6666666666666666,0.6666666666666666,51944.48333333334,3,0.4,1,1.0,0
0200725729,ELLENB corporation,2,2,126,126.0,0.4831746031746031,32275.02,16137.51,16137.51,14493.07,17781.95,2325.589350508813,0.1441107922169413,10.382079818623676,9.688963620338155,2,0,2,0,1.0,0.0,25.5,25.5,24.748737341529164,8.0,43.0,1,0.6862745098039216,2,0,233.0,175.0,25.5,1.0,16137.51,1,1.0,1,1.0,0
0200726025,MARTI ,12,6,423,38.45454545454545,0.8635460992907801,526552.58,43879.38166666666,43847.69,20132.86,82015.03,20765.78435879815,0.4732469686229205,13.174108371760086,10.689222612315485,11,1,1,0,0.0909090909090909,0.9090909090909092,-5.0,-3.0,7.3484692283495345,-25.0,5.0,1,1.4012980994907414,0,10,76.0,183.0,-10.666666666666666,0.0,64537.08,2,0.8333333333333334,1,1.0,0
0200726979,BJ'S  us,1841,18,494,0.2684782608695652,113.44137651821865,6799413.290000001,3693.3260673546993,356.46,15.42,157174.55,13638.556092961886,3.6927571095097855,15.732347032613076,8.2145534263154,1482,359,659,822,0.4446693657219973,0.0006747638326585,1.363697705802969,0.0,7.225366399433194,-11.0,119.0,1,5.29657580956338,0,6,15.0,1.0,0.0,0.0,482.0366666666667,2,0.9929386203150462,1,1.0,2
0200727272,BROOKS systems,18,11,455,26.764705882352946,1.2042197802197805,581801.77,32322.32055555556,16629.675,800.81,122058.05,38610.349054793805,1.1945413692816516,13.273886786118188,10.38354424731914,15,3,11,4,0.7333333333333333,0.0,2.8,3.0,2.2103651928390216,0.0,7.0,1,0.7626484465736652,2,0,44.0,93.0,1.3333333333333333,0.6666666666666666,42463.36,1,1.0,1,1.0,0
0200727278,BLOU co,14,11,458,35.23076923076923,0.9304803493449784,965900.6,68992.9,75630.035,11041.92,88533.0,18793.688007257195,0.2724003195583487,13.780817244652194,11.141773373874273,11,3,7,2,0.6363636363636364,0.1818181818181818,1.0909090909090908,1.0,1.4459976109624424,-1.0,3.0,1,1.263812574008592,1,0,32.0,147.0,0.3333333333333333,0.3333333333333333,74650.78333333333,1,1.0,1,1.0,0
0200728270,HEI foundation,6,4,433,86.6,0.4218013856812933,355347.22,59224.53666666666,48989.585,3031.38,133922.54,55303.59030327152,0.9337952378511056,12.780853489096582,10.989108090474604,3,3,0,2,0.0,0.3333333333333333,-2.0,0.0,3.4641016151377544,-6.0,0.0,1,1.4142135623730951,0,3,37.0,360.0,-2.0,0.0,57326.32333333333,2,0.8333333333333334,1,1.0,0
0200728385,KECK' co,1,1,0,,30.44,31528.42,31528.42,31528.42,31528.42,31528.42,0.0,0.0,10.35867635719072,10.35867635719072,1,0,0,1,0.0,0.0,0.0,0.0,0.0,0.0,0.0,1,0.0,0,1,169.0,154.0,0.0,0.0,31528.42,1,1.0,1,1.0,0
0200729290,KROGER associates,138,17,484,3.5328467153284677,8.679173553719009,6890860.09,49933.76876811594,44181.445,1596.91,142392.2,36009.763808410025,0.7211505299276194,15.745706611958834,10.818472808008975,108,30,70,38,0.6481481481481481,0.0,1.1944444444444444,1.0,1.1954613025341716,0.0,5.0,1,0.996206976307158,0,2,19.0,23.0,0.6666666666666666,0.3333333333333333,70598.66333333333,3,0.9782608695652174,1,1.0,3
0200729828,KENNETH associates,33,14,401,12.53125,2.5050374064837904,1455179.89,44096.3603030303,43543.8,3114.58,100925.18,23207.509962996013,0.5262908277126264,14.19064077388432,10.694155202569288,33,0,19,7,0.5757575757575758,0.2121212121212121,1.818181818181818,1.0,6.848606361217521,-12.0,25.0,1,3.709222739784352,1,0,91.0,74.0,1.3333333333333333,0.6666666666666666,69628.07666666666,3,0.6363636363636364,1,1.0,0
0200729942,SA co,234,18,491,2.107296137339056,14.50704684317719,2917914.79,12469.721324786326,7244.15,89.3,66782.73,13455.319396094,1.0790393021332867,14.886380148841042,9.431138881811586,192,42,53,52,0.2760416666666667,0.453125,-1.3125,0.0,7.510289625692215,-51.0,7.0,1,5.707204607277304,0,2,17.0,73.0,1.0,0.3333333333333333,9533.1,3,0.9572649572649572,1,1.0,3
0200729968,KOHL corporation,4,4,266,88.66666666666667,0.4577443609022556,134295.65,33573.9125,31389.675000000003,18429.98,53086.32,16386.65748286163,0.4880770891048706,11.807806438045342,10.42153441528231,4,0,2,0,0.5,0.5,0.5,-3.0,10.376254944182254,-7.0,15.0,1,17.97220075561143,0,1,177.0,169.0,0.3333333333333333,0.3333333333333333,38621.89000000001,2,0.5,1,1.0,0
0200731999,UNITED  ,5,4,284,71.0,0.5359154929577464,187082.3,37416.46000000001,35643.2,24950.24,54794.5,11157.96313573405,0.2982100160125797,12.139309251196757,10.529892719384224,4,1,1,3,0.25,0.0,1.25,0.0,2.5,0.0,5.0,1,1.7320508075688774,0,1,63.0,113.0,1.6666666666666667,0.3333333333333333,39874.926666666666,3,0.6,1,1.0,0
0200732421,MARTI ,5,4,410,102.5,0.3712195121951219,413370.51,82674.102,80021.67,12439.56,161314.79,69237.13337134034,0.8374706431203854,12.932102007551146,11.32267377159583,4,1,0,3,0.0,0.25,-0.25,0.0,0.5,-1.0,0.0,1,1.7320508075688772,0,4,35.0,192.0,-0.3333333333333333,0.0,57344.68333333333,1,1.0,1,1.0,0
0200732755,KROGER systems,93,17,486,5.282608695652174,5.824938271604939,4789443.690000001,51499.39451612905,40229.32,1916.3,164351.3,41902.45490100806,0.8136494670414944,15.381925031560096,10.849344747129846,78,15,23,55,0.2948717948717949,0.0,0.5769230769230769,0.0,1.0131502980671363,0.0,5.0,1,1.7448336437736542,0,3,19.0,72.0,0.0,0.0,50432.69,2,0.989247311827957,1,1.0,3
0200733702,HENR in,3,3,393,196.5,0.2323664122137405,113172.28,37724.09333333333,37941.3,32121.23,43109.75,5497.4791495405725,0.1457285958065148,11.636675374486,10.53808075767761,2,1,0,0,0.0,1.0,-6.0,-6.0,4.242640687119285,-9.0,-3.0,1,0.5,0,2,22.0,115.0,-6.0,0.0,35031.265,1,1.0,1,1.0,0
0200734065,VARI corporation,3,3,210,105.0,0.4348571428571429,37078.84,12359.613333333333,8542.17,5703.67,22833.0,9180.585044790629,0.7427890175197466,10.520828704675877,9.4222703522185,3,0,2,0,0.6666666666666666,0.3333333333333333,3.6666666666666665,5.0,5.131601439446884,-2.0,8.0,1,1.1427095536342309,0,1,101.0,88.0,3.6666666666666665,0.6666666666666666,12359.613333333333,1,1.0,1,1.0,0
0200734491,FOOD  associates,2,2,203,203.0,0.2999014778325123,81047.56,40523.78,40523.78,39770.65,41276.91,1065.0866602300505,0.0262830037136232,11.30280376019538,10.609668917841455,2,0,0,2,0.0,0.0,0.0,0.0,0.0,0.0,0.0,1,0.0,0,2,239.0,224.0,0.0,0.0,40523.78,1,1.0,1,1.0,0
0200734750,KEN' llc,1,1,0,,30.44,9175.39,9175.39,9175.39,9175.39,9175.39,0.0,0.0,9.124389160085611,9.124389160085611,1,0,0,0,0.0,1.0,-4.0,-4.0,0.0,-4.0,-4.0,1,0.0,0,1,462.0,450.0,-4.0,0.0,9175.39,1,1.0,1,1.0,0
0200734891,JAKE in,1,1,0,,30.44,43695.92,43695.92,43695.92,43695.92,43695.92,0.0,0.0,10.685032898050611,10.685032898050611,1,0,1,0,1.0,0.0,7.0,7.0,0.0,7.0,7.0,1,0.0,1,0,242.0,220.0,7.0,1.0,43695.92,1,1.0,1,1.0,0
0200735226,BAS co,3,3,82,41.0,1.113658536585366,88691.69,29563.896666666667,43050.88,2195.39,43445.42,23702.642960763536,0.8017428564309758,11.392932752274731,10.294343013125085,3,0,0,0,0.0,1.0,-1.3333333333333333,-1.0,0.5773502691896257,-2.0,-1.0,1,0.3535533905932738,0,3,389.0,375.0,-1.3333333333333333,0.0,29563.896666666667,1,1.0,1,1.0,0
0200735528,ASSOCIA co,39,17,472,12.421052631578949,2.515169491525424,2536308.9400000004,65033.562564102576,58720.49,9479.49,160240.27,40297.46214644662,0.6196410062377566,14.746220803159805,11.082674139313962,26,13,25,1,0.9615384615384616,0.0,1.5,1.0,0.8602325267042626,0.0,3.0,1,0.5623515948579823,21,0,21.0,39.0,2.0,1.0,92427.49333333332,3,0.8974358974358975,1,1.0,0
0200735607,COB corporation,2,2,300,300.0,0.2029333333333333,121688.29,60844.145,60844.145,26667.82,95020.47,48332.62232707067,0.7943676803589017,11.709226271816332,11.01608730887267,2,0,0,2,0.0,0.0,0.0,0.0,0.0,0.0,0.0,1,0.0,0,2,94.0,79.0,0.0,0.0,60844.145,1,1.0,1,1.0,0
0200736312,WESTERN foundation,2,2,172,172.0,0.353953488372093,48057.92,24028.96,24028.96,12707.34,35350.58,16011.188552034482,0.6663288195591687,10.78018303712785,10.087056664143194,1,1,1,0,1.0,0.0,3.0,3.0,0.0,3.0,3.0,1,0.0,1,0,35.0,189.0,3.0,1.0,12707.34,1,1.0,1,1.0,0
0200736337,SYSCO F us,59,15,432,7.448275862068965,4.157314814814815,916365.05,15531.611016949151,9792.69,693.93,44113.92,12287.13283482944,0.7911048519964146,13.72817118173423,9.650697029309644,57,2,47,3,0.8245614035087719,0.1228070175438596,1.2280701754385963,1.0,3.6105873278637537,-15.0,10.0,1,2.9141456548977063,3,0,72.0,77.0,1.3333333333333333,1.0,14727.853333333333,2,0.864406779661017,1,1.0,0
0200737496,HPC  associates,4,4,210,70.0,0.5798095238095239,153785.06,38446.265,36412.27,27991.35,52969.17,11015.989607104457,0.2865295135198297,11.943317694754723,10.557042841064437,4,0,2,0,0.5,0.5,-0.25,-0.5,2.0615528128088303,-2.0,2.0,1,7.14142842854285,0,2,171.0,158.0,-0.6666666666666666,0.3333333333333333,37718.68333333333,2,0.75,1,1.0,0
0200737918,W LEE  trust,8,7,408,58.285714285714285,0.5968627450980393,280426.51,35053.31375,20349.515,2532.2,105210.01,42759.45190782933,1.2198405038904296,12.544070539173198,10.464653959069476,5,3,0,0,0.0,1.0,-2.4,-2.0,0.8944271909999161,-4.0,-2.0,1,0.3333333333333334,0,5,48.0,163.0,-2.0,0.0,44225.56666666667,1,1.0,1,1.0,0
0200738514,KTA  in,3,2,220,110.0,0.4150909090909091,15182.19,5060.7300000000005,1374.35,108.58,13699.26,7507.908753035028,1.483562401676246,9.627944173799804,8.529463601081172,1,2,0,0,0.0,1.0,-12.0,-12.0,0.0,-12.0,-12.0,1,0.0,0,1,53.0,210.0,-12.0,0.0,108.58,2,0.6666666666666666,1,1.0,0
0200738884,US  ,7,6,357,59.5,0.5968627450980393,177207.13,25315.304285714286,28370.75,8451.44,45250.17,14750.57730880033,0.5826743041411613,12.08508019646182,10.139203905325028,6,1,5,1,0.8333333333333334,0.0,2.333333333333333,2.0,1.632993161855452,0.0,5.0,1,0.6388765649999399,1,0,80.0,102.0,1.6666666666666667,0.6666666666666666,10539.403333333334,2,0.8571428571428571,1,1.0,0
0200739006,AL associates,123,16,477,3.9098360655737694,7.849308176100629,3098458.7900000005,25190.721869918703,21300.0,3360.48,68478.0,14018.659502199282,0.5565009043642989,14.94641570405304,10.134270722307036,95,28,38,24,0.4,0.3473684210526316,0.0421052631578947,0.0,6.5637881341229205,-58.0,12.0,1,155.06732408860353,0,4,23.0,72.0,0.0,0.0,20889.43,2,0.991869918699187,1,1.0,3
0200739044,PERFOR corporation,2,2,100,100.0,0.6088,48262.25,24131.125,24131.125,23119.23,25143.02,1431.0356326975236,0.0593024831083309,10.784425680467288,10.091299219391429,2,0,1,0,0.5,0.5,1.0,1.0,2.8284271247461903,-1.0,3.0,1,2.0,1,0,85.0,67.0,1.0,0.5,24131.125,1,1.0,1,1.0,0
0200739074,STEWART foundation,2,2,98,98.0,0.6212244897959184,49341.18,24670.59,24670.59,18008.27,31332.91,9421.943300869518,0.3819099300369191,10.806534572325782,10.11340765819644,1,1,1,0,1.0,0.0,3.0,3.0,0.0,3.0,3.0,1,0.0,1,0,63.0,143.0,3.0,1.0,31332.91,1,1.0,1,1.0,0
0200739386,PEPSI corporation,1,1,0,,30.44,65591.25,65591.25,65591.25,65591.25,65591.25,0.0,0.0,11.09121282770917,11.09121282770917,0,1,0,0,0.0,0.0,,,,,,0,0.0,0,0,53.0,,,,,1,1.0,1,1.0,0
0200739534,OK corporation,208,16,485,2.342995169082126,13.054680412371134,9907360.3,47631.53990384616,39168.505,325.17,178608.89,37246.98247319631,0.7819814884924324,16.1087886044534,10.771271418088997,171,37,106,32,0.6198830409356725,0.1929824561403508,1.713450292397661,1.0,7.259459980048541,-3.0,90.0,1,4.224343359734122,1,0,22.0,39.0,0.6666666666666666,0.6666666666666666,68449.27333333333,3,0.9278846153846154,1,1.0,3
0200739941,FOX  ,6,5,456,91.2,0.4005263157894737,81157.95999999999,13526.326666666666,13039.96,9221.46,19460.58,3869.567684518088,0.2860767583008312,11.304164979663463,9.512467116030006,5,1,4,0,0.8,0.2,0.8,1.0,1.7888543819998317,-2.0,3.0,1,2.0,4,0,42.0,78.0,1.0,1.0,11872.486666666666,1,1.0,1,1.0,0
0200740393,LABAT ,5,5,467,116.75,0.3259100642398287,222031.21,44406.242,51482.72,20434.2,52645.42,13710.406285359306,0.3087495286216588,12.310577740419957,10.701157843227744,3,2,1,1,0.3333333333333333,0.3333333333333333,0.0,0.0,1.0,-1.0,1.0,1,0.0,0,2,32.0,154.0,0.0,0.3333333333333333,41318.00333333333,1,1.0,1,1.0,0
0200740737,THE WA ,2,2,27,27.0,2.254814814814815,233376.48,116688.24,116688.24,69505.05,163871.43,66727.10721402659,0.5718408917130517,12.360412507461367,11.667269611795826,2,0,2,0,1.0,0.0,35.5,35.5,17.67766952966369,23.0,48.0,1,0.352112676056338,2,0,393.0,330.0,35.5,1.0,116688.24,1,1.0,1,1.0,0
0200741174,M B  co,113,16,476,4.25,7.226302521008404,2261652.67,20014.625398230088,18754.85,130.09,59057.4,13681.105087031729,0.6835553908614028,14.631606816066856,9.90426851741516,98,15,89,4,0.9081632653061223,0.0510204081632653,2.020408163265306,2.0,1.6433533220106995,-3.0,9.0,1,0.8092163738331205,0,1,30.0,57.0,1.0,0.6666666666666666,33016.88,3,0.7433628318584071,1,1.0,0
0200741831,SUPE corp,26,14,473,18.92,1.6732346723044398,1063998.22,40923.00846153846,40045.995,4209.82,100386.57,27669.805166577044,0.6761429867157138,13.877545215800753,10.619472173761062,21,5,14,6,0.6666666666666666,0.0476190476190476,3.0,1.0,8.142481194328912,-2.0,38.0,1,2.648749330509216,0,1,25.0,77.0,0.6666666666666666,0.3333333333333333,63433.90666666667,3,0.9230769230769232,1,1.0,0
0200742344,MAINES  us,5,5,300,75.0,0.5073333333333333,104648.7,20929.74,20567.31,13867.39,25749.62,4599.584219703994,0.2197630844771122,11.558373861171518,9.94897417076344,5,0,1,4,0.2,0.0,0.4,0.0,0.894427190999916,0.0,2.0,1,2.0,0,1,185.0,170.0,0.6666666666666666,0.3333333333333333,20061.44,1,1.0,1,1.0,0
0200742419,HILLCR foundation,1,1,0,,30.44,39772.97,39772.97,39772.97,39772.97,39772.97,0.0,0.0,10.590967957207583,10.590967957207583,1,0,0,1,0.0,0.0,0.0,0.0,0.0,0.0,0.0,1,0.0,0,1,410.0,395.0,0.0,0.0,39772.97,1,1.0,1,1.0,0
0200742492,WILLIAM systems,1,1,0,,30.44,49863.39,49863.39,49863.39,49863.39,49863.39,0.0,0.0,10.817062399731965,10.817062399731965,1,0,0,0,0.0,1.0,-1.0,-1.0,0.0,-1.0,-1.0,1,0.0,0,1,469.0,455.0,-1.0,0.0,49863.39,1,1.0,1,1.0,0
0200742521,GLA co,47,16,478,10.391304347826088,2.99305439330544,1245328.41,26496.34914893617,27497.81,1487.88,49323.74,14431.41800239368,0.5446568476764317,14.034910639229532,10.184799974855151,40,7,16,5,0.4,0.475,0.175,0.0,3.9864353333105336,-16.0,9.0,1,22.49308283695688,0,1,29.0,80.0,1.0,0.6666666666666666,27584.906666666662,3,0.851063829787234,1,1.0,0
0200742791,QUI systems,55,16,489,9.055555555555555,3.4237218813905934,1938977.97,35254.14490909091,34182.15,176.56,78016.05,20545.62868331894,0.5827861868809896,14.47767208836917,10.470366752457869,44,11,9,25,0.2045454545454545,0.2272727272727272,-1.5909090909090908,0.0,10.50651665289642,-50.0,9.0,1,6.52861831805606,1,0,16.0,71.0,0.0,0.3333333333333333,31224.406666666662,2,0.9636363636363636,1,1.0,0
0200743123,KROGER corp,101,17,483,4.83,6.365300207039337,5227156.43,51754.024059405936,46040.66,811.48,162730.07,39437.022897169285,0.7620088218048792,15.469378175856386,10.854276789688884,78,23,23,54,0.2948717948717949,0.0128205128205128,0.3846153846153846,0.0,1.3791656543352222,-9.0,3.0,1,3.562770457569969,1,0,18.0,81.0,0.3333333333333333,0.3333333333333333,87754.58666666667,1,1.0,1,1.0,3
0200743129,BROOKS foundation,62,16,483,7.918032786885246,3.9074120082815735,4223346.1,68118.48548387096,65176.55500000001,306.46,298242.7,54914.03557695003,0.806154675737066,15.256138523292408,11.129018581663413,51,11,14,23,0.2745098039215686,0.2745098039215686,-2.1372549019607843,0.0,11.1427458157191,-51.0,8.0,1,5.162211761136167,0,8,23.0,72.0,-34.0,0.0,110085.51,3,0.9193548387096774,1,1.0,0
0200743592,PERFOR systems,6,4,409,81.8,0.4465525672371638,208849.38,34808.23,34568.54,12178.82,59749.9,20802.016921442977,0.5976177737691051,12.249373389411335,10.457637860480396,5,1,1,0,0.2,0.8,1.6,-4.0,11.502173707608488,-5.0,22.0,1,6.4299105748058425,1,0,71.0,162.0,5.333333333333333,0.3333333333333333,32149.176666666663,2,0.6666666666666666,1,1.0,0
0200743618,MASON ,6,5,372,74.4,0.4909677419354838,147458.64,24576.44,17420.215,11099.58,67461.24,21491.703277465007,0.8744839886275232,11.901309790200637,10.109584227980852,3,3,1,2,0.3333333333333333,0.0,0.3333333333333333,0.0,0.5773502691896258,0.0,1.0,1,1.4142135623730951,0,1,30.0,302.0,0.3333333333333333,0.3333333333333333,14597.21,1,1.0,1,1.0,0
0200743996,STATER  in,52,17,462,9.058823529411764,3.4261471861471864,2887697.92,55532.652307692304,58416.745,3826.03,128544.54,34306.06191141481,0.6177637927562625,14.875970521482666,10.92474446386627,37,15,18,18,0.4864864864864865,0.027027027027027,1.4594594594594594,0.0,2.375740756931224,-1.0,9.0,1,1.6056740953292867,0,1,21.0,80.0,1.0,0.6666666666666666,55325.91,2,0.9230769230769232,1,1.0,0
0200744019,TARG systems,1068,18,496,0.46485473289597,65.5441935483871,26123771.01,24460.45974719101,13657.575,5.54,157696.57,27968.974357839863,1.1434361678770883,17.078356262742595,10.104854086413471,780,288,489,126,0.6269230769230769,0.2115384615384615,2.269230769230769,1.0,7.530635892328489,-15.0,90.0,1,3.316457327945283,0,1,13.0,28.0,0.6666666666666666,0.3333333333333333,33446.340000000004,6,0.9250936329588016,1,1.0,5
0200744410,BI-RIT trust,1,1,0,,30.44,54992.14,54992.14,54992.14,54992.14,54992.14,0.0,0.0,10.914963729162787,10.914963729162787,1,0,1,0,1.0,0.0,1.0,1.0,0.0,1.0,1.0,1,0.0,1,0,128.0,112.0,1.0,1.0,54992.14,1,1.0,1,1.0,0
0200744496,NORT ,2,2,22,22.0,2.767272727272728,74610.59,37305.295,37305.295,35600.56,39010.03,2410.859357252099,0.0646251251263955,11.220051136054732,10.526917358148433,0,2,0,0,0.0,0.0,,,,,,0,0.0,0,0,51.0,,,,,1,1.0,1,1.0,0
0200744584,CHAR ,2,2,76,76.0,0.8010526315789473,22001.5,11000.75,11000.75,6446.92,15554.58,6440.088146741471,0.5854226436144327,9.998911362247966,9.305809630035982,2,0,1,0,0.5,0.5,6.5,6.5,16.263455967290593,-5.0,18.0,1,1.7692307692307692,0,1,294.0,284.0,6.5,0.5,11000.75,1,1.0,1,1.0,0
0200744707,PERFOR co,13,11,435,36.25,0.9097011494252872,507035.12000000005,39002.70153846154,44806.42,19377.43,59602.63,14160.419259749957,0.3630625239071198,13.136337522639236,10.5714118318506,11,2,6,0,0.5454545454545454,0.4545454545454545,-1.2727272727272727,1.0,10.020887276992084,-27.0,15.0,1,7.507139459017853,5,0,48.0,74.0,6.0,1.0,40533.1,3,0.7692307692307693,1,1.0,0
0200745469,WOOD F systems,6,5,397,79.4,0.4600503778337532,258830.6,43138.43333333333,51884.61,35.6,58739.95,22365.874399981472,0.5184674702291338,12.463932936164312,10.672192784329136,6,0,1,0,0.1666666666666666,0.8333333333333334,13.333333333333334,-8.0,52.25578117937447,-8.0,120.0,1,3.577708763999664,0,4,93.0,86.0,-8.0,0.0,57222.52333333334,2,0.8333333333333334,1,1.0,0
0200745906,LEE & co,1,1,0,,30.44,45582.44,45582.44,45582.44,45582.44,45582.44,0.0,0.0,10.727299771649944,10.727299771649944,1,0,1,0,1.0,0.0,7.0,7.0,0.0,7.0,7.0,1,0.0,1,0,274.0,252.0,7.0,1.0,45582.44,1,1.0,1,1.0,0
0200747369,SCHNU ,58,15,483,8.473684210526315,3.655320910973085,4612298.47,79522.3874137931,79568.93,1168.79,240944.64,55285.50138795101,0.6952193361634635,15.344237091047086,11.28380643868516,44,14,18,14,0.4090909090909091,0.2727272727272727,2.9318181818181817,0.0,16.960141683360483,-48.0,90.0,1,5.718739733155267,0,1,16.0,109.0,1.0,0.3333333333333333,64839.74,2,0.9482758620689656,1,1.0,0
0200748108,KROGER foundation,78,17,486,6.311688311688312,4.885432098765432,4246857.699999999,54446.89358974358,48482.240000000005,1588.06,164102.41,40204.99860621775,0.7384259404983089,15.261690138198018,10.904999442392311,62,16,29,32,0.4677419354838709,0.0161290322580645,0.8064516129032258,0.0,2.1335624766766506,-11.0,8.0,1,2.624195114697077,0,3,23.0,72.0,0.0,0.0,53764.78333333333,1,1.0,1,1.0,3
0200748335,FO corporation,2,2,156,156.0,0.3902564102564103,85062.25,42531.125,42531.125,40199.99,44862.26,3296.722732722608,0.077513179647202,11.35115037640124,10.658014951730262,2,0,2,0,1.0,0.0,2.0,2.0,1.4142135623730951,1.0,3.0,1,0.5,2,0,183.0,167.0,2.0,1.0,42531.125,1,1.0,1,1.0,0
0200749091,DICA corp,2,2,274,274.0,0.2221897810218978,95113.46,47556.73,47556.73,42350.23,52763.23,7363.102912495519,0.1548277796327779,11.462836287448166,10.769699620481456,1,1,1,0,1.0,0.0,7.0,7.0,0.0,7.0,7.0,1,0.0,1,0,63.0,315.0,7.0,1.0,52763.23,1,1.0,1,1.0,0
0200749225,SUPER  us,76,17,484,6.453333333333333,4.779834710743802,3764884.33,49537.95171052631,30651.03,1633.65,176912.87,39995.2716132587,0.8073662764050076,15.141227961913003,10.810514542353706,66,10,23,42,0.3484848484848485,0.0151515151515151,1.6363636363636365,0.0,4.164451625683427,-2.0,19.0,1,2.5255892031455285,0,2,17.0,84.0,1.0,0.3333333333333333,16689.99666666667,2,0.9342105263157896,1,1.0,3
0200749582,SCHE us,1,1,0,,30.44,21736.57,21736.57,21736.57,21736.57,21736.57,0.0,0.0,9.986797378898872,9.986797378898872,1,0,1,0,1.0,0.0,12.0,12.0,0.0,12.0,12.0,1,0.0,1,0,345.0,318.0,12.0,1.0,21736.57,1,1.0,1,1.0,0
0200749730,PERFOR corp,3,3,142,71.0,0.6430985915492957,46709.3,15569.766666666668,21403.44,138.23,25167.63,13495.98179126044,0.8668069393842621,10.751719976083107,9.653150503607232,3,0,0,0,0.0,1.0,-3.6666666666666665,-4.0,1.5275252316519463,-5.0,-2.0,1,0.3401506715249037,0,3,294.0,284.0,-3.6666666666666665,0.0,15569.766666666668,1,1.0,1,1.0,0
0200749782,KROG trust,68,14,480,7.164179104477612,4.312333333333334,3413601.1100000003,50200.01632352942,45743.4,1191.28,197370.14,38491.19255329404,0.7667565744446322,15.043278628971509,10.823790550963515,52,16,15,37,0.2884615384615384,0.0,0.4423076923076923,0.0,0.7518203148505772,0.0,2.0,1,1.6833444071831252,0,4,19.0,100.0,0.0,0.0,65808.04,2,0.9852941176470588,1,1.0,3
0200750051,ALBER in,116,17,482,4.191304347826087,7.325809128630706,7049214.5,60769.09051724138,54370.27,274.68,240129.52,48654.0401790307,0.8006379520395587,15.768426892001006,11.014853014633662,86,30,22,64,0.2558139534883721,0.0,0.4767441860465116,0.0,0.9421720110973432,0.0,5.0,1,1.9647397437215932,0,11,27.0,91.0,0.0,0.0,27254.79333333333,4,0.9655172413793104,1,1.0,3
0200750131,VALLEY trust,1,1,0,,30.44,19997.66,19997.66,19997.66,19997.66,19997.66,0.0,0.0,9.903420550291528,9.903420550291528,1,0,1,0,1.0,0.0,6.0,6.0,0.0,6.0,6.0,1,0.0,1,0,478.0,457.0,6.0,1.0,19997.66,1,1.0,1,1.0,0
0200751679,PERFOR corporation,1,1,0,,30.44,18879.45,18879.45,18879.45,18879.45,18879.45,0.0,0.0,9.84588227416121,9.84588227416121,1,0,1,0,1.0,0.0,8.0,8.0,0.0,8.0,8.0,1,0.0,1,0,205.0,182.0,8.0,1.0,18879.45,1,1.0,1,1.0,0
0200752302,KROGER corporation,178,17,490,2.768361581920904,11.057795918367349,10046207.23,56439.36646067416,52546.635,115.74,187328.02,41242.29142079224,0.7307362574583302,16.12270583073011,10.940939898870443,143,35,54,87,0.3776223776223776,0.0139860139860139,1.6993006993006994,0.0,10.427506261397228,-13.0,90.0,1,6.114858005290678,0,7,17.0,72.0,0.0,0.0,76162.04,3,0.9887640449438202,1,1.0,3
0200752393,S AB in,19,13,462,25.666666666666668,1.251861471861472,317806.17999999993,16726.641052631574,10174.61,510.62,76958.7,19030.584015585395,1.1377409221435613,12.669200125655214,9.724817783001129,18,1,1,0,0.0555555555555555,0.9444444444444444,-3.9444444444444446,-5.0,2.4608038433722337,-5.0,5.0,1,0.6062885422543911,0,11,46.0,84.0,-5.0,0.0,15621.339999999998,1,1.0,1,1.0,0
0200752607,IRA HI foundation,7,5,380,63.333333333333336,0.5607368421052632,101527.29,14503.89857142857,10395.6,5125.67,39121.69,11527.352763335604,0.7947761566702827,11.52809275784082,9.582241703868426,4,3,0,2,0.0,0.5,-1.75,-0.5,2.8722813232690143,-6.0,0.0,1,1.4214106244380285,0,4,15.0,204.0,-2.0,0.0,21396.983333333334,1,1.0,1,1.0,0
0200754118,ARMY trust,14,9,489,37.61538461538461,0.8714928425357874,154392.36000000002,11028.025714285715,1755.94,31.44,48700.8,17968.481575967624,1.629347087275217,11.947258910466717,9.308285777819044,9,5,4,3,0.4444444444444444,0.2222222222222222,10.0,0.0,16.00781059358212,-3.0,37.0,1,1.509230856356236,0,1,16.0,247.0,2.333333333333333,0.3333333333333333,1565.3466666666666,2,0.6428571428571429,1,1.0,0
0200754142,TRIP trust,1,1,0,,30.44,1876.43,1876.43,1876.43,1876.43,1876.43,0.0,0.0,7.5376590993214,7.5376590993214,0,1,0,0,0.0,0.0,,,,,,0,0.0,0,0,38.0,,,,,1,1.0,1,1.0,0
0200754278,MBM  co,20,11,472,24.84210526315789,1.2898305084745765,258511.68,12925.584,13636.205,575.3,33110.2,8986.697371514947,0.6952643200891309,12.462700023951973,9.46704124505909,19,1,17,2,0.8947368421052632,0.0,2.3157894736842106,3.0,1.3764944032233706,0.0,4.0,1,0.5785419118799024,2,0,13.0,88.0,2.0,0.6666666666666666,8932.550000000001,3,0.8,1,1.0,0
0200755288,TRO ,2,2,133,133.0,0.4577443609022556,137250.37,68625.185,68625.185,35456.32,101794.05,46907.85873152227,0.6835370823630169,11.829569341107025,11.136429446422309,2,0,0,1,0.0,0.5,-3.5,-3.5,4.949747468305833,-7.0,0.0,1,1.0,0,2,353.0,345.0,-3.5,0.0,68625.185,1,1.0,1,1.0,0
0200755701,ASSOCI ,32,13,456,14.709677419354838,2.136140350877193,1621983.04,50686.97,34387.29,283.55,160832.67,44249.4222279946,0.872994030378904,14.299160673905016,10.833443883317862,23,9,9,13,0.391304347826087,0.0434782608695652,1.0,0.0,2.938769068226293,-1.0,14.0,1,2.874172848876245,0,1,15.0,129.0,0.3333333333333333,0.3333333333333333,74053.13333333335,4,0.875,1,1.0,0
0200756072,REINHA corp,118,18,508,4.3418803418803416,7.0707086614173225,2771841.62,23490.183220338982,24211.89,1.17,79160.72,13444.24514178934,0.5723346223263442,14.8350228627884,10.064380447620598,104,14,32,43,0.3076923076923077,0.2788461538461538,1.0,0.0,5.512562880780872,-14.0,35.0,1,5.485996158051321,0,3,0.0,85.0,0.0,0.0,21744.45666666667,4,0.9745762711864406,1,1.0,3
0200756762,BANNER associates,3,3,263,131.5,0.3472243346007604,27131.43,9043.81,9060.89,8903.54,9167.0,132.55786547768437,0.0146573032248227,10.208484970385026,9.109946391528055,2,1,1,1,0.5,0.0,1.5,1.5,2.1213203435596424,0.0,3.0,1,1.0,0,1,17.0,212.0,1.5,0.5,8982.215,1,1.0,1,1.0,0
0200756811,LUCA associates,6,5,383,76.6,0.4768668407310705,533204.16,88867.36,88022.45,83238.69,98128.73,5156.518837425107,0.0580248905495235,13.18666154465922,11.394911452640788,5,1,5,0,1.0,0.0,10.0,8.0,5.522680508593631,4.0,18.0,1,0.4939635614091388,5,0,74.0,144.0,11.0,1.0,86427.86333333333,1,1.0,1,1.0,0
0200758264,CUMB llc,1,1,0,,30.44,59350.96,59350.96,59350.96,59350.96,59350.96,0.0,0.0,10.99124042392386,10.99124042392386,1,0,0,1,0.0,0.0,0.0,0.0,0.0,0.0,0.0,1,0.0,0,1,239.0,224.0,0.0,0.0,59350.96,1,1.0,1,1.0,0
0200758531,BRENH co,2,2,385,385.0,0.1581298701298701,17634.51,8817.255,8817.255,2288.54,15345.97,9232.99729786866,1.047150989493744,9.77766976201382,9.084579283621784,1,1,0,0,0.0,1.0,-2.0,-2.0,0.0,-2.0,-2.0,1,0.0,0,1,80.0,452.0,-2.0,0.0,2288.54,1,1.0,1,1.0,0
0200758883,PERFOR co,7,7,409,68.16666666666667,0.5209779951100244,253768.03,36252.57571428571,39209.94,18290.23,44610.01,8951.355475987713,0.2469163997210917,12.444179801600036,10.498293295812266,6,1,2,0,0.3333333333333333,0.6666666666666666,-2.5,-2.0,4.969909455915671,-12.0,2.0,1,1.814754345175493,2,0,49.0,119.0,0.3333333333333333,0.6666666666666666,35733.61000000001,1,1.0,1,1.0,0
0200759082,INGL co,55,17,485,8.981481481481481,3.4519587628865978,3804376.26,69170.47745454546,65353.0,1555.11,177757.82,38175.37967376284,0.5519027926162476,15.15166287228305,11.144343881125735,35,20,27,6,0.7714285714285715,0.0571428571428571,1.7428571428571429,2.0,1.7378630749362538,-1.0,7.0,1,0.982786543430942,7,0,16.0,84.0,3.0,1.0,85055.23333333334,2,0.9818181818181818,1,1.0,0
0200759878,SA associates,1361,17,501,0.3683823529411765,82.69229540918165,46383771.39,34080.654952241,25740.59,301.79,152574.45,27373.138400249358,0.8031869821342565,17.652460223051506,10.436514540569409,1050,311,810,171,0.7714285714285715,0.0657142857142857,0.9723809523809523,1.0,3.916453407151672,-65.0,21.0,1,4.025776086522109,0,2,5.0,18.0,-18.0,0.3333333333333333,20330.66333333333,4,0.8971344599559148,1,1.0,5
0200760428,R  trust,1,1,0,,30.44,39417.33,39417.33,39417.33,39417.33,39417.33,0.0,0.0,10.581986215527229,10.581986215527229,1,0,0,0,0.0,1.0,-2.0,-2.0,0.0,-2.0,-2.0,1,0.0,0,1,357.0,344.0,-2.0,0.0,39417.33,1,1.0,1,1.0,0
0200760666,KEHE  llc,34,15,480,14.545454545454543,2.156166666666667,351997.89,10352.879117647057,8081.610000000001,2502.14,26748.59,6823.51549459766,0.6590935156353366,12.771383301166171,9.245116522451358,22,12,15,1,0.6818181818181818,0.2727272727272727,3.590909090909091,2.5,10.522805577859794,-9.0,48.0,1,2.863026994273842,0,2,21.0,77.0,-2.0,0.3333333333333333,16344.343333333332,1,1.0,1,1.0,0
0200761342,EL GR trust,6,5,312,62.4,0.5853846153846154,155949.21000000002,25991.535000000003,27455.230000000003,387.2,63953.56,22613.586519256736,0.8700365915001455,11.957292068620486,10.16556466039349,5,1,0,2,0.0,0.6,-1.2,-1.0,1.6431676725154982,-4.0,0.0,1,1.224744871391589,0,5,62.0,115.0,-2.0,0.0,39710.80666666666,1,1.0,1,1.0,0
0200761497,NEX llc,8,6,274,39.142857142857146,0.8887591240875912,3979.8,497.475,356.4,35.64,1116.72,405.635338802864,0.8153883889700266,8.289238083104806,6.211553437692963,8,0,6,1,0.75,0.125,0.75,1.0,1.2817398889233114,-2.0,2.0,1,1.5986105077709063,0,1,209.0,196.0,0.3333333333333333,0.6666666666666666,570.24,1,1.0,1,1.0,0
0200761734,H E BUT corp,414,17,493,1.1937046004842615,25.5621906693712,20349015.86,49152.212222222224,47464.41,681.41,145787.82,35534.49897216379,0.7229481108908924,16.828543157137926,10.802697478927472,325,89,66,47,0.203076923076923,0.6523076923076923,-3.0092307692307694,-1.0,11.101241770671525,-61.0,7.0,1,3.6833831066391554,0,4,14.0,77.0,-1.0,0.0,59606.15333333333,4,0.9468599033816424,1,1.0,3
0200762301,C&S WH ,1523,18,493,0.323915900131406,94.03675456389452,73541968.25999999,48287.569441891,26032.41,28.63,229166.54,46676.53949411829,0.9666367562833864,18.11336681155883,10.78495015411507,1149,374,394,598,0.3429068755439513,0.1366405570060922,-0.381201044386423,0.0,8.869801266906943,-50.0,90.0,1,23.257912761814083,0,4,15.0,58.0,-16.666666666666668,0.0,90767.13333333332,6,0.9146421536441236,1,1.0,2
0200762678,JOR co,5,4,232,58.0,0.6560344827586208,225660.71,45132.14200000001,43619.81,34049.07,59100.39,9200.635672893475,0.2038599380657243,12.326792298435596,10.717372111492226,3,2,0,0,0.0,1.0,-6.333333333333333,-6.0,0.5773502691896258,-7.0,-6.0,1,0.0744322927564787,0,3,58.0,93.0,-6.333333333333333,0.0,44170.41666666666,1,1.0,1,1.0,0
0200762950,HAR co,97,17,488,5.083333333333333,6.050573770491803,7852352.75,80952.09020618557,79286.51,1620.29,205630.88,54363.877628786686,0.6715561944147642,15.876323885579664,11.301625132635168,66,31,19,16,0.2878787878787879,0.4696969696969697,-0.1515151515151515,0.0,2.678934485329937,-15.0,6.0,1,17.546509624423884,0,6,10.0,46.0,-0.6666666666666666,0.0,69097.68333333333,3,0.9587628865979382,1,1.0,0
0200763152,PERFOR us,23,12,414,18.818181818181817,1.6911111111111112,596674.8600000001,25942.385217391307,25369.26,2414.79,42241.46,11775.482355324277,0.4539090086223145,13.299129296851358,10.16367195118277,23,0,13,2,0.5652173913043478,0.3478260869565217,1.608695652173913,1.0,9.44235684386046,-11.0,27.0,1,5.740555810027027,1,0,91.0,74.0,-2.0,0.6666666666666666,29721.44,3,0.782608695652174,1,1.0,0
0200763229,MAINES associates,26,13,487,19.48,1.6251334702258726,390238.82,15009.185384615384,15732.215,3555.46,28091.37,6119.894578542497,0.4077432866420233,12.874516752195028,9.61648427529177,24,2,6,18,0.25,0.0,0.5833333333333334,0.0,1.0598058340078629,0.0,3.0,1,1.7785570854269614,0,1,7.0,78.0,1.0,0.3333333333333333,15924.003333333332,1,1.0,1,1.0,0
0200763489,GENERAL us,36,14,459,13.114285714285714,2.387450980392157,2226255.21,61840.4225,40280.455,434.96,150121.98,54603.94891925263,0.8829814983759632,14.615831903026251,11.032328685907478,33,3,11,17,0.3333333333333333,0.1515151515151515,0.5151515151515151,0.0,1.5835326828252574,-1.0,6.0,1,3.026983607122025,0,5,35.0,98.0,-0.3333333333333333,0.0,117743.40666666666,4,0.9166666666666666,1,1.0,0
0200763814,SYSCO F ,158,18,487,3.1019108280254777,9.875811088295688,2453980.14,15531.51987341772,11158.515,180.68,88365.58,16058.387539130545,1.0339224795774535,14.713222218811888,9.650691161410244,147,11,109,20,0.7414965986394558,0.1224489795918367,2.0408163265306123,2.0,4.253729308227879,-11.0,21.0,1,2.077225713943159,11,0,21.0,70.0,2.333333333333333,1.0,20276.086666666662,3,0.6582278481012658,1,1.0,3
0200764515,KIN foundation,1,1,0,,30.44,35601.36,35601.36,35601.36,35601.36,35601.36,0.0,0.0,10.480167206777727,10.480167206777727,1,0,0,1,0.0,0.0,0.0,0.0,0.0,0.0,0.0,1,0.0,0,1,477.0,462.0,0.0,0.0,35601.36,1,1.0,1,1.0,0
0200764795,SYSCO  llc,177,16,479,2.721590909090909,11.248183716075156,2777371.14,15691.362372881356,9020.49,65.09,62760.93,14763.145519761942,0.9408453624955084,14.837015765232897,9.660929399905106,161,16,133,7,0.8260869565217391,0.1304347826086956,1.5217391304347827,2.0,4.542971159552055,-25.0,20.0,1,2.9760952365713798,36,0,25.0,71.0,1.3333333333333333,1.0,19620.326666666664,3,0.807909604519774,1,1.0,0
0200765011,MAINES llc,28,13,472,17.48148148148148,1.8057627118644068,629712.9299999999,22489.7475,20770.98,1835.83,53327.32,14955.707390624324,0.6650011250959721,13.353020915877382,10.020859281395245,26,2,12,14,0.4615384615384615,0.0,1.9615384615384612,0.0,3.0916761697276023,0.0,13.0,1,1.5455408940343964,2,0,18.0,143.0,2.333333333333333,0.6666666666666666,21612.936666666665,3,0.8571428571428571,1,1.0,0
0200765360,MANNI us,1,1,0,,30.44,14420.4,14420.4,14420.4,14420.4,14420.4,0.0,0.0,9.576468493504906,9.576468493504906,1,0,1,0,1.0,0.0,18.0,18.0,0.0,18.0,18.0,1,0.0,1,0,450.0,422.0,18.0,1.0,14420.4,1,1.0,1,1.0,0
0200767520,DAWN us,5,4,392,98.0,0.3882653061224489,226635.86,45327.172000000006,53564.8,28002.6,58028.0,15066.122341396276,0.3323861091840513,12.331104279837296,10.721684016627163,4,1,4,0,1.0,0.0,3.5,1.0,5.0,1.0,11.0,1,1.237179148263484,4,0,79.0,99.0,4.333333333333333,1.0,47730.35333333333,1,1.0,1,1.0,0
0200767729,PERFOR ,6,4,355,71.0,0.5144788732394366,162016.63999999998,27002.77333333333,27683.035,20302.91,35235.4,5496.293055009592,0.203545502054959,11.995460497175443,10.203731888308331,4,2,1,0,0.25,0.75,-2.75,-4.0,4.716990566028302,-7.0,4.0,1,1.4854667853061991,0,3,65.0,212.0,-5.0,0.0,22855.24,1,1.0,1,1.0,0
0200768357,MARC ,11,9,456,45.6,0.7342982456140351,565160.21,51378.200909090905,43590.25,11554.92,157797.86,45071.04527301967,0.8772406288178293,13.244866296864076,10.84698871797561,7,4,1,6,0.1428571428571428,0.0,0.2857142857142857,0.0,0.7559289460184546,0.0,2.0,1,2.4494897427831788,0,5,50.0,203.0,0.0,0.0,25002.820000000003,1,1.0,1,1.0,0
0200769072,GREC associates,8,6,345,49.285714285714285,0.7058550724637682,198396.49,24799.56125,19720.370000000003,9205.65,43678.76,13073.945989181731,0.5271845682020577,12.198027822543205,10.118621562945382,5,3,3,0,0.6,0.4,9.6,10.0,13.352902306240392,-6.0,26.0,1,1.2440832189028015,1,0,63.0,67.0,9.333333333333334,0.6666666666666666,25989.81,2,0.875,1,1.0,0
0200769369,DI ,61,17,463,7.716666666666667,4.010453563714903,3078405.9200000004,50465.67081967214,51745.56,613.81,173070.52,39483.42762575949,0.7823819040639477,14.939922787371996,10.829068413609424,52,9,14,38,0.2692307692307692,0.0,0.4615384615384615,0.0,0.8275060206294446,0.0,3.0,1,1.7756063127218764,2,0,20.0,81.0,1.3333333333333333,0.6666666666666666,27550.096666666668,1,1.0,1,1.0,3
0200769556,SHAM corporation,16,10,465,31.0,1.0473978494623657,307113.05000000005,19194.565625000003,15347.48,4785.84,42380.76,10733.424640229212,0.5591908069151322,12.634974455952236,9.86243457430994,14,2,0,3,0.0,0.7857142857142857,-8.214285714285714,-11.0,5.235655442453018,-13.0,0.0,1,0.6141987264838367,0,14,27.0,94.0,-6.666666666666667,0.0,15999.173333333332,3,0.625,1,1.0,0
0200769623,WAL-MAR trust,11221,18,498,0.0443850267379679,685.8779919678715,251584650.86,22420.87611264593,15193.25,5.68,142724.46,21220.7630901808,0.9464734109213404,19.34329007878359,10.017792373439418,8762,2459,1565,123,0.1786121889979456,0.8073499201095641,-2.355512440082173,-4.0,6.021625021321286,-15.0,92.0,1,2.556251152594416,0,3,11.0,57.0,-2.333333333333333,0.0,3488.41,4,0.9991979324480884,1,1.0,1
0200770567,LABAT associates,26,13,462,18.48,1.7130735930735932,1049784.61,40376.33115384615,46210.75,99.66,61376.71,19392.49977428765,0.480293756765475,13.864096520333556,10.60602379641477,21,5,3,1,0.1428571428571428,0.8095238095238095,0.1428571428571428,-1.0,6.5519898831249295,-8.0,27.0,1,44.758611834297696,1,0,36.0,73.0,0.6666666666666666,0.3333333333333333,31816.673333333336,2,0.8846153846153846,1,1.0,0
0200770677,KRAS trust,21,11,473,23.65,1.351458773784355,795050.0199999999,37859.52476190476,40469.12,2335.06,113966.78,27460.05102462296,0.7253142028939037,13.5861615676779,10.541664285256395,12,9,1,8,0.0833333333333333,0.25,-4.166666666666667,0.0,14.452639477921943,-50.0,2.0,1,3.320963715550051,0,1,21.0,79.0,-16.0,0.3333333333333333,17275.556666666667,2,0.9523809523809524,1,1.0,0
0200771123,B C C foundation,1,1,0,,30.44,38160.69,38160.69,38160.69,38160.69,38160.69,0.0,0.0,10.549587411793311,10.549587411793311,1,0,0,0,0.0,1.0,-1.0,-1.0,0.0,-1.0,-1.0,1,0.0,0,1,233.0,219.0,-1.0,0.0,38160.69,1,1.0,1,1.0,0
0200771157,WEIS trust,87,18,492,5.72093023255814,5.382682926829268,4524997.130000001,52011.46126436783,54909.3,471.7,139272.81,32775.75817159074,0.6301641479556903,15.32512772185641,10.85923860855394,64,23,28,34,0.4375,0.03125,0.640625,0.0,0.9978896382660408,-1.0,4.0,1,1.545464089018623,0,1,17.0,71.0,0.3333333333333333,0.3333333333333333,60187.69999999999,3,0.9195402298850576,1,1.0,3
0200772595,SAFEW co,300,17,492,1.645484949832776,18.560975609756092,16491569.16,54971.8972,52744.685,43.5,179872.2,42956.22604264884,0.7814215668483212,16.618359908923306,10.91459556457772,229,71,96,133,0.4192139737991266,0.0,0.9694323144104804,0.0,1.733045724537343,0.0,13.0,1,1.7837837837837838,0,8,15.0,43.0,0.0,0.0,26531.66,4,0.9233333333333332,1,1.0,3
0200772670,ASSOCIAT systems,863,18,491,0.5696055684454756,53.50248472505092,37626119.06,43599.2109617613,28350.96,79.48,192252.91,44137.06227686592,1.0123362625891632,17.44320904962677,10.682817267897926,690,173,440,143,0.6376811594202898,0.1550724637681159,1.6608695652173913,1.0,7.986803655059481,-45.0,92.0,1,4.805322576116383,0,1,18.0,21.0,3.0,0.6666666666666666,28367.176666666663,5,0.954808806488992,1,1.0,5
0200773094,TUFO' in,1,1,0,,30.44,83016.28,83016.28,83016.28,83016.28,83016.28,0.0,0.0,11.326804057880713,11.326804057880713,1,0,1,0,1.0,0.0,4.0,4.0,0.0,4.0,4.0,1,0.0,1,0,410.0,386.0,4.0,1.0,83016.28,1,1.0,1,1.0,0
0200773364,U R M  foundation,41,15,469,11.725,2.661066098081024,1881104.5500000005,45880.59878048781,32647.69,423.4,115867.81,36038.35141831832,0.7854812791511513,14.44737022047812,10.73381941763895,30,11,8,20,0.2666666666666666,0.0666666666666666,-2.1666666666666665,0.0,13.043913452676676,-50.0,14.0,1,5.919079570218658,0,1,28.0,81.0,-14.666666666666666,0.6666666666666666,52977.543333333335,2,0.951219512195122,1,1.0,0
0200773492,G & L  associates,2,2,330,330.0,0.1844848484848484,84254.35,42127.175,42127.175,36073.48,48180.87,8561.217571470193,0.2032231587204742,11.341607347682151,10.6484720357343,1,1,0,1,0.0,0.0,0.0,0.0,0.0,0.0,0.0,1,0.0,0,1,58.0,373.0,0.0,0.0,48180.87,1,1.0,1,1.0,0
0200773620,PERFOR foundation,1,1,0,,30.44,32157.92,32157.92,32157.92,32157.92,32157.92,0.0,0.0,10.37844514063946,10.37844514063946,1,0,1,0,1.0,0.0,5.0,5.0,0.0,5.0,5.0,1,0.0,1,0,458.0,438.0,5.0,1.0,32157.92,1,1.0,1,1.0,0
0200774000,RALEY co,14,10,465,35.76923076923077,0.91647311827957,915917.42,65422.67285714285,67831.89499999999,19163.58,109728.21,28230.69340454693,0.4315123820482168,13.72768257855472,11.088639442242552,13,1,1,4,0.0769230769230769,0.6153846153846154,-0.5384615384615384,-1.0,0.6602252917735247,-1.0,1.0,1,1.178030178747903,0,12,22.0,101.0,-0.6666666666666666,0.0,107513.08666666668,1,1.0,1,1.0,0
0200774354,GREAT  associates,1,1,0,,30.44,4851.25,4851.25,4851.25,4851.25,4851.25,0.0,0.0,8.487197793880837,8.487197793880837,1,0,0,0,0.0,1.0,-1.0,-1.0,0.0,-1.0,-1.0,1,0.0,0,1,373.0,364.0,-1.0,0.0,4851.25,1,1.0,1,1.0,0
0200774517,I SUPP associates,2,2,154,154.0,0.3953246753246753,31977.35,15988.675,15988.675,15307.95,16669.4,962.6905272464256,0.0602107758927131,10.372814390310172,9.679698480418187,2,0,0,1,0.0,0.5,-0.5,-0.5,0.7071067811865476,-1.0,0.0,1,1.0,0,2,241.0,226.0,-0.5,0.0,15988.675,1,1.0,1,1.0,0
0200775094,SAVE M trust,27,13,462,17.76923076923077,1.778961038961039,1633830.63,60512.24555555556,67035.3,5920.9,104798.8,29478.088866757174,0.4871425377809472,14.306438507477266,11.010617554858776,19,8,12,3,0.631578947368421,0.2105263157894736,5.0,6.0,6.155395104206463,-4.0,17.0,1,1.1982443297108527,10,0,42.0,70.0,9.0,1.0,39788.64666666667,1,1.0,1,1.0,0
0200775660,EB ,8,5,452,64.57142857142857,0.5387610619469027,172057.88,21507.235,6298.719999999999,128.97,129336.2,43762.160193398646,2.0347645893764885,12.055592022796953,9.976191164036884,7,1,4,2,0.5714285714285714,0.1428571428571428,-4.571428571428571,1.0,18.437797616645568,-46.0,7.0,1,3.734080793850074,0,1,49.0,67.0,-14.666666666666666,0.3333333333333333,7075.113333333334,2,0.625,1,1.0,0
0200776463,KROGE corporation,153,17,478,3.1447368421052637,9.743347280334728,9141824.39,59750.48620915033,52989.78,322.83,152055.22,43457.91431403595,0.7273231913446874,16.02837063793207,10.99794934327772,112,41,38,74,0.3392857142857143,0.0,0.8839285714285714,0.0,2.411479810766592,0.0,20.0,1,2.715932277112943,0,4,21.0,22.0,0.0,0.0,76843.72,2,0.9738562091503268,1,1.0,3
0200777735,NASH  foundation,168,17,489,2.92814371257485,10.45791411042945,7533725.33,44843.60315476191,33279.505,140.81,177004.96,40795.09058074729,0.909719284598015,15.834900341912832,10.710958529249082,133,35,6,22,0.0451127819548872,0.7894736842105263,-3.796992481203008,-1.0,12.972441301102467,-62.0,29.0,1,3.403636107327402,0,5,16.0,72.0,-1.3333333333333333,0.0,72215.09333333332,4,0.9285714285714286,1,1.0,3
0200778355,US  foundation,63,14,449,7.241935483870968,4.271091314031181,2225107.22,35319.16222222222,34811.85,635.3,107065.2,26118.05910915586,0.7394869375673587,14.615316110601926,10.472209247635496,61,2,34,16,0.5573770491803278,0.180327868852459,0.9508196721311476,1.0,1.9444470465764527,-2.0,7.0,1,2.02819015166721,0,7,57.0,74.0,-2.0,0.0,51754.05,3,0.5714285714285714,1,1.0,0
0200778870,C ,129,17,490,3.828125,8.013795918367347,2951303.64,22878.322790697675,9117.16,104.37,183658.23,31909.026295094995,1.3947275150811842,14.897757881399375,10.037988846747028,106,23,104,1,0.981132075471698,0.0094339622641509,5.226415094339623,3.5,6.929966699388037,-7.0,45.0,1,1.3196810033904558,15,0,16.0,38.0,1.3333333333333333,1.0,20522.393333333333,2,0.9844961240310076,1,1.0,0
0200778998,CE associates,37,15,495,13.75,2.275313131313131,2846503.41,76932.52459459458,70802.8,4258.8,148003.52,41800.701699048965,0.5433423889222785,14.861602276643108,11.250697011009802,29,8,3,13,0.1034482758620689,0.4482758620689655,-0.4482758620689655,0.0,0.9851108312031164,-3.0,2.0,1,2.1593336688643388,0,3,11.0,77.0,-0.3333333333333333,0.0,70854.21666666666,2,0.945945945945946,1,1.0,0
0200779051,AFFILI trust,49,16,481,10.020833333333334,3.100956340956341,2878061.37,58735.94632653061,44549.57,861.77,146814.38,46465.75706943137,0.791095742479646,14.872627837494145,10.980824217131795,35,14,0,0,0.0,1.0,-9.028571428571428,-5.0,13.19198891102367,-64.0,-1.0,1,1.4401133476549322,0,35,16.0,102.0,-4.666666666666667,0.0,62635.20333333333,4,0.9183673469387756,1,1.0,0
0200779111,NICH llc,10,6,236,26.22222222222222,1.2898305084745765,335223.65,33522.365000000005,36309.97,495.86,40704.21,11898.94909567904,0.3549555377634913,12.722556183072422,10.41999793738566,10,0,4,0,0.4,0.6,-1.4,-1.5,4.501851470969102,-11.0,6.0,1,3.0505937862946606,1,0,128.0,112.0,1.6666666666666667,0.6666666666666666,24486.756666666664,1,1.0,1,1.0,0
0200779340,CARA systems,4,3,198,66.0,0.614949494949495,80554.79999999999,20138.7,21681.615,2050.89,35140.68,15093.255603217838,0.7494652387302974,11.296705390978747,9.91044827043172,4,0,2,1,0.5,0.25,0.0,0.5,1.4142135623730951,-2.0,1.0,1,0.0,0,1,287.0,274.0,0.0,0.6666666666666666,22274.65333333333,2,0.75,1,1.0,0
0200779719,FOOD 4 corporation,24,13,469,20.39130434782609,1.5576972281449897,588614.8500000001,24525.618750000005,19436.32,14780.25,62753.34,14465.470788087752,0.5898106357902897,13.2855290427234,10.107514286332863,20,4,3,17,0.15,0.0,0.15,0.0,0.3663475485325232,0.0,1.0,1,2.3804761428476167,0,3,22.0,93.0,0.0,0.0,19891.186666666665,2,0.9583333333333334,1,1.0,0
0200779906,BOZZU ,106,17,486,4.628571428571429,6.639176954732511,6057390.279999999,57145.19132075471,53162.175,5.38,167846.73,46698.524501502005,0.8171907980740533,15.6167897835134,10.953368023445828,84,22,84,0,1.0,0.0,1.988095238095238,2.0,1.092074930337212,1.0,5.0,1,0.5460276756035447,84,0,19.0,74.0,2.6666666666666665,1.0,49061.79666666667,4,0.9716981132075472,1,1.0,0
0200780383,MEIJ corp,469,17,490,1.047008547008547,29.135428571428573,27917774.38,59526.171385927504,50039.92,15.27,183499.97,50941.69310097268,0.8557864871016336,17.144774154317194,10.994188149243747,381,88,248,133,0.6509186351706037,0.0,1.5301837270341208,1.0,1.8488281403287152,0.0,15.0,1,1.2066526587081148,0,3,16.0,32.0,0.0,0.0,92775.84333333334,5,0.9402985074626866,1,1.0,5
0200780825,SYSCO FO us,101,15,471,4.71,6.527473460721868,1345608.8199999998,13322.859603960394,11986.68,120.93,45315.66,11368.130534380303,0.853280066916038,14.112357866033882,9.49731166217913,93,8,80,5,0.8602150537634409,0.086021505376344,2.236559139784946,2.0,4.682060697985092,-16.0,28.0,1,2.082135997155538,5,0,36.0,59.0,3.333333333333333,1.0,21069.396666666664,3,0.7722772277227723,1,1.0,0
0200780849,LAUREL ,14,11,453,34.84615384615385,0.9407505518763796,344530.67000000004,24609.33357142857,22637.48,1452.73,85995.71,19719.385271394003,0.8012970044133255,12.749941295544334,10.110921697597531,13,1,1,10,0.0769230769230769,0.1538461538461538,1.1538461538461535,0.0,4.775739974882669,-1.0,17.0,1,3.976598211201799,0,4,14.0,100.0,-0.3333333333333333,0.0,19656.456666666665,1,1.0,1,1.0,0
0200781803,JRD llc,150,16,460,3.087248322147651,9.92608695652174,1350389.27,9002.595133333334,5892.6,176.56,48576.82,8851.660830888037,0.983234356292838,14.11590419752536,9.105379235815006,132,18,36,80,0.2727272727272727,0.1212121212121212,0.5984848484848485,0.0,2.7927382619516425,-2.0,21.0,1,4.64863831320102,0,2,38.0,71.0,0.3333333333333333,0.3333333333333333,8800.436666666666,2,0.5466666666666666,1,1.0,3
0200781831,RITE foundation,27,12,444,17.076923076923077,1.8510810810810807,1242465.4899999998,46017.24037037036,51625.93,56.32,126308.9,34041.473022389626,0.7397547690475653,14.032609066770314,10.73679312666473,25,2,11,14,0.44,0.0,1.72,0.0,3.446254004954752,0.0,14.0,1,1.9631543805028169,2,0,57.0,78.0,2.333333333333333,0.6666666666666666,47574.276666666665,3,0.925925925925926,1,1.0,0
0200782001,GORDO systems,231,16,477,2.0739130434782607,14.741383647798742,8514708.080000002,36860.20813852815,34945.56,34.95,123640.17,23732.69940243857,0.6438569015466833,15.957305705905132,10.514915007098187,208,23,83,27,0.3990384615384615,0.4711538461538461,-0.3557692307692308,0.0,10.737462766026352,-24.0,120.0,1,30.108338589054256,0,2,29.0,59.0,0.3333333333333333,0.3333333333333333,36321.96666666667,5,0.6320346320346321,1,1.0,3
0200782207,FORT corporation,3,3,212,106.0,0.4307547169811321,135662.41,45220.80333333334,32004.36,28443.71,75214.34,26036.10451731659,0.5757550197726088,11.817932170554496,10.719334624146349,2,1,0,2,0.0,0.0,0.0,0.0,0.0,0.0,0.0,1,0.0,0,2,57.0,219.0,0.0,0.0,53609.35,1,1.0,1,1.0,0
0200782249,ACE  associates,4,3,148,49.333333333333336,0.8227027027027027,162170.09,40542.5225,40443.275,39419.35,41864.19,1010.813001148912,0.0249321684695103,11.996407168032636,10.610131305723176,4,0,1,2,0.25,0.25,-0.25,0.0,2.0615528128088303,-3.0,2.0,1,7.14142842854285,0,1,184.0,169.0,-0.3333333333333333,0.3333333333333333,40101.96666666667,1,1.0,1,1.0,0
0200782669,SYGMA corp,132,17,485,3.7022900763358777,8.284701030927835,2482209.03,18804.61386363636,17124.785,237.4,55242.61,13452.157045482338,0.7153647048023465,14.724659862439678,9.84191071401091,113,19,94,3,0.831858407079646,0.1415929203539823,0.6106194690265486,1.0,4.779856595873727,-15.0,17.0,1,7.793167479098463,7,0,17.0,72.0,3.0,1.0,21347.27333333333,3,0.75,1,1.0,0
0200782772,ASSOC G corp,30,15,476,16.413793103448278,1.9184873949579837,1129691.6900000002,37656.38966666667,24788.085,432.12,95748.88,31875.61328935286,0.8464861759588457,13.93745619794964,10.536284486656106,25,5,6,5,0.24,0.56,-0.24,-1.0,2.3853720883753127,-2.0,9.0,1,9.73824077199436,2,0,13.0,88.0,1.0,0.6666666666666666,65182.00333333333,3,0.9,1,1.0,0
0200783189,PERFOR ,19,13,415,23.05555555555556,1.3936385542168674,716957.2699999999,37734.593157894735,43958.81,10679.85,68403.14,18845.36008933205,0.4994186636775565,13.482772917051204,10.538359043633315,18,1,5,0,0.2777777777777778,0.7222222222222222,-3.7777777777777777,-3.0,9.819282084429329,-23.0,20.0,1,2.525989476892222,1,0,71.0,84.0,-2.0,0.6666666666666666,29366.33333333333,3,0.5789473684210527,1,1.0,0
0200783190,PIT corporation,10,8,425,47.22222222222222,0.7162352941176471,265601.37,26560.137,26201.36,2099.87,61373.18,22413.774019759,0.8438877412326222,12.489755619737377,10.18720441140904,9,1,3,5,0.3333333333333333,0.1111111111111111,0.8888888888888888,0.0,2.088327347690278,-1.0,6.0,1,2.2150056433336687,0,2,80.0,157.0,0.6666666666666666,0.3333333333333333,43991.08,1,1.0,1,1.0,0
0200783317,VIEL ,2,2,44,44.0,1.3836363636363638,34039.05,17019.525,17019.525,6927.42,27111.63,14272.391763893324,0.8385893122101424,10.435293051546395,9.74217524771509,2,0,1,0,0.5,0.5,1.5,1.5,3.5355339059327378,-1.0,4.0,1,1.6666666666666667,0,1,280.0,266.0,1.5,0.5,17019.525,1,1.0,1,1.0,0
0200783609,PROFIC corp,23,12,427,19.40909090909091,1.6396252927400468,400328.93,17405.605652173912,15454.41,314.88,47406.44,11951.844109048929,0.6866663733448525,12.900044311108916,9.764605048341826,21,2,19,1,0.9047619047619048,0.0476190476190476,2.142857142857143,3.0,1.681835731744164,-2.0,6.0,1,0.7659416862050704,0,2,66.0,93.0,-0.3333333333333333,0.3333333333333333,16860.306666666667,3,0.7391304347826086,1,1.0,0
0200783734,FAREW corporation,32,14,462,14.903225806451612,2.1083982683982687,2572144.58,80379.518125,60873.6,7894.01,178078.61,58547.729055870885,0.7283911426891362,14.760250964604074,11.294527113926682,24,8,0,4,0.0,0.8333333333333334,-1.5416666666666667,-1.0,1.4135729219948652,-4.0,0.0,1,0.8976065894819251,0,24,10.0,86.0,-1.0,0.0,58891.66333333333,2,0.96875,1,1.0,0
0200784454,BI MA ,9,7,282,35.25,0.9714893617021276,327291.06,36365.67333333333,24090.4,5030.57,109179.51,37732.33453320905,1.0375810778298724,12.698608201105497,10.501408066471091,7,2,7,0,1.0,0.0,1.7142857142857142,1.0,1.1126972805283737,1.0,4.0,1,0.6009252125773317,7,0,51.0,86.0,2.333333333333333,1.0,15765.123333333337,3,0.6666666666666666,1,1.0,0
0200784489,GE corp,13,10,469,39.083333333333336,0.8437526652452025,230055.86,17696.60461538462,15334.8,9218.94,34802.21,7463.403563966437,0.421742120942121,12.346081774743451,9.781184576939513,10,3,3,7,0.3,0.0,1.7,0.0,3.622460796505909,0.0,11.0,1,2.021510620875245,2,0,22.0,70.0,4.0,0.6666666666666666,11115.993333333334,1,1.0,1,1.0,0
0200785971,SYSCO  ,76,17,485,6.466666666666667,4.769979381443299,1206887.1000000003,15880.093421052636,15226.245,352.12,42228.9,11321.717753882116,0.7129503242640016,14.003555786585553,9.672884587660729,66,10,54,6,0.8181818181818182,0.0909090909090909,1.8484848484848484,2.0,3.667916718467453,-14.0,14.0,1,1.9691929927588223,7,0,21.0,50.0,5.0,1.0,14368.816666666666,3,0.7368421052631579,1,1.0,0
0200786288,FAMILY corporation,106,16,485,4.619047619047619,6.652865979381444,3378897.2199999997,31876.38886792452,14362.44,17.88,99679.37,29480.695304566707,0.9248442609580388,15.033060243905096,10.369652224528563,78,28,9,6,0.1153846153846153,0.8076923076923077,0.5128205128205128,-1.0,17.57044714059983,-51.0,90.0,1,34.04203284176784,0,8,19.0,77.0,-3.0,0.0,13446.593333333332,4,0.8018867924528302,1,1.0,0
0200788265,UNIT us,1,1,0,,30.44,7157.01,7157.01,7157.01,7157.01,7157.01,0.0,0.0,8.875987288363275,8.875987288363275,1,0,0,0,0.0,1.0,-2.0,-2.0,0.0,-2.0,-2.0,1,0.0,0,1,297.0,279.0,-2.0,0.0,7157.01,1,1.0,1,1.0,0
0200788704,RE ,2,2,202,202.0,0.3013861386138614,46328.59,23164.295,23164.295,18219.86,28108.73,6992.487035272214,0.3018648758907713,10.743536128814014,10.05041053249878,2,0,2,0,1.0,0.0,1.0,1.0,0.0,1.0,1.0,1,0.0,2,0,178.0,162.0,1.0,1.0,23164.295,1,1.0,1,1.0,0
0200788848,DAIRY corp,3,3,169,84.5,0.5403550295857988,59436.75,19812.25,12481.15,5217.68,41737.92,19332.375767657217,0.975778912927972,10.992684825377744,9.894106184792747,3,0,0,0,0.0,1.0,-7.0,-6.0,2.6457513110645907,-10.0,-5.0,1,0.3086066999241838,0,3,141.0,126.0,-7.0,0.0,19812.25,2,0.6666666666666666,1,1.0,0
0200789077,US  us,31,14,385,12.833333333333334,2.4510129870129878,1403111.66,45261.66645161291,40698.02,10325.91,92057.55,17817.224431009363,0.3936493246455454,14.154203655219296,10.720237831539942,31,0,21,3,0.6774193548387096,0.2258064516129032,1.4838709677419355,1.0,2.593208665494488,-6.0,8.0,1,1.7191790365015258,0,2,102.0,88.0,-0.3333333333333333,0.3333333333333333,44317.67333333334,3,0.7741935483870968,1,1.0,0
0200789266,IMPERI trust,2,2,235,235.0,0.2590638297872341,57118.08,28559.04,28559.04,23727.79,33390.29,6832.419273215016,0.2392384083363802,10.95289349044118,10.259763817012765,1,1,0,0,0.0,1.0,-1.0,-1.0,0.0,-1.0,-1.0,1,0.0,0,1,66.0,287.0,-1.0,0.0,33390.29,1,1.0,1,1.0,0
0200789344,INDIANH associates,4,4,343,114.33333333333331,0.3549854227405248,105946.65,26486.6625,28926.155,12.56,48081.78,20587.954691942847,0.7772951647623723,11.570700383176746,10.18443433752706,3,1,2,0,0.6666666666666666,0.3333333333333333,34.666666666666664,15.0,48.58326186386967,-1.0,90.0,1,1.1442711692932492,2,0,80.0,22.0,34.666666666666664,0.6666666666666666,27939.946666666667,3,0.5,1,1.0,0
0200789896,RIVER  llc,2,2,274,274.0,0.2221897810218978,35983.58,17991.79,17991.79,16451.15,19532.43,2178.7939827344844,0.1210993449086769,10.490845792343988,9.797726401078942,1,1,1,0,1.0,0.0,7.0,7.0,0.0,7.0,7.0,1,0.0,1,0,44.0,296.0,7.0,1.0,16451.15,1,1.0,1,1.0,0
0200790012,DOERLE systems,4,4,354,118.0,0.343954802259887,80067.31,20016.8275,11551.215,2572.64,54392.24,23319.03245229152,1.1649714447652366,11.290635424312148,9.904378530497356,4,0,4,0,1.0,0.0,45.5,29.5,52.3354564325181,2.0,121.0,1,0.9961282371255908,4,0,87.0,50.0,48.333333333333336,1.0,25831.556666666667,1,1.0,1,1.0,0
0200790099,SHETA ,2,1,20,20.0,3.044,68535.4,34267.7,34267.7,29277.0,39258.4,7057.915625735407,0.2059640893825791,11.135120269975628,10.441987680096032,2,0,1,1,0.5,0.0,0.5,0.5,0.7071067811865476,0.0,1.0,1,1.0,1,0,296.0,280.0,0.5,0.5,34267.7,1,1.0,1,1.0,0
0200790107,ROU systems,72,17,489,6.887323943661972,4.481963190184049,5870285.59,81531.74430555555,79800.53,8707.63,175463.69,49023.729624358006,0.6012839543899902,15.585414013440422,11.308759989161064,55,17,26,23,0.4727272727272727,0.109090909090909,0.8545454545454545,0.0,1.2969791371316972,-1.0,3.0,1,1.503880599750833,2,0,16.0,81.0,1.0,0.6666666666666666,39569.97,2,0.9861111111111112,1,1.0,0
0200790165,CONSO corp,3,2,46,23.0,1.985217391304348,75576.4,25192.13333333333,26496.0,10710.0,38370.4,13876.220063595609,0.5508156010445964,11.232912575676677,10.13432674959576,0,3,0,0,0.0,0.0,,,,,,0,0.0,0,0,25.0,,,,,1,1.0,1,1.0,0
0200790215,VAN  ,3,3,365,182.5,0.2501917808219178,125912.62,41970.87333333333,41767.22,40802.81,43342.59,1282.079023396503,0.0305468750486608,11.743351395277394,10.644754990388307,3,0,1,0,0.3333333333333333,0.6666666666666666,6.0,-10.0,27.712812921102035,-10.0,38.0,1,3.771236166328254,1,0,86.0,28.0,6.0,0.3333333333333333,41970.87333333333,1,1.0,1,1.0,0
0200790543,H SC corporation,2,2,90,90.0,0.6764444444444445,104262.14,52131.07,52131.07,51509.54,52752.6,878.9761554217481,0.016860888437965,11.554673174883742,10.861535585395048,2,0,0,0,0.0,1.0,-1.5,-1.5,0.7071067811865476,-2.0,-1.0,1,0.3333333333333333,0,2,123.0,109.0,-1.5,0.0,52131.07,1,1.0,1,1.0,0
0200790710,F corporation,20,11,415,21.84210526315789,1.4669879518072289,531268.9199999999,26563.446,29362.15,472.79,45119.53,16549.57607949788,0.6230206758376863,13.183025494988376,10.187328984159777,19,1,19,0,1.0,0.0,4.789473684210527,2.0,8.916769141893523,1.0,39.0,1,1.8120875788856077,19,0,56.0,70.0,4.333333333333333,1.0,27257.38,3,0.75,1,1.0,0
0200790748,J  associates,5,4,266,66.5,0.5721804511278196,173780.56,34756.112,45929.99,12259.23,50557.87,19135.469147852637,0.5505641467564794,12.065554387220208,10.45613949192306,5,0,0,5,0.0,0.0,0.0,0.0,0.0,0.0,0.0,1,0.0,0,5,214.0,199.0,0.0,0.0,26131.046666666665,1,1.0,1,1.0,0
0200791792,MAXIMU corporation,5,5,326,81.5,0.4668711656441718,198548.89,39709.778,45265.32,4718.14,53597.03,20008.789781008,0.5038756394207995,12.198795682542624,10.589377915975682,5,0,1,0,0.2,0.8,-4.8,-4.0,6.180614856144977,-15.0,1.0,1,1.151689580090438,0,2,105.0,94.0,-2.6666666666666665,0.3333333333333333,49521.81,2,0.8,1,1.0,0
0200792105,HERITA co,2,2,84,84.0,0.7247619047619048,16181.5,8090.75,8090.75,7959.5,8222.0,185.61553006146872,0.0229416963892678,9.691685690419666,8.99860030309956,2,0,1,0,0.5,0.5,1.0,1.0,4.242640687119285,-2.0,4.0,1,3.0,1,0,136.0,122.0,1.0,0.5,8090.75,1,1.0,1,1.0,0
0200792200,APPE associates,9,7,318,39.75,0.8615094339622642,79592.28,8843.586666666666,5149.69,458.46,40710.53,12415.989589298752,1.4039540807687478,11.284684946158174,9.087560874768975,9,0,6,3,0.6666666666666666,0.0,2.2222222222222223,2.0,2.048034287907418,0.0,6.0,1,0.8689073598491382,0,1,113.0,98.0,0.6666666666666666,0.3333333333333333,18601.096666666668,2,0.7777777777777778,1,1.0,0
0200792277,SOUTH in,4,2,109,36.333333333333336,1.1170642201834864,32248.130000000005,8062.032500000001,9269.95,4437.79,9270.44,2416.161710832217,0.2996963496279898,10.381246345115851,8.995045005434681,4,0,3,0,0.75,0.25,4.25,4.0,7.135591542869215,-4.0,13.0,1,1.4540243640362676,3,0,207.0,174.0,7.0,1.0,7659.556666666666,2,0.75,1,1.0,0
0200792283,SYSCO  corporation,17,10,417,26.0625,1.240959232613909,311600.72,18329.454117647056,21533.12,425.4,38427.02,12522.263345625192,0.6831771020157729,12.6494811128608,9.816319115084807,13,4,12,0,0.9230769230769232,0.0769230769230769,0.5384615384615384,1.0,5.3792097408353055,-17.0,4.0,1,9.598044018423328,12,0,67.0,86.0,2.333333333333333,1.0,21625.176666666663,2,0.6470588235294118,1,1.0,0
0200792293,UNIFIE corp,131,17,483,3.715384615384616,8.255983436853002,4774240.3100000005,36444.582519083975,24616.62,1.72,172049.59,34978.19420665655,0.9597638877696142,15.378745631314825,10.50357553720028,110,21,62,47,0.5636363636363636,0.009090909090909,3.4909090909090907,1.0,12.277932359285204,-21.0,90.0,1,3.501092649385809,0,1,15.0,72.0,0.3333333333333333,0.3333333333333333,9912.9,5,0.9236641221374046,1,1.0,3
0200792734,MDV/ in,168,18,493,2.9520958083832336,10.373062880324545,6492961.23,38648.57875,22230.11,194.25,146033.91,39667.89698213778,1.0263740159432844,15.686229414439977,10.562291154861736,145,23,40,46,0.2758620689655172,0.4068965517241379,1.986206896551724,0.0,12.07096275209447,-2.0,92.0,1,6.056401651517688,0,1,16.0,71.0,0.3333333333333333,0.3333333333333333,84451.23999999999,4,0.9583333333333334,1,1.0,3
0200793000,US  llc,13,10,406,33.833333333333336,0.974679802955665,442496.73,34038.21,29999.34,784.01,73495.86,18523.62092029256,0.5442007943511882,13.00019061347346,10.435268374427402,11,2,10,0,0.9090909090909092,0.0909090909090909,1.7272727272727273,2.0,1.1908743922772955,-1.0,3.0,1,0.6573682103577262,0,1,73.0,91.0,1.3333333333333333,0.6666666666666666,31286.006666666664,2,0.8461538461538461,1,1.0,0
0200793088,DEMOU us,61,17,488,8.133333333333333,3.805,4126367.22,67645.36426229509,52383.74,4940.69,191999.14,51260.3642790356,0.7577808891718492,15.232908212451022,11.122048888803564,50,11,1,22,0.02,0.54,-0.7,-1.0,1.6319513798279803,-4.0,8.0,1,2.307927774486216,0,4,16.0,38.0,-0.3333333333333333,0.0,55607.043333333335,3,0.9016393442622952,1,1.0,0
0200793122,PIGGLY associates,27,14,473,18.192307692307693,1.7375898520084567,1661464.2399999998,61535.71259259259,56508.64,4599.51,137380.8,38421.46265522372,0.6243766592840063,14.323210445703292,11.027389228414291,21,6,1,0,0.0476190476190476,0.9523809523809524,-1.238095238095238,-1.0,1.374945886381057,-4.0,3.0,1,1.0837694464311824,0,5,32.0,72.0,-1.0,0.0,76501.86666666665,1,1.0,1,1.0,0
0200793319,SHERM'S  co,13,9,454,37.833333333333336,0.8716299559471367,128808.85,9908.373076923075,6153.34,960.83,29764.05,8333.493440973984,0.8410556784930677,11.766092564883596,9.201236363660271,11,2,1,0,0.0909090909090909,0.9090909090909092,-2.636363636363636,-2.0,1.85864075456917,-6.0,1.0,1,0.6721927134351009,0,7,37.0,116.0,-2.0,0.0,8355.916666666666,1,1.0,1,1.0,0
0200793513,KROGER associates,115,17,489,4.289473684210527,7.158691206543968,6237922.5200000005,54242.80452173913,55916.63,1191.28,152518.48,38138.68905646965,0.7031105672492401,15.646157915734875,10.901244062516865,89,26,30,58,0.3370786516853932,0.0112359550561797,0.4831460674157303,0.0,1.9720337883801,-15.0,4.0,1,4.058655927696596,1,0,16.0,67.0,1.3333333333333333,0.3333333333333333,86002.59666666668,2,0.991304347826087,1,1.0,3
0200793568,SUPE ,343,17,491,1.435672514619883,21.26460285132383,16399593.76,47812.22670553936,25902.49,17.46,200851.25,47451.32602217847,0.992451707267608,16.612767182733037,10.775057589523492,283,60,204,69,0.7208480565371025,0.0353356890459364,1.7208480565371025,2.0,10.401675225904723,-49.0,90.0,1,6.033816527316875,1,0,15.0,17.0,2.333333333333333,0.6666666666666666,23908.876666666667,5,0.9096209912536444,1,1.0,3
0200793830,M co,91,17,486,5.4,5.699670781893005,5512866.420000001,60580.94967032968,53877.02,4.38,152612.55,46524.14269697123,0.7679665464167696,15.522595448670277,11.011752267462656,69,22,33,24,0.4782608695652174,0.1739130434782608,1.4782608695652173,0.0,12.809243784966815,-50.0,90.0,1,8.6020571022198,0,5,15.0,78.0,0.0,0.0,112086.53666666668,3,0.945054945054945,1,1.0,3
0200793888,PERFOR foundation,4,3,291,97.0,0.4184192439862543,115197.2,28799.3,23558.095,22082.28,45998.73,11489.132441273943,0.398937906173898,11.654409402121855,10.26814108273645,4,0,4,0,1.0,0.0,6.5,3.5,8.020806277010642,1.0,18.0,1,1.068649537649985,4,0,116.0,100.0,2.6666666666666665,1.0,23066.156666666662,1,1.0,1,1.0,0
0200794332,COST corporation,1113,18,493,0.4433453237410072,68.72154158215011,27519149.55,24725.20175202156,16939.04,157.88,148311.95,22713.91219966501,0.918654271357276,17.13039270391059,10.115618760042665,880,233,194,188,0.2204545454545454,0.5659090909090909,-0.4136363636363636,-1.0,6.04678727620183,-58.0,90.0,1,14.61029821432004,0,10,16.0,23.0,-1.0,0.0,29812.88666666667,3,0.9694519317160828,1,1.0,5
0200795490,HY -  in,78,17,488,6.337662337662338,4.865409836065574,4268562.97,54725.16628205128,50098.665,391.16,152541.24,38803.94654358731,0.7090695045784484,15.266788021849427,10.91009723385061,66,12,66,0,1.0,0.0,2.606060606060606,2.0,1.690505503631638,1.0,11.0,1,0.6437493272402981,66,0,18.0,73.0,2.333333333333333,1.0,84261.13666666667,3,0.9230769230769232,1,1.0,0
0200796637,MERCH associates,12,9,484,44.0,0.7547107438016529,339654.78,28304.565,29647.53,2769.43,48735.45,13021.71119995895,0.4600569272115275,12.735687971992686,10.250813707409147,8,4,1,0,0.125,0.875,-2.75,-3.0,2.3754698783308417,-6.0,2.0,1,0.8080176743014171,0,5,21.0,79.0,-3.6666666666666665,0.0,34180.32,1,1.0,1,1.0,0
0200796828,CSM BAK llc,4,4,182,60.66666666666666,0.669010989010989,219224.68,54806.17,62530.0,31040.68,63124.0,15853.554623351823,0.2892658732283578,12.29785698047876,10.911576303793437,4,0,0,0,0.0,1.0,-11.25,-10.0,3.2015621187164243,-16.0,-9.0,1,0.2464563668090981,0,4,119.0,98.0,-11.666666666666666,0.0,52033.56,1,1.0,1,1.0,0
0200797452,US  ,86,16,465,5.470588235294118,5.629763440860215,2594049.8,30163.369767441854,29664.19,204.43,86428.33,22696.61871503123,0.7524563366103018,14.768731227321355,10.314416697815291,77,9,59,5,0.7662337662337663,0.1688311688311688,2.142857142857143,2.0,3.817254061682112,-8.0,20.0,1,1.7697799897504811,0,3,29.0,79.0,-0.3333333333333333,0.0,4483.04,3,0.7790697674418605,1,1.0,0
0200797984,PIGGLY us,36,14,462,13.2,2.371948051948052,2406554.81,66848.74472222223,65578.125,2268.41,151412.12,42199.94135768468,0.6312750004961027,14.693707158813128,11.110202763857462,28,8,7,21,0.25,0.0,0.3928571428571428,0.0,0.7373267889143821,0.0,2.0,1,1.8430122666102997,0,1,31.0,106.0,1.0,0.6666666666666666,98130.37666666666,2,0.9166666666666666,1,1.0,0
0200799180,CHEN corp,32,14,458,14.774193548387096,2.126812227074236,1096320.2200000002,34260.00687500001,31153.91,995.52,69763.91,18032.401021917587,0.5263396790231258,13.907470787490997,10.44176316067568,29,3,22,3,0.7586206896551724,0.1379310344827586,3.0689655172413794,3.0,3.3050938443858207,-3.0,12.0,1,1.0582098586940318,1,0,22.0,74.0,1.3333333333333333,0.6666666666666666,27557.983333333334,3,0.59375,1,1.0,0
0200799342,MITCH ,52,16,463,9.07843137254902,3.418747300215983,2174070.34,41809.045,23092.84,140.9,146041.35,44524.79033300912,1.064955928388441,14.592112161212285,10.640891900647569,40,12,4,25,0.1,0.275,-4.25,0.0,15.592157792152586,-75.0,2.0,1,3.622593462010809,0,3,15.0,112.0,0.0,0.0,50932.35666666667,4,0.9423076923076924,1,1.0,0
0200799367,MCL foundation,334,17,489,1.4684684684684686,20.791329243353783,13571188.72,40632.30155688623,29346.575,9.18,173268.27,36345.786969018496,0.8945047554870476,16.42345970077568,10.612343244771896,286,48,161,122,0.5629370629370629,0.0104895104895104,2.1538461538461537,1.0,8.156631306979783,-69.0,90.0,1,3.780380952817191,4,0,17.0,25.0,1.6666666666666667,1.0,10942.75,4,0.8862275449101796,1,1.0,3
0200799420,HT HA corporation,6,5,322,64.4,0.5672049689440993,17599.480000000003,2933.246666666668,885.855,335.77,10938.58,4155.0092827654025,1.416522289101292,9.775681453381624,7.984206026970955,4,2,0,2,0.0,0.5,-0.5,-0.5,0.5773502691896257,-1.0,0.0,1,1.0,0,4,21.0,71.0,-0.3333333333333333,0.0,606.1366666666667,1,1.0,1,1.0,0
0200799476,CHRIS in,1,1,0,,30.44,122.72,122.72,122.72,122.72,122.72,0.0,0.0,4.818020947816869,4.818020947816869,1,0,0,0,0.0,1.0,-16.0,-16.0,0.0,-16.0,-16.0,1,0.0,0,1,338.0,322.0,-16.0,0.0,122.72,1,1.0,1,1.0,0
0200799538,UNITE ,47,15,463,10.065217391304348,3.090021598272138,2713952.5,57743.67021276596,68606.9,325.86,113657.71,34851.260550765095,0.6035511844389169,14.813916985847712,10.963786333436955,39,8,27,6,0.6923076923076923,0.1538461538461538,-4.897435897435898,1.0,20.38419779064536,-72.0,38.0,1,4.108510103081816,1,0,29.0,67.0,-29.33333333333333,0.3333333333333333,22836.02333333333,4,0.8085106382978723,1,1.0,0
0200800406,CARGILL  associates,1,1,0,,30.44,84138.75,84138.75,84138.75,84138.75,84138.75,0.0,0.0,11.340234385901686,11.340234385901686,0,1,0,0,0.0,0.0,,,,,,0,0.0,0,0,63.0,,,,,1,1.0,1,1.0,0
0200803094,VENDO us,5,5,280,70.0,0.5435714285714286,154069.65999999997,30813.931999999997,24713.33,13707.51,58799.57,18662.45839476997,0.605650015543942,11.945166607333764,10.3357546566764,5,0,0,3,0.0,0.4,-0.4,0.0,0.5477225575051662,-1.0,0.0,1,1.2247448713915892,0,5,161.0,147.0,-0.3333333333333333,0.0,18418.25333333333,1,1.0,1,1.0,0
0200803125,INDOFI trust,1,1,0,,30.44,124184.6,124184.6,124184.6,124184.6,124184.6,0.0,0.0,11.729532499730734,11.729532499730734,1,0,1,0,1.0,0.0,1.0,1.0,0.0,1.0,1.0,1,0.0,1,0,233.0,232.0,1.0,1.0,124184.6,1,1.0,1,1.0,0
0200803720,DEC associates,441,17,485,1.1022727272727273,27.678432989690723,2227664.24,5051.39283446712,2594.25,12.96,36161.02,6229.713128408876,1.2332664143445218,14.616464617393948,8.527617238655429,353,88,63,21,0.178470254957507,0.7620396600566572,-4.473087818696884,-7.0,4.14166548565995,-10.0,9.0,1,0.9245950696761808,0,5,15.0,81.0,-4.0,0.0,6588.673333333333,3,0.6417233560090703,1,1.0,3
0200806580,BE systems,30,15,487,16.79310344827586,1.875154004106776,128263.66,4275.455333333333,3687.75,192.0,15064.23,3456.277393717451,0.8083998368011917,11.761851064492555,8.36087975228801,23,7,1,2,0.0434782608695652,0.8695652173913043,-5.0,-6.0,2.8284271247461903,-8.0,2.0,1,0.5532512598464997,0,4,18.0,113.0,-4.0,0.0,2998.3,1,1.0,1,1.0,0
0200806643,PLAZA WA corporation,5,4,145,36.25,1.049655172413793,17859.120000000003,3571.8240000000005,1103.33,465.57,13437.26,5542.745598079529,1.5517969525036868,9.79032557333289,8.181111598483842,5,0,2,2,0.4,0.2,-3.4,0.0,14.892951352905172,-29.0,10.0,1,3.917841365963932,1,0,279.0,242.0,4.0,0.6666666666666666,5137.663333333333,1,1.0,1,1.0,0
0200807583,VANE ,3,2,461,230.5,0.1980911062906724,58654.0,19551.33333333333,14650.0,7379.0,36625.0,15226.602718050186,0.7788012438052061,10.97942810193982,9.88084991038028,2,1,2,0,1.0,0.0,3.5,3.5,0.7071067811865476,3.0,4.0,1,0.1428571428571428,2,0,39.0,479.0,3.5,1.0,25637.5,1,1.0,1,1.0,0
0200814091,WEST llc,1,1,0,,30.44,55425.54,55425.54,55425.54,55425.54,55425.54,0.0,0.0,10.922813819393951,10.922813819393951,1,0,0,0,0.0,1.0,-6.0,-6.0,0.0,-6.0,-6.0,1,0.0,0,1,401.0,387.0,-6.0,0.0,55425.54,1,1.0,1,1.0,0
0200816226,D &  corp,1,1,0,,30.44,8603.59,8603.59,8603.59,8603.59,8603.59,0.0,0.0,9.060051060793477,9.060051060793477,1,0,1,0,1.0,0.0,1.0,1.0,0.0,1.0,1.0,1,0.0,1,0,221.0,205.0,1.0,1.0,8603.59,1,1.0,1,1.0,0
0200816950,COLOM ,10,8,443,49.22222222222222,0.6871331828442437,603860.16,60386.016,67533.34,33458.74,79772.51,16098.236595123082,0.2665888174361938,13.311099582943688,11.008529393926796,9,1,6,2,0.6666666666666666,0.1111111111111111,4.777777777777778,2.0,11.43216709309501,-2.0,35.0,1,2.255933825633074,4,0,47.0,58.0,2.333333333333333,1.0,57537.30333333332,1,1.0,1,1.0,0
0200819043,LJ  llc,1,1,0,,30.44,13281.63,13281.63,13281.63,13281.63,13281.63,0.0,0.0,9.494212445591335,9.494212445591335,1,0,0,0,0.0,1.0,-2.0,-2.0,0.0,-2.0,-2.0,1,0.0,0,1,308.0,295.0,-2.0,0.0,13281.63,1,1.0,1,1.0,0
0200820380,SMITH'S ,92,16,479,5.263736263736264,5.846513569937369,3452826.58,37530.72369565217,35251.48,647.01,126246.86,32142.69646164226,0.8564368948037606,15.054704041734162,10.532941819549,67,25,21,46,0.3134328358208955,0.0,1.835820895522388,0.0,10.964953833623568,0.0,90.0,1,5.928039177473073,0,10,17.0,35.0,0.0,0.0,35636.22333333333,4,0.9239130434782608,1,1.0,3
0200822668,SUN  foundation,1,1,0,,30.44,25346.58,25346.58,25346.58,25346.58,25346.58,0.0,0.0,10.14043854095155,10.14043854095155,1,0,1,0,1.0,0.0,2.0,2.0,0.0,2.0,2.0,1,0.0,1,0,172.0,155.0,2.0,1.0,25346.58,1,1.0,1,1.0,0
0200822900,TIM H ,4,4,252,84.0,0.4831746031746031,66452.11,16613.0275,20768.4,3729.31,21186.0,8591.400648964349,0.5171484035022724,11.104251865153056,9.718002647628175,4,0,4,0,1.0,0.0,25.0,32.0,14.674240468703426,3.0,33.0,1,0.5083306010855534,4,0,198.0,175.0,22.33333333333333,1.0,15088.703333333331,2,0.75,1,1.0,0
0200825136,COLOME corp,11,6,344,34.4,0.9733720930232558,680888.06,61898.91454545455,68059.96,42389.07,82527.18,14109.033512751585,0.2279366870382004,13.431154664371796,11.03327407814596,10,1,7,0,0.7,0.3,0.3,1.5,2.9078437983419185,-5.0,3.0,1,9.195409482755814,0,2,40.0,150.0,-1.3333333333333333,0.3333333333333333,64531.26666666666,1,1.0,1,1.0,0
0200825139,FISCHER in,1,1,0,,30.44,85081.91,85081.91,85081.91,85081.91,85081.91,0.0,0.0,11.351381471832225,11.351381471832225,1,0,1,0,1.0,0.0,11.0,11.0,0.0,11.0,11.0,1,0.0,1,0,448.0,417.0,11.0,1.0,85081.91,1,1.0,1,1.0,0
0200826820,C H G ,2,2,63,63.0,0.9663492063492064,13346.2,6673.1,6673.1,6652.4,6693.8,29.27422074112345,0.0043868997529069,9.499061904002629,8.805989642717197,0,2,0,0,0.0,0.0,,,,,,0,0.0,0,0,14.0,,,,,1,1.0,1,1.0,0
0200827835,T MA llc,4,4,378,126.0,0.3221164021164021,17317.34,4329.335,4410.75,2579.84,5916.0,1569.5657771817018,0.3625420017581688,9.759521334567076,8.373400185209391,3,1,1,0,0.3333333333333333,0.6666666666666666,-6.0,-11.0,10.44030650891055,-13.0,6.0,1,1.4207457613938246,0,1,51.0,79.0,-6.0,0.3333333333333333,4912.5,1,1.0,1,1.0,0
0200830009,CON co,5,4,253,63.25,0.6015810276679843,305059.23,61011.846,61794.9,5004.72,89793.0,34432.81342515421,0.564362753835611,12.628264511503682,11.018839711148386,3,2,0,0,0.0,1.0,-31.0,-24.0,12.12435565298214,-45.0,-24.0,1,0.3193385463423118,0,3,31.0,164.0,-31.0,0.0,80144.81999999999,1,1.0,1,1.0,0
0200833713,JETRO ,42,16,467,11.390243902439025,2.737644539614561,332438.29,7915.197380952381,3562.6000000000004,76.06,31138.97,9601.64648935467,1.2130646940606518,12.714212535940945,8.976666240842167,35,7,15,17,0.4285714285714285,0.0857142857142857,2.0,0.0,2.6457513110645907,-1.0,7.0,1,1.3038404810405295,6,0,18.0,73.0,5.0,1.0,445.85666666666674,2,0.7142857142857143,1,1.0,0
0200847305,CUSTOM co,22,13,448,21.33333333333333,1.4948214285714287,1337805.44,60809.33818181818,66974.85,19776.4,113705.76,24657.02315459231,0.4054808667851065,14.106541845528382,11.015515089384964,21,1,21,0,1.0,0.0,4.285714285714286,4.0,1.5537971921347118,2.0,7.0,1,0.3538151850686813,21,0,35.0,79.0,3.6666666666666665,1.0,70731.57666666666,1,1.0,1,1.0,0
0200854853,MARTIN  corp,13,9,403,33.583333333333336,0.9819354838709676,254996.00000000003,19615.07692307693,20282.4,8162.2,21464.82,3474.4554375671228,0.1771318792779988,12.449007059365476,9.884104760173852,13,0,9,3,0.6923076923076923,0.0769230769230769,2.923076923076923,2.0,3.06761412342824,-1.0,8.0,1,1.0082760031930535,0,1,100.0,85.0,1.6666666666666667,0.6666666666666666,20708.94,1,1.0,1,1.0,0
0200856934,GARDEN associates,1,1,0,,30.44,75054.6,75054.6,75054.6,75054.6,75054.6,0.0,0.0,11.225984451199956,11.225984451199956,1,0,0,0,0.0,1.0,-3.0,-3.0,0.0,-3.0,-3.0,1,0.0,0,1,386.0,374.0,-3.0,0.0,75054.6,1,1.0,1,1.0,0
0200858049,GEOR corp,9,7,454,56.75,0.6034361233480177,103359.44999999998,11484.383333333331,7592.8,2030.0,36300.0,10996.847303948072,0.957547913959804,11.545977672722122,9.34883049143458,7,2,4,2,0.5714285714285714,0.1428571428571428,0.7142857142857143,1.0,1.2535663410560174,-1.0,3.0,1,1.624807680927192,1,0,39.0,105.0,0.6666666666666666,0.3333333333333333,17742.633333333335,1,1.0,1,1.0,0
0200861551,MRS GR trust,9,8,468,58.5,0.5853846153846154,249788.09000000003,27754.232222222225,19769.7,2410.94,53254.58,20434.49986510728,0.7362660837270725,12.428372200779885,10.231179649950086,6,3,0,0,0.0,1.0,-3.333333333333333,-3.5,1.3662601021279464,-5.0,-1.0,1,0.3741657386773941,0,6,9.0,112.0,-3.333333333333333,0.0,35456.89666666667,1,1.0,1,1.0,0
0200865160,MAX ,2,2,312,312.0,0.1951282051282051,40951.96,20475.98,20475.98,5743.2,35208.76,20835.29728745909,1.0175482339531046,10.620179369941187,9.92705660734251,2,0,0,0,0.0,1.0,-7.5,-7.5,4.949747468305833,-11.0,-4.0,1,0.4666666666666667,0,2,116.0,112.0,-7.5,0.0,20475.98,2,0.5,1,1.0,0
0200865666,RESTAU foundation,48,17,478,10.170212765957446,3.0567364016736405,171374.39,3570.299791666667,2177.875,51.25,18289.15,4012.0800088612655,1.1237375691043494,12.051611692573186,8.180684895811574,42,6,4,38,0.0952380952380952,0.0,0.4285714285714285,0.0,1.4166752066422927,0.0,6.0,1,3.265986323710904,0,6,30.0,85.0,0.0,0.0,6296.846666666667,2,0.5833333333333334,1,1.0,0
0200870809,CRUMB in,1,1,0,,30.44,75483.87,75483.87,75483.87,75483.87,75483.87,0.0,0.0,11.231687517803891,11.231687517803891,1,0,0,0,0.0,1.0,-2.0,-2.0,0.0,-2.0,-2.0,1,0.0,0,1,245.0,232.0,-2.0,0.0,75483.87,1,1.0,1,1.0,0
0200872111,PEPS in,4,4,368,122.66666666666669,0.3308695652173913,13380.659999999998,3345.1649999999995,4170.15,840.06,4200.3,1670.3118944975515,0.4993212276517157,9.501640391756505,8.115570192943016,4,0,0,0,0.0,1.0,-36.25,-44.0,18.997806890972093,-49.0,-8.0,1,0.4538643692075282,0,4,112.0,60.0,-32.0,0.0,3080.22,1,1.0,1,1.0,0
0200875006,KROGER systems,74,16,479,6.561643835616438,4.702630480167015,5758911.81,77823.13256756756,84408.815,2382.55,194959.36,36272.05694137135,0.4660832293004813,15.56625926659299,11.262206849312165,61,13,20,41,0.3278688524590163,0.0,0.8688524590163934,0.0,2.8721386331214678,0.0,22.0,1,3.2784613779582603,0,3,22.0,71.0,0.0,0.0,50600.91,1,1.0,1,1.0,3
0200875680,MINERS  corporation,1,1,0,,30.44,20488.62,20488.62,20488.62,20488.62,20488.62,0.0,0.0,9.927673695428958,9.927673695428958,1,0,0,0,0.0,1.0,-53.0,-53.0,0.0,-53.0,-53.0,1,0.0,0,1,406.0,394.0,-53.0,0.0,20488.62,1,1.0,1,1.0,0
0200877212,SHER corporation,1,1,0,,30.44,11314.0,11314.0,11314.0,11314.0,11314.0,0.0,0.0,9.333884558067638,9.333884558067638,1,0,0,0,0.0,1.0,-2.0,-2.0,0.0,-2.0,-2.0,1,0.0,0,1,331.0,318.0,-2.0,0.0,11314.0,1,1.0,1,1.0,0
0200879892,HILL llc,3,3,118,59.0,0.7738983050847458,64905.14,21635.046666666665,7839.0,1714.14,55352.0,29359.890736624573,1.3570523414613038,11.08069750530504,9.982116029887989,3,0,3,0,1.0,0.0,2.6666666666666665,2.0,2.081665999466133,1.0,5.0,1,0.6373774391990982,3,0,330.0,310.0,2.6666666666666665,1.0,21635.046666666665,1,1.0,1,1.0,0
0200881076,ALBERT llc,124,16,470,3.821138211382114,8.030978723404257,6686007.86,53919.41822580645,48598.94,153.87,175179.32,46069.12360841384,0.854406911726741,15.715527671118348,10.895264501969432,91,33,26,63,0.2857142857142857,0.0219780219780219,0.3516483516483517,0.0,1.881923521728804,-13.0,9.0,1,5.322233729835623,0,3,22.0,32.0,0.0,0.0,14409.183333333334,4,0.935483870967742,1,1.0,3
0200886415,COSTCO in,25,11,420,17.5,1.811904761904762,471411.78,18856.4712,14991.0,2918.16,57444.0,13362.644346937324,0.7086503198401896,13.063489379850662,9.844664464482818,18,7,15,2,0.8333333333333334,0.0555555555555555,2.833333333333333,1.0,5.260843144234134,-1.0,23.0,1,1.8044543117856435,2,0,24.0,88.0,8.666666666666666,0.6666666666666666,8352.96,1,1.0,1,1.0,0
0200888842,JULI associates,3,3,141,70.5,0.6476595744680851,94315.06,31438.353333333333,31116.42,30260.66,32937.98,1367.384875934109,0.043494163369056,11.45440676165003,10.35581567805341,3,0,1,0,0.3333333333333333,0.6666666666666666,0.6666666666666666,-2.0,6.429100507328637,-4.0,8.0,1,7.874007874011811,0,1,337.0,326.0,0.6666666666666666,0.3333333333333333,31438.353333333333,1,1.0,1,1.0,0
0200891601,POWE foundation,19,8,417,23.166666666666668,1.3869544364508393,752574.75,39609.19736842105,32982.75,2191.95,84144.0,27490.231883365173,0.6940365801323235,13.531256934990669,10.586841873396304,17,2,16,0,0.9411764705882352,0.0588235294117647,27.88235294117647,32.0,20.173876526777075,-2.0,65.0,1,0.701932690279077,3,0,73.0,32.0,34.333333333333336,1.0,50772.35666666667,1,1.0,1,1.0,0
0200895669,J  corporation,7,5,242,40.333333333333336,0.8804958677685951,92292.0,13184.57142857143,6633.28,1849.65,44728.3,15446.723043086333,1.1715756652971474,11.432723577961667,9.486878437140753,7,0,1,0,0.1428571428571428,0.8571428571428571,-0.8571428571428571,-1.0,0.8997354108424372,-2.0,1.0,1,0.97182531580755,0,6,199.0,184.0,-1.0,0.0,6554.366666666666,1,1.0,1,1.0,0
0200895843,US  associates,36,15,476,13.6,2.30218487394958,855895.8,23774.88333333333,20725.685,355.38,71930.43,18400.29021936106,0.7739381918885432,13.659905087108184,10.07642704059652,34,2,23,5,0.6764705882352942,0.1764705882352941,1.1764705882352942,1.0,2.702082117892794,-8.0,7.0,1,2.262741699796952,1,0,29.0,60.0,0.0,0.3333333333333333,26423.400000000005,3,0.6388888888888888,1,1.0,0
0200900212,CASEY us,14,9,350,26.923076923076923,1.2176,338344.75,24167.48214285714,25488.935,8580.92,47580.25,9314.432948873717,0.3854118064022924,12.731823580623894,10.092804672505762,8,6,1,0,0.125,0.875,-5.625,-7.0,3.6620642110310255,-9.0,1.0,1,0.6089862047130987,1,0,30.0,84.0,-5.333333333333333,0.3333333333333333,26251.77333333333,1,1.0,1,1.0,0
0200900909,SYSCO in,168,18,500,2.9940119760479043,10.22784,1957310.15,11650.655654761904,5419.81,23.99,47225.36,12818.082191552385,1.1002026470770618,14.487082227097288,9.36320356518486,156,12,119,7,0.7628205128205128,0.1923076923076923,1.5064102564102564,2.0,4.950720761955966,-19.0,19.0,1,3.275885526786371,15,0,8.0,49.0,5.0,1.0,39944.85,3,0.7559523809523809,1,1.0,0
0200909198,TAP associates,5,4,327,81.75,0.4654434250764526,114571.03,22914.206,26578.47,6240.0,34800.72,12656.698844571598,0.5523516217219833,11.64895898715612,10.039555986647526,5,0,0,0,0.0,1.0,-7.6,-5.0,5.504543577809153,-14.0,-2.0,1,0.6478175592153248,0,5,102.0,91.0,-3.6666666666666665,0.0,31679.410000000003,2,0.6,1,1.0,0
0200913718,TREEHOU associates,4,4,348,116.0,0.3498850574712643,145023.2,36255.8,36255.8,32132.8,40378.8,4760.830319737656,0.1313122402412208,11.884655904028756,10.498382228897626,3,1,1,0,0.3333333333333333,0.6666666666666666,-7.0,-13.0,11.269427669584644,-14.0,6.0,1,1.3144927373183106,0,2,52.0,217.0,-7.0,0.3333333333333333,37630.13333333334,1,1.0,1,1.0,0
0200915438,GROC associates,100,18,504,5.090909090909091,6.03968253968254,1668558.4,16685.584000000003,13090.82,111.0,123208.8,15890.09228926985,0.9523246108299144,14.327471177378948,9.72236032225025,74,26,28,45,0.3783783783783784,0.0135135135135135,3.121621621621621,0.0,12.204819060241112,-5.0,90.0,1,3.883261663171336,0,1,4.0,77.0,0.6666666666666666,0.3333333333333333,26779.29333333333,1,1.0,1,1.0,3
0200920735,ALBERT us,113,16,472,4.214285714285714,7.287542372881356,9148608.32,80961.13557522124,85278.97,676.96,201960.0,42960.835995385816,0.5306352942081793,16.029112438815282,11.301736862325832,92,21,27,65,0.2934782608695652,0.0,0.5652173913043478,0.0,0.9527790217619212,0.0,4.0,1,1.6764995936694902,0,5,34.0,25.0,0.0,0.0,48155.97,3,0.9557522123893806,1,1.0,3
0200922106,PEPP ,2,2,182,182.0,0.3345054945054945,28246.1,14123.05,14123.05,5764.8,22481.3,11820.35050770492,0.8369545181603777,10.24874607643796,9.555634297115644,1,1,0,0,0.0,1.0,-1.0,-1.0,0.0,-1.0,-1.0,1,0.0,0,1,23.0,191.0,-1.0,0.0,5764.8,1,1.0,1,1.0,0
0200927099,THE YOUN corp,1,1,0,,30.44,21555.55,21555.55,21555.55,21555.55,21555.55,0.0,0.0,9.978434993665724,9.978434993665724,1,0,0,0,0.0,1.0,-5.0,-5.0,0.0,-5.0,-5.0,1,0.0,0,1,406.0,396.0,-5.0,0.0,21555.55,1,1.0,1,1.0,0
0200930547,KELLOGG  co,2,2,105,105.0,0.5798095238095239,43981.6,21990.8,21990.8,21990.8,21990.8,0.0,0.0,10.691549380142174,9.99842493558765,2,0,1,0,0.5,0.5,17.5,17.5,34.64823227814083,-7.0,42.0,1,1.4,0,1,273.0,220.0,17.5,0.5,21990.8,1,1.0,1,1.0,0
0200932247,LONE  trust,1,1,0,,30.44,33352.02,33352.02,33352.02,33352.02,33352.02,0.0,0.0,10.414903601966577,10.414903601966577,1,0,1,0,1.0,0.0,8.0,8.0,0.0,8.0,8.0,1,0.0,1,0,494.0,476.0,8.0,1.0,33352.02,1,1.0,1,1.0,0
0200934467,SARNO ,2,2,64,64.0,0.95125,48722.4,24361.2,24361.2,21758.73,26963.67,3680.448369669108,0.1510782871808083,10.793914686484117,10.100788029732817,2,0,2,0,1.0,0.0,3.5,3.5,0.7071067811865476,3.0,4.0,1,0.1428571428571428,2,0,210.0,191.0,3.5,1.0,24361.2,1,1.0,1,1.0,0
0200934569,SODEXHO  ,7,5,371,61.833333333333336,0.5743396226415095,5150.6,735.8000000000001,651.19,207.82,1687.37,527.1571036544356,0.7164407497342151,8.547062625018516,6.602316484941097,6,1,4,0,0.6666666666666666,0.3333333333333333,27.5,18.5,41.01097414107595,-16.0,87.0,1,1.361371857110809,0,2,70.0,72.0,-2.0,0.3333333333333333,697.7966666666667,1,1.0,1,1.0,0
0200935607,CHICKE associates,4,3,134,44.66666666666666,0.9086567164179103,140503.84,35125.96,35087.755000000005,31779.87,38548.46,3135.4633678506484,0.0892634213513495,11.852997215561182,10.466724205790989,2,2,0,0,0.0,1.0,-13.0,-13.0,0.0,-13.0,-13.0,1,0.0,0,2,59.0,135.0,-13.0,0.0,35087.755000000005,1,1.0,1,1.0,0
0200936373,SUPE corporation,334,17,489,1.4684684684684686,20.791329243353783,17269126.990000002,51703.9730239521,41105.225000000006,40.78,319165.07,47910.67587949432,0.9266343199061216,16.664430956086044,10.853309245888973,277,57,173,103,0.6245487364620939,0.003610108303249,1.6101083032490977,1.0,4.329663313528866,-12.0,65.0,1,2.6841927103964567,1,0,17.0,70.0,0.3333333333333333,0.3333333333333333,99417.47000000002,6,0.9281437125748504,1,1.0,3
0200936615,OVERH foundation,1,1,0,,30.44,12218.4,12218.4,12218.4,12218.4,12218.4,0.0,0.0,9.410780131683817,9.410780131683817,1,0,0,0,0.0,1.0,-47.0,-47.0,0.0,-47.0,-47.0,1,0.0,0,1,457.0,444.0,-47.0,0.0,12218.4,1,1.0,1,1.0,0
0200936785,TILL systems,1,1,0,,30.44,9953.28,9953.28,9953.28,9953.28,9953.28,0.0,0.0,9.205757888418091,9.205757888418091,0,1,0,0,0.0,0.0,,,,,,0,0.0,0,0,52.0,,,,,1,1.0,1,1.0,0
0200942148,BRADY foundation,14,5,121,9.307692307692308,3.5219834710743805,231854.4,16561.02857142857,16743.6,14781.6,17870.4,860.3083771161733,0.0519477623871982,12.353869180469232,9.714867918711622,14,0,14,0,1.0,0.0,45.0,35.5,27.980762622256687,24.0,111.0,1,0.5991763894539006,14,0,351.0,212.0,81.33333333333333,1.0,16811.999999999996,1,1.0,1,1.0,0
0200943275,US  co,40,15,449,11.512820512820513,2.711804008908686,1292175.13,32304.37825,32735.54,2059.8,92161.26,22559.16739826569,0.6983315767195023,14.071838277562888,10.38298900463754,38,2,29,8,0.7631578947368421,0.0263157894736842,2.1578947368421053,2.0,1.7633861129131063,-1.0,7.0,1,0.8063548904788557,0,1,38.0,72.0,0.3333333333333333,0.3333333333333333,70842.44333333333,3,0.725,1,1.0,0
0200943423,SHEET in,5,5,413,103.25,0.3685230024213075,90724.58,18144.916,18991.59,1645.6,30552.91,10743.553600379626,0.5920971802999598,11.415594625006552,9.806200800599497,4,1,1,2,0.25,0.25,0.5,0.0,1.7320508075688772,-1.0,3.0,1,3.0,0,2,58.0,203.0,0.6666666666666666,0.3333333333333333,12187.316666666666,1,1.0,1,1.0,0
0200943457,BERN corp,2,2,336,336.0,0.1811904761904762,105044.84,52522.42,52522.42,44750.81,60294.03,10990.716263474367,0.2092576134815259,11.562152105298653,10.869014444346911,2,0,2,0,1.0,0.0,10.5,10.5,2.1213203435596424,9.0,12.0,1,0.1428571428571428,2,0,127.0,85.0,10.5,1.0,52522.42,1,1.0,1,1.0,0
0200948009,DORI foundation,1,1,0,,30.44,59612.08,59612.08,59612.08,59612.08,59612.08,0.0,0.0,10.99563029206219,10.99563029206219,1,0,0,0,0.0,1.0,-1.0,-1.0,0.0,-1.0,-1.0,1,0.0,0,1,112.0,98.0,-1.0,0.0,59612.08,1,1.0,1,1.0,0
0200955827,KE foundation,11,7,316,31.6,1.0596202531645569,273956.19,24905.10818181818,30869.44,1672.0,33654.32,12167.500912449374,0.4885544292207565,12.520727132287416,10.12286836087634,9,2,9,0,1.0,0.0,16.22222222222222,2.0,28.73489941594444,1.0,88.0,1,1.670025389073508,9,0,79.0,70.0,8.0,1.0,32726.02666666667,1,1.0,1,1.0,0
0200956366,RICH systems,33,16,490,15.3125,2.050040816326531,1502962.0199999998,45544.30363636363,55891.44,2460.6,60639.48,19631.68128273305,0.4310458106786962,14.222949064307342,10.726462793889889,30,3,7,12,0.2333333333333333,0.3666666666666666,-0.0666666666666666,0.0,2.391556026917424,-8.0,8.0,1,35.27038417709679,0,3,9.0,87.0,0.0,0.0,43199.68666666667,1,1.0,1,1.0,0
0200963022,OREGO in,1,1,0,,30.44,12384.9,12384.9,12384.9,12384.9,12384.9,0.0,0.0,9.424314007833894,9.424314007833894,1,0,0,0,0.0,1.0,-6.0,-6.0,0.0,-6.0,-6.0,1,0.0,0,1,408.0,399.0,-6.0,0.0,12384.9,1,1.0,1,1.0,0
0200965912,C&S W associates,49,16,485,10.104166666666666,3.075381443298969,2714498.8200000003,55397.93510204082,46742.47,56.82,153167.36,45351.46974420211,0.8186491005606343,14.814118266017086,10.922315650565809,34,15,12,20,0.3529411764705882,0.0588235294117647,-0.8529411764705882,0.0,8.746020230666222,-50.0,4.0,1,10.102035913993278,0,2,21.0,79.0,-16.333333333333332,0.3333333333333333,84980.66,3,0.9183673469387756,1,1.0,0
0200966888,BIRD-I in,4,4,335,111.66666666666669,0.3634626865671642,66064.5,16516.125,4884.0,3496.5,52800.0,24198.09141363219,1.4651191737548723,11.09840195312362,9.712153000452735,4,0,4,0,1.0,0.0,5.25,5.0,2.0615528128088303,3.0,8.0,1,0.3400680204068024,4,0,133.0,118.0,4.333333333333333,1.0,4421.5,1,1.0,1,1.0,0
0200966902,BALLES corp,2,2,33,33.0,1.8448484848484847,3136.0,1568.0,1568.0,1568.0,1568.0,0.0,0.0,8.051022208190679,7.358193752733032,2,0,2,0,1.0,0.0,4.5,4.5,3.5355339059327378,2.0,7.0,1,0.5555555555555556,2,0,228.0,196.0,4.5,1.0,1568.0,1,1.0,1,1.0,0
0200971591,PERFOR foundation,1,1,0,,30.44,19560.83,19560.83,19560.83,19560.83,19560.83,0.0,0.0,9.881335497494714,9.881335497494714,1,0,1,0,1.0,0.0,6.0,6.0,0.0,6.0,6.0,1,0.0,1,0,485.0,464.0,6.0,1.0,19560.83,1,1.0,1,1.0,0
0200972004,HUDD ,3,3,405,202.5,0.2254814814814814,46338.600000000006,15446.200000000004,15587.4,14070.52,16680.68,1310.7962795186747,0.0848620553611033,10.74375216609758,9.64518303612833,2,1,0,0,0.0,1.0,-3.0,-3.0,2.8284271247461903,-5.0,-1.0,1,0.6666666666666666,0,2,65.0,349.0,-3.0,0.0,16134.04,1,1.0,1,1.0,0
0200974851,RESTA trust,270,17,489,1.817843866171004,16.807361963190186,639659.1699999999,2369.108037037037,1940.1,95.13,16272.46,2195.9385781200845,0.9269052081164144,13.368692329938728,7.770690818337896,239,31,28,203,0.1171548117154811,0.0334728033472803,0.5146443514644351,0.0,4.657017269881472,-17.0,43.0,1,9.030050228287124,0,7,16.0,36.0,0.0,0.0,2527.0733333333333,3,0.6888888888888889,1,1.0,5
0200978592,PLAZA associates,48,16,459,9.76595744680851,3.1832679738562093,1895632.46,39492.34291666666,21708.11,13.43,115637.36,26004.69133852582,0.6584742615397288,14.455063620323036,10.583887402930529,39,9,31,4,0.7948717948717948,0.1025641025641025,4.615384615384615,3.0,5.3930529612562665,-6.0,17.0,1,1.153416824209865,2,0,21.0,71.0,1.3333333333333333,0.6666666666666666,26776.35,1,1.0,1,1.0,0
0200978899,MBM/PF corporation,7,6,421,70.16666666666667,0.5061282660332541,222142.4,31734.62857142857,27081.6,16279.4,50719.51,13657.17961006643,0.4303557414994391,12.311078398267076,10.365195258427308,5,2,5,0,1.0,0.0,2.4,3.0,0.8944271909999159,1.0,3.0,1,0.3333333333333333,5,0,64.0,80.0,2.0,1.0,20785.55,3,0.5714285714285714,1,1.0,0
0200980828,BEN E trust,60,17,484,8.203389830508474,3.7735537190082646,1991001.11,33183.351833333334,29252.46,49.74,91305.7,24377.045209400952,0.7346167238269682,14.504148642814732,10.409833713472244,52,8,1,1,0.0192307692307692,0.9615384615384616,-3.0576923076923075,-3.0,18.276110477286437,-30.0,120.0,1,5.919341692097015,0,37,15.0,81.0,-11.333333333333334,0.0,29337.22,4,0.7333333333333333,1,1.0,0
0200982290,CIRC in,7,7,380,63.333333333333336,0.5607368421052632,235971.98,33710.28285714286,30466.47,1083.85,80727.06,23630.945496256045,0.7010011039183224,12.371472585927668,10.425587863189053,6,1,1,5,0.1666666666666666,0.0,0.3333333333333333,0.0,0.816496580927726,0.0,2.0,1,2.23606797749979,0,1,50.0,91.0,0.6666666666666666,0.3333333333333333,47990.94,1,1.0,1,1.0,0
0200982294,BUR ,7,7,363,60.5,0.5869972451790634,323672.51,46238.93,25282.91,13710.73,103238.52,36799.80140621324,0.7958618723706028,12.687490601533227,10.741598989504284,6,1,1,0,0.1666666666666666,0.8333333333333334,-1.8333333333333333,-2.5,1.940790217067952,-3.0,2.0,1,0.9663768920667865,0,5,71.0,158.0,-2.6666666666666665,0.0,45505.31666666667,1,1.0,1,1.0,0
0200983712,FAMOS foundation,2,2,296,296.0,0.2056756756756756,96838.31,48419.155,48419.155,32147.44,64690.87,23011.68003606973,0.4752598436728136,11.480808285871715,10.787671431643473,1,1,0,1,0.0,0.0,0.0,0.0,0.0,0.0,0.0,1,0.0,0,1,23.0,304.0,0.0,0.0,32147.44,1,1.0,1,1.0,0
0200984655,PERFOR co,2,2,49,49.0,1.2424489795918368,24749.75,12374.875,12374.875,4748.4,20001.35,10785.46437809935,0.8715614806694492,10.116611070568013,9.423504292007973,2,0,0,0,0.0,1.0,-17.0,-17.0,19.79898987322333,-31.0,-3.0,1,0.8235294117647058,0,2,247.0,246.0,-17.0,0.0,12374.875,2,0.5,1,1.0,0
0200984794,GREA llc,9,7,398,49.75,0.6883417085427136,265201.17,29466.796666666665,14466.84,8873.08,93872.2,29177.080496007904,0.9901680466344516,12.48824771976414,10.291053307638633,8,1,5,2,0.625,0.125,-4.875,1.0,17.931914884600904,-49.0,6.0,1,3.440773424972747,0,1,58.0,85.0,-15.666666666666666,0.6666666666666666,24797.710000000003,2,0.8888888888888888,1,1.0,0
0200986966,GROC ,2,2,66,66.0,0.9224242424242424,23450.2,11725.1,11725.1,10022.4,13427.8,2407.9814326526684,0.2053697992044988,10.062676945273036,9.369572405545105,2,0,0,2,0.0,0.0,0.0,0.0,0.0,0.0,0.0,1,0.0,0,2,190.0,175.0,0.0,0.0,11725.1,1,1.0,1,1.0,0
0200987178,WEGMAN co,1,1,0,,30.44,40074.48,40074.48,40074.48,40074.48,40074.48,0.0,0.0,10.598519954948133,10.598519954948133,1,0,0,1,0.0,0.0,0.0,0.0,0.0,0.0,0.0,1,0.0,0,1,101.0,86.0,0.0,0.0,40074.48,1,1.0,1,1.0,0
0200991882,WAUG corporation,1,1,0,,30.44,15498.4,15498.4,15498.4,15498.4,15498.4,0.0,0.0,9.64855659248068,9.64855659248068,1,0,0,0,0.0,1.0,-6.0,-6.0,0.0,-6.0,-6.0,1,0.0,0,1,430.0,421.0,-6.0,0.0,15498.4,1,1.0,1,1.0,0
0200992695,NUGG foundation,2,2,273,273.0,0.223003663003663,124988.25,62494.125,62494.125,30065.62,94922.63,45860.83157848373,0.7338422864306642,11.735983012586226,11.042843832682337,1,1,0,0,0.0,1.0,-4.0,-4.0,0.0,-4.0,-4.0,1,0.0,0,1,29.0,291.0,-4.0,0.0,94922.63,1,1.0,1,1.0,0
0200992849,GIV us,1,1,0,,30.44,7060.0,7060.0,7060.0,7060.0,7060.0,0.0,0.0,8.862341963516347,8.862341963516347,1,0,1,0,1.0,0.0,8.0,8.0,0.0,8.0,8.0,1,0.0,1,0,298.0,170.0,8.0,1.0,7060.0,1,1.0,1,1.0,0
0200999003,VALE in,4,4,315,105.0,0.3865396825396825,144053.9,36013.475,33276.255,23312.92,54188.47,13942.019659830496,0.3871334176951959,11.877949755900822,10.49167621995774,4,0,1,0,0.25,0.75,-4.0,-8.0,8.0,-8.0,8.0,1,1.7320508075688772,0,3,157.0,150.0,-8.0,0.0,38987.71,1,1.0,1,1.0,0
100000217,MRS S corp,1,1,0,,30.44,25614.99,25614.99,25614.99,25614.99,25614.99,0.0,0.0,10.150972044855408,10.150972044855408,1,0,0,0,0.0,1.0,-1.0,-1.0,0.0,-1.0,-1.0,1,0.0,0,1,353.0,339.0,-1.0,0.0,25614.99,1,1.0,1,1.0,0
100000222,SMITHFIE associates,5,2,352,88.0,0.4323863636363636,48108.52,9621.704,6505.2,1120.37,30824.06,12285.941629660709,1.276898731208184,10.781235357507995,9.171880585244947,2,3,0,0,0.0,1.0,-2.5,-2.5,0.7071067811865476,-3.0,-2.0,1,0.2,0,2,15.0,354.0,-2.5,0.0,4788.77,1,1.0,1,1.0,0
100001196,DOLLAR corporation,9,4,138,17.25,1.985217391304348,254965.6,28329.511111111107,10287.16,2071.46,128448.34,40681.68654868104,1.4360179527674692,12.448887835169726,10.251694634000016,9,0,4,4,0.4444444444444444,0.1111111111111111,-1.0,0.0,10.874281585465774,-28.0,12.0,1,10.252370999486466,4,0,311.0,295.0,4.666666666666667,1.0,48758.57,2,0.8888888888888888,1,1.0,0
100001222,REST ,2,2,257,257.0,0.2368871595330739,26144.1,13072.05,13072.05,375.47,25768.63,17955.67563175499,1.3735929430927047,10.171417071438018,9.47830813823136,1,1,0,1,0.0,0.0,0.0,0.0,0.0,0.0,0.0,1,0.0,0,1,60.0,302.0,0.0,0.0,25768.63,1,1.0,1,1.0,0
100004536,BAS associates,1,1,0,,30.44,2047.54,2047.54,2047.54,2047.54,2047.54,0.0,0.0,7.6248826232790785,7.6248826232790785,1,0,0,0,0.0,1.0,-1.0,-1.0,0.0,-1.0,-1.0,1,0.0,0,1,470.0,456.0,-1.0,0.0,2047.54,1,1.0,1,1.0,0
100006311,QUALITY C us,1,1,0,,30.44,20175.8,20175.8,20175.8,20175.8,20175.8,0.0,0.0,9.912288708489196,9.912288708489196,0,1,0,0,0.0,0.0,,,,,,0,0.0,0,0,65.0,,,,,1,1.0,1,1.0,0
100011895,GRO corporation,1,1,0,,30.44,37028.16,37028.16,37028.16,37028.16,37028.16,0.0,0.0,10.519460989340349,10.519460989340349,1,0,0,1,0.0,0.0,0.0,0.0,0.0,0.0,0.0,1,0.0,0,1,415.0,400.0,0.0,0.0,37028.16,1,1.0,1,1.0,0
100011958,IND corp,3,2,418,209.0,0.2184688995215311,55261.74,18420.58,6963.49,3369.5,44928.75,23026.973283340994,1.250067765691471,10.919854181033912,9.821278082460797,1,2,0,0,0.0,1.0,-4.0,-4.0,0.0,-4.0,-4.0,1,0.0,0,1,36.0,413.0,-4.0,0.0,6963.49,1,1.0,1,1.0,0
100012638,99 CE associates,3,2,78,39.0,1.1707692307692308,93971.26,31323.753333333338,23244.72,14597.49,56129.05,21912.797715244706,0.699558494221894,11.450754911316706,10.352163905298577,3,0,3,0,1.0,0.0,1.6666666666666667,2.0,0.5773502691896257,1.0,2.0,1,0.282842712474619,3,0,349.0,333.0,1.6666666666666667,1.0,31323.753333333338,1,1.0,1,1.0,0
100012991,CJR WH co,2,2,143,143.0,0.4257342657342657,14554.9,7277.45,7277.45,3589.4,10965.5,5215.690328710093,0.7166920183182424,9.585751688689216,8.892673206433823,2,0,1,0,0.5,0.5,5.5,5.5,12.020815280171307,-3.0,14.0,1,1.5454545454545454,1,0,298.0,297.0,5.5,0.5,7277.45,1,1.0,1,1.0,0
100014187,GAD  corp,1,1,0,,30.44,70306.33,70306.33,70306.33,70306.33,70306.33,0.0,0.0,11.160631339788608,11.160631339788608,1,0,0,1,0.0,0.0,0.0,0.0,0.0,0.0,0.0,1,0.0,0,1,325.0,305.0,0.0,0.0,70306.33,1,1.0,1,1.0,0
100015455,PERFOR trust,1,1,0,,30.44,21896.25,21896.25,21896.25,21896.25,21896.25,0.0,0.0,9.994116337143666,9.994116337143666,1,0,0,0,0.0,1.0,-4.0,-4.0,0.0,-4.0,-4.0,1,0.0,0,1,413.0,402.0,-4.0,0.0,21896.25,1,1.0,1,1.0,0
100025658,PEA foundation,1,1,0,,30.44,9961.58,9961.58,9961.58,9961.58,9961.58,0.0,0.0,9.206591353179151,9.206591353179151,1,0,1,0,1.0,0.0,11.0,11.0,0.0,11.0,11.0,1,0.0,1,0,506.0,465.0,11.0,1.0,9961.58,1,1.0,1,1.0,0
100026939,SYSC corp,3,3,97,48.5,0.9414432989690722,99097.62,33032.54,36114.94,24995.43,37987.25,7023.014954284236,0.2126089896291425,11.503870794893167,10.40527868793716,3,0,3,0,1.0,0.0,1.0,1.0,0.0,1.0,1.0,1,0.0,3,0,325.0,309.0,1.0,1.0,33032.54,1,1.0,1,1.0,0
100027744,OMEGA AD in,1,1,0,,30.44,4932.0,4932.0,4932.0,4932.0,4932.0,0.0,0.0,8.503702601233739,8.503702601233739,1,0,1,0,1.0,0.0,7.0,7.0,0.0,7.0,7.0,1,0.0,1,0,411.0,403.0,7.0,1.0,4932.0,1,1.0,1,1.0,0
100028731,MR. DAIRY corporation,1,1,0,,30.44,1883.7,1883.7,1883.7,1883.7,1883.7,0.0,0.0,7.541523936022582,7.541523936022582,1,0,1,0,1.0,0.0,3.0,3.0,0.0,3.0,3.0,1,0.0,1,0,315.0,301.0,3.0,1.0,1883.7,1,1.0,1,1.0,0
100029649,LES ENTRE systems,1,1,0,,30.44,14450.0,14450.0,14450.0,14450.0,14450.0,0.0,0.0,9.57851889529833,9.57851889529833,0,1,0,0,0.0,0.0,,,,,,0,0.0,0,0,16.0,,,,,1,1.0,1,1.0,0
100030194,AMAZO associates,2,2,404,404.0,0.1506930693069307,51667.77,25833.885,25833.885,1376.48,50291.29,34587.993851451545,1.3388614934010716,10.852608816082077,10.159480989385656,1,1,1,0,1.0,0.0,4.0,4.0,0.0,4.0,4.0,1,0.0,1,0,19.0,408.0,4.0,1.0,1376.48,1,1.0,1,1.0,0
100030964,NATURA associates,4,3,443,147.66666666666666,0.2748532731376975,75059.08,18764.77,17283.9,11760.79,28730.49,7223.932033931845,0.3849731189847701,11.22604413850246,9.83978974456685,2,2,1,0,0.5,0.5,-0.5,-0.5,16.263455967290593,-12.0,11.0,1,23.0,0,1,14.0,406.0,-0.5,0.5,15211.395,1,1.0,1,1.0,0
100031628,COLDST corporation,3,2,35,17.5,2.609142857142857,72957.08,24319.02666666667,5645.7,5585.4,61725.98,32395.385894971736,1.3321004306218835,11.197640308612472,10.099055432570731,3,0,1,2,0.3333333333333333,0.0,0.3333333333333333,0.0,0.5773502691896258,0.0,1.0,1,1.4142135623730951,0,1,412.0,392.0,0.3333333333333333,0.3333333333333333,24319.02666666667,1,1.0,1,1.0,0
100031686,EWT-EU systems,1,1,0,,30.44,2364.4,2364.4,2364.4,2364.4,2364.4,0.0,0.0,7.768702419817017,7.768702419817017,0,1,0,0,0.0,0.0,,,,,,0,0.0,0,0,69.0,,,,,1,1.0,1,1.0,0
100031704,DELHAIZE systems,41,10,448,11.2,2.785803571428572,2017292.47,49202.255365853656,44383.48,763.2,125927.18,35304.64547551137,0.7175412023899371,14.517267304617253,10.803715066264164,23,18,12,6,0.5217391304347826,0.217391304347826,4.608695652173913,1.0,18.666301991544167,-1.0,90.0,1,3.961208304963912,2,0,14.0,269.0,2.0,0.6666666666666666,73284.65666666668,2,0.902439024390244,1,1.0,0
100031920,AOF SER corporation,1,1,0,,30.44,20560.54,20560.54,20560.54,20560.54,20560.54,0.0,0.0,9.931177619487768,9.931177619487768,1,0,0,0,0.0,1.0,-2.0,-2.0,0.0,-2.0,-2.0,1,0.0,0,1,406.0,396.0,-2.0,0.0,20560.54,1,1.0,1,1.0,0
100032505,KEHE corp,2,2,77,77.0,0.7906493506493506,10114.31,5057.155,5057.155,3470.2,6644.11,2244.2932838757947,0.4437857419588276,9.221805396685358,8.528757071283904,1,1,1,0,1.0,0.0,3.0,3.0,0.0,3.0,3.0,1,0.0,1,0,63.0,122.0,3.0,1.0,3470.2,1,1.0,1,1.0,0
100034330,MASSY D co,1,1,0,,30.44,158.94,158.94,158.94,158.94,158.94,0.0,0.0,5.074798744903744,5.074798744903744,1,0,1,0,1.0,0.0,1.0,1.0,0.0,1.0,1.0,1,0.0,1,0,305.0,274.0,1.0,1.0,158.94,1,1.0,1,1.0,0
100035260,PI associates,1,1,0,,30.44,12462.5,12462.5,12462.5,12462.5,12462.5,0.0,0.0,9.430559651773146,9.430559651773146,1,0,1,0,1.0,0.0,6.0,6.0,0.0,6.0,6.0,1,0.0,1,0,315.0,298.0,6.0,1.0,12462.5,1,1.0,1,1.0,0
100035824,CHAIN DI corporation,2,1,15,15.0,4.058666666666667,59355.81,29677.905,29677.905,21292.89,38062.92,11858.201933701836,0.3995633092599305,10.99132213650504,10.298191803069736,0,2,0,0,0.0,0.0,,,,,,0,0.0,0,0,66.0,,,,,2,0.5,1,1.0,0
100035877,DUNKIN llc,1,1,0,,30.44,7593.74,7593.74,7593.74,7593.74,7593.74,0.0,0.0,8.935211181395852,8.935211181395852,1,0,1,0,1.0,0.0,3.0,3.0,0.0,3.0,3.0,1,0.0,1,0,392.0,374.0,3.0,1.0,7593.74,1,1.0,1,1.0,0
100036039,GI corporation,1,1,0,,30.44,80058.89,80058.89,80058.89,80058.89,80058.89,0.0,0.0,11.290530258576098,11.290530258576098,0,1,0,0,0.0,0.0,,,,,,0,0.0,0,0,20.0,,,,,1,1.0,1,1.0,0
100036066,GROC llc,3,2,35,17.5,2.609142857142857,93181.91,31060.63666666667,7479.68,3512.16,82190.07,44323.80306876243,1.427008839014861,11.442319614760802,10.34372878902551,3,0,0,3,0.0,0.0,0.0,0.0,0.0,0.0,0.0,1,0.0,0,3,408.0,393.0,0.0,0.0,31060.63666666667,1,1.0,1,1.0,0
100036538,DENVER in,2,1,11,11.0,5.534545454545455,9867.18,4933.59,4933.59,3646.5,6220.68,1820.2201339947871,0.3689443455971791,9.19707071826116,8.504024868375717,2,0,1,0,0.5,0.5,5.5,5.5,17.67766952966369,-7.0,18.0,1,2.272727272727273,1,0,433.0,400.0,5.5,0.5,4933.59,1,1.0,1,1.0,0
100043885,VIP  corp,1,1,0,,30.44,49279.42,49279.42,49279.42,49279.42,49279.42,0.0,0.0,10.805282120898356,10.805282120898356,1,0,1,0,1.0,0.0,1.0,1.0,0.0,1.0,1.0,1,0.0,1,0,422.0,406.0,1.0,1.0,49279.42,1,1.0,1,1.0,0
100043892,IN-N co,2,1,2,2.0,30.44,32833.58,16416.79,16416.79,15386.64,17446.94,1456.8521012786434,0.088741593288252,10.399237507314393,9.706120781987083,2,0,0,0,0.0,1.0,-2.0,-2.0,1.4142135623730951,-3.0,-1.0,1,0.5,0,2,330.0,318.0,-2.0,0.0,16416.79,1,1.0,1,1.0,0
100043936,PAPA JO associates,4,3,395,131.66666666666666,0.308253164556962,68130.58,17032.645,17242.12,15501.15,18145.19,1157.8760826473035,0.0679798165609219,11.129196114457269,9.742945784812258,2,2,1,1,0.5,0.0,2.5,2.5,3.5355339059327378,0.0,5.0,1,1.0,1,0,42.0,402.0,2.5,0.5,16581.11,1,1.0,1,1.0,0
100043949,HOME R trust,1,1,0,,30.44,17157.25,17157.25,17157.25,17157.25,17157.25,0.0,0.0,9.75023438648952,9.75023438648952,1,0,0,0,0.0,1.0,-1.0,-1.0,0.0,-1.0,-1.0,1,0.0,0,1,413.0,399.0,-1.0,0.0,17157.25,1,1.0,1,1.0,0
100043961,GOUR systems,1,1,0,,30.44,12777.05,12777.05,12777.05,12777.05,12777.05,0.0,0.0,9.45548413413006,9.45548413413006,1,0,0,0,0.0,1.0,-4.0,-4.0,0.0,-4.0,-4.0,1,0.0,0,1,330.0,319.0,-4.0,0.0,12777.05,1,1.0,1,1.0,0
100043973,BOARD ,1,1,0,,30.44,52918.67,52918.67,52918.67,52918.67,52918.67,0.0,0.0,10.876530382381784,10.876530382381784,1,0,1,0,1.0,0.0,1.0,1.0,0.0,1.0,1.0,1,0.0,1,0,331.0,315.0,1.0,1.0,52918.67,1,1.0,1,1.0,0
100043975,JAVA ,1,1,0,,30.44,2142.72,2142.72,2142.72,2142.72,2142.72,0.0,0.0,7.670297916647234,7.670297916647234,1,0,1,0,1.0,0.0,2.0,2.0,0.0,2.0,2.0,1,0.0,1,0,427.0,410.0,2.0,1.0,2142.72,1,1.0,1,1.0,0
100044052,FRISC us,1,1,0,,30.44,33669.52,33669.52,33669.52,33669.52,33669.52,0.0,0.0,10.424377956051307,10.424377956051307,1,0,1,0,1.0,0.0,10.0,10.0,0.0,10.0,10.0,1,0.0,1,0,430.0,405.0,10.0,1.0,33669.52,1,1.0,1,1.0,0
100046479,PAPA ,1,1,0,,30.44,14230.4,14230.4,14230.4,14230.4,14230.4,0.0,0.0,9.563206069940955,9.563206069940955,1,0,0,0,0.0,1.0,-12.0,-12.0,0.0,-12.0,-12.0,1,0.0,0,1,409.0,406.0,-12.0,0.0,14230.4,1,1.0,1,1.0,0
100046726,VANTAG llc,1,1,0,,30.44,15715.4,15715.4,15715.4,15715.4,15715.4,0.0,0.0,9.662460032123358,9.662460032123358,1,0,1,0,1.0,0.0,7.0,7.0,0.0,7.0,7.0,1,0.0,1,0,409.0,402.0,7.0,1.0,15715.4,1,1.0,1,1.0,0
100047394,HELU trust,1,1,0,,30.44,18980.04,18980.04,18980.04,18980.04,18980.04,0.0,0.0,9.851195865183302,9.851195865183302,1,0,1,0,1.0,0.0,10.0,10.0,0.0,10.0,10.0,1,0.0,1,0,328.0,303.0,10.0,1.0,18980.04,1,1.0,1,1.0,0
100047441,ITTELL corporation,1,1,0,,30.44,24861.4,24861.4,24861.4,24861.4,24861.4,0.0,0.0,10.121111901032467,10.121111901032467,1,0,1,0,1.0,0.0,32.0,32.0,0.0,32.0,32.0,1,0.0,1,0,88.0,41.0,32.0,1.0,24861.4,1,1.0,1,1.0,0
100047527,LIDL llc,1,1,0,,30.44,19844.26,19844.26,19844.26,19844.26,19844.26,0.0,0.0,9.895720466668251,9.895720466668251,1,0,0,1,0.0,0.0,0.0,0.0,0.0,0.0,0.0,1,0.0,0,1,387.0,372.0,0.0,0.0,19844.26,1,1.0,1,1.0,0
100049075,LIBERT llc,1,1,0,,30.44,11990.8,11990.8,11990.8,11990.8,11990.8,0.0,0.0,9.391978361858168,9.391978361858168,1,0,1,0,1.0,0.0,14.0,14.0,0.0,14.0,14.0,1,0.0,1,0,385.0,356.0,14.0,1.0,11990.8,1,1.0,1,1.0,0
100049979,NATU in,1,1,0,,30.44,12700.0,12700.0,12700.0,12700.0,12700.0,0.0,0.0,9.44943600950432,9.44943600950432,1,0,1,0,1.0,0.0,1.0,1.0,0.0,1.0,1.0,1,0.0,1,0,318.0,317.0,1.0,1.0,12700.0,1,1.0,1,1.0,0
100050364,SING co,1,1,0,,30.44,2808.46,2808.46,2808.46,2808.46,2808.46,0.0,0.0,7.940747573042109,7.940747573042109,0,1,0,0,0.0,0.0,,,,,,0,0.0,0,0,25.0,,,,,1,1.0,1,1.0,0
100051489,G&K llc,1,1,0,,30.44,42333.2,42333.2,42333.2,42333.2,42333.2,0.0,0.0,10.653350549004006,10.653350549004006,1,0,1,0,1.0,0.0,7.0,7.0,0.0,7.0,7.0,1,0.0,1,0,330.0,308.0,7.0,1.0,42333.2,1,1.0,1,1.0,0
100051641,VIT in,1,1,0,,30.44,153.39,153.39,153.39,153.39,153.39,0.0,0.0,5.039481868653835,5.039481868653835,1,0,0,0,0.0,1.0,-52.0,-52.0,0.0,-52.0,-52.0,1,0.0,0,1,392.0,379.0,-52.0,0.0,153.39,1,1.0,1,1.0,0
100052024,CPG trust,2,2,105,105.0,0.5798095238095239,6482.03,3241.015,3241.015,763.78,5718.25,3503.339334185314,1.0809389448013398,8.776943272651563,8.083950329058515,2,0,1,0,0.5,0.5,-35.0,-35.0,62.22539674441618,-79.0,9.0,1,1.2571428571428571,0,1,318.0,307.0,-35.0,0.5,3241.015,2,0.5,1,1.0,0
100052092,CORP trust,1,1,0,,30.44,25427.65,25427.65,25427.65,25427.65,25427.65,0.0,0.0,10.143631770101775,10.143631770101775,1,0,1,0,1.0,0.0,15.0,15.0,0.0,15.0,15.0,1,0.0,1,0,431.0,401.0,15.0,1.0,25427.65,1,1.0,1,1.0,0
100052284,TREASURE trust,1,1,0,,30.44,461.0,461.0,461.0,461.0,461.0,0.0,0.0,6.135564891081739,6.135564891081739,0,1,0,0,0.0,0.0,,,,,,0,0.0,0,0,50.0,,,,,1,1.0,1,1.0,0
100052782,NES foundation,1,1,0,,30.44,11411.1,11411.1,11411.1,11411.1,11411.1,0.0,0.0,9.34242947500092,9.34242947500092,1,0,1,0,1.0,0.0,8.0,8.0,0.0,8.0,8.0,1,0.0,1,0,399.0,301.0,8.0,1.0,11411.1,1,1.0,1,1.0,0
100052815,KETTL trust,1,1,0,,30.44,4425.53,4425.53,4425.53,4425.53,4425.53,0.0,0.0,8.395371260391743,8.395371260391743,1,0,1,0,1.0,0.0,22.0,22.0,0.0,22.0,22.0,1,0.0,1,0,462.0,430.0,22.0,1.0,4425.53,1,1.0,1,1.0,0
100055082,LEHI VAL in,1,1,0,,30.44,4859.4,4859.4,4859.4,4859.4,4859.4,0.0,0.0,8.488876018034457,8.488876018034457,1,0,1,0,1.0,0.0,3.0,3.0,0.0,3.0,3.0,1,0.0,1,0,406.0,403.0,3.0,1.0,4859.4,1,1.0,1,1.0,0
100055606,ALVARE co,1,1,0,,30.44,21963.6,21963.6,21963.6,21963.6,21963.6,0.0,0.0,9.997187345454169,9.997187345454169,0,1,0,0,0.0,0.0,,,,,,0,0.0,0,0,32.0,,,,,1,1.0,1,1.0,0
100058075,K&S  llc,1,1,0,,30.44,1811.0,1811.0,1811.0,1811.0,1811.0,0.0,0.0,7.502186486602924,7.502186486602924,1,0,0,0,0.0,1.0,-9.0,-9.0,0.0,-9.0,-9.0,1,0.0,0,1,471.0,465.0,-9.0,0.0,1811.0,1,1.0,1,1.0,0
140101555,ASSOCIA in,2,2,1,1.0,60.88,178390.84,89195.42,89195.42,77719.06,100671.78,16230.023958676094,0.1819602840445854,12.09173775817163,11.398596183233542,2,0,2,0,1.0,0.0,11.5,11.5,0.7071067811865476,11.0,12.0,1,0.0434782608695652,2,0,476.0,435.0,11.5,1.0,89195.42,1,1.0,1,1.0,0
140101682,SUPERVAL us,1,1,0,,30.44,7497.21,7497.21,7497.21,7497.21,7497.21,0.0,0.0,8.922419604372314,8.922419604372314,1,0,1,0,1.0,0.0,7.0,7.0,0.0,7.0,7.0,1,0.0,1,0,333.0,296.0,7.0,1.0,7497.21,1,1.0,1,1.0,0
140101772,CHIHAD llc,2,2,265,265.0,0.2297358490566038,16223.39,8111.695000000001,8111.695000000001,215.19,16008.2,11167.344466346958,1.3766967898012632,9.69427094456353,9.00118539770343,1,1,0,0,0.0,1.0,-2.0,-2.0,0.0,-2.0,-2.0,1,0.0,0,1,37.0,274.0,-2.0,0.0,215.19,1,1.0,1,1.0,0
140101904,SIGMA AL ,1,1,0,,30.44,81455.76,81455.76,81455.76,81455.76,81455.76,0.0,0.0,11.307827606289123,11.307827606289123,1,0,0,0,0.0,1.0,-10.0,-10.0,0.0,-10.0,-10.0,1,0.0,0,1,402.0,382.0,-10.0,0.0,81455.76,1,1.0,1,1.0,0
140102883,CO ,1,1,0,,30.44,2086.56,2086.56,2086.56,2086.56,2086.56,0.0,0.0,7.643751198826922,7.643751198826922,1,0,1,0,1.0,0.0,10.0,10.0,0.0,10.0,10.0,1,0.0,1,0,482.0,427.0,10.0,1.0,2086.56,1,1.0,1,1.0,0
140103278,COS associates,3,2,405,202.5,0.2254814814814814,28216.38,9405.46,8724.6,7012.62,12479.16,2796.147822916378,0.2972898532252944,10.247693379140664,9.149151966263467,1,2,1,0,1.0,0.0,7.0,7.0,0.0,7.0,7.0,1,0.0,1,0,62.0,400.0,7.0,1.0,8724.6,1,1.0,1,1.0,0
140103293,SUPERV systems,1,1,0,,30.44,10246.14,10246.14,10246.14,10246.14,10246.14,0.0,0.0,9.234753921241763,9.234753921241763,1,0,1,0,1.0,0.0,19.0,19.0,0.0,19.0,19.0,1,0.0,1,0,484.0,435.0,19.0,1.0,10246.14,1,1.0,1,1.0,0
140103335,PARAM foundation,4,4,398,132.66666666666666,0.305929648241206,45570.31,11392.5775,6060.535,384.35,33064.89,14783.46590006411,1.2976401433357911,10.727033630827403,9.340805098433044,3,1,0,0,0.0,1.0,-3.0,-4.0,1.7320508075688772,-4.0,-1.0,1,0.4714045207910317,0,3,67.0,352.0,-3.0,0.0,4168.473333333333,1,1.0,1,1.0,0
140103423,COS systems,1,1,0,,30.44,3702.77,3702.77,3702.77,3702.77,3702.77,0.0,0.0,8.217106498805697,8.217106498805697,0,1,0,0,0.0,0.0,,,,,,0,0.0,0,0,73.0,,,,,1,1.0,1,1.0,0
140103480,PRIC in,2,2,85,85.0,0.7162352941176471,93356.48,46678.240000000005,46678.240000000005,23007.32,70349.16,33475.736097848545,0.7171593465788029,11.444191274308222,10.7510548052054,2,0,0,2,0.0,0.0,0.0,0.0,0.0,0.0,0.0,1,0.0,0,2,391.0,346.0,0.0,0.0,46678.240000000005,1,1.0,1,1.0,0
140103592,COMERCI systems,1,1,0,,30.44,39048.8,39048.8,39048.8,39048.8,39048.8,0.0,0.0,10.572593033615792,10.572593033615792,1,0,0,0,0.0,1.0,-2.0,-2.0,0.0,-2.0,-2.0,1,0.0,0,1,368.0,310.0,-2.0,0.0,39048.8,1,1.0,1,1.0,0
140104225,SAVE-ON- foundation,3,3,395,197.5,0.2311898734177215,178749.14,59583.04666666667,64612.16,4193.35,109943.63,53054.2120449379,0.8904246260139417,12.093744243772733,10.995143143844452,2,1,1,0,0.5,0.5,-0.5,-0.5,6.363961030678928,-5.0,4.0,1,9.0,0,1,15.0,305.0,-0.5,0.5,34402.755000000005,1,1.0,1,1.0,0
140104240,FEDER us,6,3,68,13.6,2.6858823529411766,326565.85000000003,54427.64166666667,57076.87,4140.45,118843.4,38781.59881520277,0.7125349845711564,12.696389954060812,10.904645795516384,6,0,3,1,0.5,0.3333333333333333,2.6666666666666665,1.5,5.680375574437544,-3.0,13.0,1,1.9445436482630056,2,0,359.0,345.0,1.3333333333333333,0.6666666666666666,30655.09333333333,1,1.0,1,1.0,0
140104249,SOB foundation,7,2,413,68.83333333333333,0.5159322033898305,461970.57,65995.79571428572,64566.02,6140.37,145153.45,47948.7106844876,0.7265418980940997,13.043258631373872,11.097361470046431,4,3,4,0,1.0,0.0,7.0,7.0,2.309401076758503,5.0,9.0,1,0.2857142857142857,4,0,28.0,401.0,6.333333333333333,1.0,54416.83,1,1.0,1,1.0,0
140104285,BUY- corp,2,2,73,73.0,0.8339726027397261,145919.35,72959.675,72959.675,21078.93,124840.42,73370.45320502014,1.0056302088108278,11.890816203879844,11.197675876350154,2,0,1,0,0.5,0.5,0.0,0.0,2.8284271247461903,-2.0,2.0,1,0.0,0,1,314.0,298.0,0.0,0.5,72959.675,1,1.0,1,1.0,0
140104331,CORE-M ,2,2,55,55.0,1.106909090909091,29956.02,14978.01,14978.01,9695.52,20260.5,7470.569001100251,0.4987691289497237,10.307518966729484,9.614405166769805,0,2,0,0,0.0,0.0,,,,,,0,0.0,0,0,10.0,,,,,1,1.0,1,1.0,0
140104340,COLABOR  foundation,6,4,107,21.4,1.706915887850467,116252.03,19375.338333333333,23635.825,431.74,34879.25,13725.449060121007,0.7083979037675819,11.663524387626058,9.87180792710478,6,0,6,0,1.0,0.0,3.6666666666666665,3.5,1.3662601021279464,2.0,6.0,1,0.3401506715249037,6,0,315.0,302.0,3.0,1.0,17464.74,1,1.0,1,1.0,0
140104392,FLANAG trust,1,1,0,,30.44,3839.38,3839.38,3839.38,3839.38,3839.38,0.0,0.0,8.253326599019053,8.253326599019053,1,0,0,1,0.0,0.0,0.0,0.0,0.0,0.0,0.0,1,0.0,0,1,407.0,396.0,0.0,0.0,3839.38,1,1.0,1,1.0,0
140104409,LOB ,24,5,414,18.0,1.7646376811594204,2619056.75,109127.36458333331,86986.975,4303.18,328135.62,96512.64039248506,0.8844036576983838,14.77832517364766,11.600280125045366,16,8,9,6,0.5625,0.0625,2.1875,1.0,3.081531004765867,-1.0,9.0,1,1.3639678014034298,3,0,52.0,298.0,5.0,1.0,114047.51999999996,1,1.0,1,1.0,0
140104423,METRO  in,11,7,428,42.8,0.7823364485981309,1155792.16,105072.01454545456,98530.55,9481.8,225590.46,74118.1134626904,0.7054029922556269,13.960297384869415,11.562410764100738,9,2,0,1,0.0,0.8888888888888888,-1.5555555555555556,-2.0,0.7264831572567789,-2.0,0.0,1,0.4403152859263555,0,9,16.0,122.0,-2.0,0.0,112131.58333333331,1,1.0,1,1.0,0
140104429,COSTCO systems,13,6,402,33.5,0.9843781094527364,452270.86,34790.06615384615,16697.35,1346.79,98366.65,33049.95067979011,0.9499824039896612,13.022038738186682,10.457115913087351,11,2,10,1,0.9090909090909092,0.0,4.636363636363637,5.0,3.443043051509152,0.0,13.0,1,0.7080576504026583,3,0,66.0,128.0,7.666666666666667,1.0,5922.203333333334,1,1.0,1,1.0,0
140104432,MAYR systems,1,1,0,,30.44,7383.04,7383.04,7383.04,7383.04,7383.04,0.0,0.0,8.907076193286109,8.907076193286109,1,0,0,0,0.0,1.0,-2.0,-2.0,0.0,-2.0,-2.0,1,0.0,0,1,322.0,311.0,-2.0,0.0,7383.04,1,1.0,1,1.0,0
140104440,SO foundation,9,6,407,50.875,0.6731203931203931,733846.9700000001,81538.55222222224,58230.17,5157.18,227190.11,82328.1877567214,1.0096841986149951,13.506057160802635,11.308843484847523,6,3,6,0,1.0,0.0,6.0,5.0,2.449489742783178,4.0,10.0,1,0.3726779962499649,6,0,30.0,302.0,7.333333333333333,1.0,43647.49,1,1.0,1,1.0,0
140104472,MARTIN corp,1,1,0,,30.44,8118.32,8118.32,8118.32,8118.32,8118.32,0.0,0.0,9.002001685806647,9.002001685806647,1,0,1,0,1.0,0.0,2.0,2.0,0.0,2.0,2.0,1,0.0,1,0,417.0,401.0,2.0,1.0,8118.32,1,1.0,1,1.0,0
140104503,AMALGA in,1,1,0,,30.44,22944.71,22944.71,22944.71,22944.71,22944.71,0.0,0.0,10.04088626991088,10.04088626991088,1,0,0,0,0.0,1.0,-4.0,-4.0,0.0,-4.0,-4.0,1,0.0,0,1,364.0,352.0,-4.0,0.0,22944.71,1,1.0,1,1.0,0
140104552,THE NO ,1,1,0,,30.44,8417.92,8417.92,8417.92,8417.92,8417.92,0.0,0.0,9.038236832976327,9.038236832976327,1,0,0,1,0.0,0.0,0.0,0.0,0.0,0.0,0.0,1,0.0,0,1,329.0,315.0,0.0,0.0,8417.92,1,1.0,1,1.0,0
140104950,MULT ,1,1,0,,30.44,6603.9,6603.9,6603.9,6603.9,6603.9,0.0,0.0,8.795567076796393,8.795567076796393,1,0,1,0,1.0,0.0,2.0,2.0,0.0,2.0,2.0,1,0.0,1,0,311.0,298.0,2.0,1.0,6603.9,1,1.0,1,1.0,0
140104995,MORTON co,1,1,0,,30.44,2048.85,2048.85,2048.85,2048.85,2048.85,0.0,0.0,7.625521898723638,7.625521898723638,1,0,1,0,1.0,0.0,1.0,1.0,0.0,1.0,1.0,1,0.0,1,0,324.0,312.0,1.0,1.0,2048.85,1,1.0,1,1.0,0
140105000,ITWA co,3,2,272,136.0,0.3357352941176471,1774.25,591.4166666666666,236.25,173.0,1365.0,670.6888405462948,1.1340377746309058,7.481696537062203,6.384210216141483,3,0,0,0,0.0,1.0,-2.0,-1.0,1.7320508075688772,-4.0,-1.0,1,0.7071067811865476,0,3,130.0,122.0,-2.0,0.0,591.4166666666666,1,1.0,1,1.0,0
140105686,SYSC associates,17,6,467,29.1875,1.1080942184154177,713899.28,41994.07529411765,23935.64,595.35,162685.2,44595.43906731538,1.0619459710680217,13.47849856770227,10.64530763548865,10,7,10,0,1.0,0.0,5.8,5.0,2.3475755815545347,4.0,12.0,1,0.3839837491606912,10,0,15.0,298.0,8.0,1.0,35302.08666666667,1,1.0,1,1.0,0
140105785,SHOPPE ,8,4,431,61.57142857142857,0.5650116009280742,73779.21,9222.40125,2974.32,20.89,40764.63,14571.733610077754,1.580036827185084,11.208845817446424,9.129499147656404,6,2,6,0,1.0,0.0,28.33333333333333,6.0,36.69695718539436,5.0,91.0,1,1.1823383083671637,6,0,55.0,315.0,50.66666666666666,1.0,121.35333333333335,2,0.75,1,1.0,0
140105847,GORDON F corporation,12,6,436,39.63636363636363,0.8377981651376147,494623.26,41218.605,31441.145,900.0,130158.8,39174.117873242765,0.9503989247875508,13.111553682603716,10.626669271671703,10,2,8,0,0.8,0.2,3.4,2.5,3.864367132317184,-1.0,11.0,1,1.078253104695492,6,0,22.0,298.0,5.333333333333333,1.0,26977.946666666667,1,1.0,1,1.0,0
140106181,THE  ,5,2,133,33.25,1.1443609022556391,181945.15,36389.03,36041.13,440.77,62320.65,26663.900900813445,0.7327455802150661,12.11146604315719,10.502050115008174,5,0,5,0,1.0,0.0,61.8,61.0,2.16794833886788,60.0,65.0,1,0.0313765686564163,5,0,372.0,297.0,61.333333333333336,1.0,27861.123333333333,1,1.0,1,1.0,0
140106184,JAM corp,2,2,9,9.0,6.764444444444444,17198.65,8599.325,8599.325,6154.2,11044.45,3457.9289366975145,0.4021163215365757,9.752644313757294,9.059555272225223,2,0,1,1,0.5,0.0,4.0,4.0,5.656854249492381,0.0,8.0,1,1.0,0,1,414.0,403.0,4.0,0.5,8599.325,1,1.0,1,1.0,0
140106212,YEN BROS ,1,1,0,,30.44,26408.91,26408.91,26408.91,26408.91,26408.91,0.0,0.0,10.181494597485296,10.181494597485296,1,0,0,1,0.0,0.0,0.0,0.0,0.0,0.0,0.0,1,0.0,0,1,335.0,315.0,0.0,0.0,26408.91,1,1.0,1,1.0,0
140106293,ATLANT ,1,1,0,,30.44,18997.07,18997.07,18997.07,18997.07,18997.07,0.0,0.0,9.85209267404172,9.85209267404172,0,1,0,0,0.0,0.0,,,,,,0,0.0,0,0,60.0,,,,,1,1.0,1,1.0,0
140106372,G T  systems,3,1,18,9.0,5.073333333333333,80760.4,26920.13333333333,22523.4,20441.03,37795.97,9476.124397887215,0.352008821076439,11.29925440759103,10.200666882922013,3,0,1,0,0.3333333333333333,0.6666666666666666,0.0,-1.0,1.7320508075688772,-1.0,2.0,1,0.0,0,2,388.0,378.0,0.0,0.3333333333333333,26920.13333333333,1,1.0,1,1.0,0
140106408,WAL-M in,52,9,445,8.72549019607843,3.5570337078651684,2280250.58,43850.972692307696,31999.295,885.47,220053.96,46143.53524657187,1.052280768555593,14.639796336948644,10.688574984070248,27,25,27,0,1.0,0.0,10.333333333333334,11.0,3.4641016151377544,4.0,17.0,1,0.3289690008769538,27,0,19.0,298.0,8.0,1.0,33455.21666666667,1,1.0,1,1.0,0
140106421,EBER corporation,1,1,0,,30.44,72.36,72.36,72.36,72.36,72.36,0.0,0.0,4.295378827948209,4.295378827948209,0,1,0,0,0.0,0.0,,,,,,0,0.0,0,0,58.0,,,,,1,1.0,1,1.0,0
140118172,AGR corporation,2,2,146,146.0,0.416986301369863,282731.86,141365.93,141365.93,126531.28,156200.58,20979.363223058022,0.1484046631536893,12.552257773219658,11.859114129561052,2,0,0,0,0.0,1.0,-20.5,-20.5,0.7071067811865476,-21.0,-20.0,1,0.024390243902439,0,2,309.0,298.0,-20.5,0.0,141365.93,1,1.0,1,1.0,0
140142846,MONDE in,3,2,23,11.5,3.970434782608696,66849.15,22283.05,28211.0,3182.15,35456.0,16933.865236782178,0.7599437795446394,11.110208826357042,10.01162645490053,3,0,3,0,1.0,0.0,65.0,86.0,37.242448899072144,22.0,87.0,1,0.4678204952533532,3,0,462.0,316.0,65.0,1.0,22283.05,1,1.0,1,1.0,0
200014556,ALBER corp,2,1,12,12.0,5.073333333333333,107481.77,53740.885,53740.885,8087.04,99394.73,64564.28677347911,1.201399768043997,11.585085834634024,10.891947957847588,2,0,0,2,0.0,0.0,0.0,0.0,0.0,0.0,0.0,1,0.0,0,2,311.0,296.0,0.0,0.0,53740.885,1,1.0,1,1.0,0
200020431,DEC in,20,7,426,22.42105263157895,1.4291079812206573,171828.51,8591.425500000001,7644.62,113.52,19297.85,6076.631598455872,0.7072902626526729,12.05425804328102,9.05863633833435,18,2,9,0,0.5,0.5,-1.7222222222222223,0.0,4.508887374893847,-8.0,4.0,1,2.544300520865935,3,0,43.0,303.0,2.0,1.0,10253.163333333332,3,0.35,1,1.0,0
200029010,KROG associates,6,5,408,81.6,0.4476470588235294,1058633.98,176438.99666666667,176475.44,48310.91,326989.08,95975.79892231224,0.5439602397174832,13.872490881502642,12.080736135326712,5,1,1,4,0.2,0.0,0.6,0.0,1.3416407864998738,0.0,3.0,1,2.0000000000000004,0,3,53.0,268.0,0.0,0.0,162673.80000000002,2,0.8333333333333334,1,1.0,0
200037027,FARN us,1,1,0,,30.44,25163.92,25163.92,25163.92,25163.92,25163.92,0.0,0.0,10.13320624018693,10.13320624018693,0,1,0,0,0.0,0.0,,,,,,0,0.0,0,0,17.0,,,,,1,1.0,1,1.0,0
200040366,RASTEL corporation,1,1,0,,30.44,34224.2,34224.2,34224.2,34224.2,34224.2,0.0,0.0,10.440717493821095,10.440717493821095,1,0,0,1,0.0,0.0,0.0,0.0,0.0,0.0,0.0,1,0.0,0,1,330.0,315.0,0.0,0.0,34224.2,1,1.0,1,1.0,0
200048886,SHERWO trust,1,1,0,,30.44,54984.63,54984.63,54984.63,54984.63,54984.63,0.0,0.0,10.91482715734967,10.91482715734967,0,1,0,0,0.0,0.0,,,,,,0,0.0,0,0,23.0,,,,,1,1.0,1,1.0,0
200063296,SUIS trust,1,1,0,,30.44,31508.48,31508.48,31508.48,31508.48,31508.48,0.0,0.0,10.358043731917594,10.358043731917594,1,0,0,0,0.0,1.0,-1.0,-1.0,0.0,-1.0,-1.0,1,0.0,0,1,435.0,406.0,-1.0,0.0,31508.48,1,1.0,1,1.0,0
200066217,STEVE corp,1,1,0,,30.44,13957.06,13957.06,13957.06,13957.06,13957.06,0.0,0.0,9.543812398177971,9.543812398177971,1,0,0,1,0.0,0.0,0.0,0.0,0.0,0.0,0.0,1,0.0,0,1,407.0,392.0,0.0,0.0,13957.06,1,1.0,1,1.0,0
200071186,FATH llc,1,1,0,,30.44,56243.88,56243.88,56243.88,56243.88,56243.88,0.0,0.0,10.93747029370167,10.93747029370167,1,0,0,1,0.0,0.0,0.0,0.0,0.0,0.0,0.0,1,0.0,0,1,423.0,408.0,0.0,0.0,56243.88,1,1.0,1,1.0,0
200076137,OLLIE corporation,2,2,68,68.0,0.8952941176470588,34176.2,17088.1,17088.1,7776.0,26400.2,13169.2981141745,0.7706707073445556,10.439314034062992,9.746196112347269,2,0,1,0,0.5,0.5,-0.5,-0.5,4.949747468305833,-4.0,3.0,1,7.0,0,1,328.0,317.0,-0.5,0.5,17088.1,1,1.0,1,1.0,0
200078795,H T H ,5,4,383,95.75,0.3973890339425588,142677.34,28535.468,3830.0,542.88,72534.59,36530.952562326784,1.2801946182318364,11.868348004978458,10.25893812724066,3,2,0,2,0.0,0.3333333333333333,-0.3333333333333333,0.0,0.5773502691896258,-1.0,0.0,1,1.4142135623730951,0,3,60.0,296.0,-0.3333333333333333,0.0,23199.956666666665,1,1.0,1,1.0,0
200111853,LES AL corp,1,1,0,,30.44,42411.6,42411.6,42411.6,42411.6,42411.6,0.0,0.0,10.655200766885168,10.655200766885168,1,0,1,0,1.0,0.0,4.0,4.0,0.0,4.0,4.0,1,0.0,1,0,469.0,400.0,4.0,1.0,42411.6,1,1.0,1,1.0,0
200126819,MCLANE corp,6,3,423,84.6,0.43177304964539,178530.97,29755.161666666667,28227.28,4528.2,46358.25,15297.745163427737,0.514120720794641,12.092522967806143,10.300791504374397,4,2,1,1,0.25,0.5,0.75,-0.5,2.8722813232690143,-1.0,5.0,1,3.3166247903554,0,3,61.0,298.0,-0.6666666666666666,0.0,20327.586666666662,1,1.0,1,1.0,0
200129450,NU in,1,1,0,,30.44,52485.42,52485.42,52485.42,52485.42,52485.42,0.0,0.0,10.868309748453056,10.868309748453056,1,0,0,0,0.0,1.0,-3.0,-3.0,0.0,-3.0,-3.0,1,0.0,0,1,422.0,395.0,-3.0,0.0,52485.42,1,1.0,1,1.0,0
200132251,SUPERB co,2,2,308,308.0,0.1976623376623376,14703.96,7351.98,7351.98,1034.58,13669.38,8934.15275893579,1.215203626633341,9.595940130821186,8.902860952214283,1,1,1,0,1.0,0.0,3.0,3.0,0.0,3.0,3.0,1,0.0,1,0,22.0,312.0,3.0,1.0,13669.38,1,1.0,1,1.0,0
200148860,DOLLA ,25,8,455,18.95833333333333,1.6725274725274726,990831.1700000002,39633.24680000001,17968.32,2221.98,97865.63,32396.19310171229,0.8173994239026686,13.806300444782396,10.587448841684608,17,8,1,8,0.0588235294117647,0.4705882352941176,-9.0,0.0,19.413268658317172,-50.0,1.0,1,2.0926263324636487,0,15,14.0,296.0,0.0,0.0,31976.89,2,0.84,1,1.0,0
200149567,RESER corp,1,1,0,,30.44,7557.55,7557.55,7557.55,7557.55,7557.55,0.0,0.0,8.930434651836011,8.930434651836011,1,0,1,0,1.0,0.0,3.0,3.0,0.0,3.0,3.0,1,0.0,1,0,366.0,318.0,3.0,1.0,7557.55,1,1.0,1,1.0,0
200152991,JET ,10,5,356,39.55555555555556,0.8550561797752809,106355.7,10635.57,3242.625,646.53,34080.88,12138.213817484751,1.1412847470784124,11.57455381817385,9.272053342502714,8,2,0,4,0.0,0.5,-4.75,-1.0,7.611082145698562,-17.0,0.0,1,1.4988453543050675,0,8,60.0,310.0,-0.6666666666666666,0.0,12905.593333333332,3,0.7,1,1.0,0
200186937,SYSC associates,3,2,19,9.5,4.806315789473684,72396.95,24132.316666666666,21195.35,15560.34,35641.26,10357.613958457488,0.4292009798116145,11.189933263055806,10.091348599097724,3,0,2,0,0.6666666666666666,0.3333333333333333,0.3333333333333333,1.0,1.1547005383792517,-1.0,1.0,1,2.8284271247461903,0,1,312.0,298.0,0.3333333333333333,0.6666666666666666,24132.316666666666,2,0.6666666666666666,1,1.0,0
200200340,SPECS us,1,1,0,,30.44,15323.2,15323.2,15323.2,15323.2,15323.2,0.0,0.0,9.637188557157977,9.637188557157977,1,0,1,0,1.0,0.0,13.0,13.0,0.0,13.0,13.0,1,0.0,1,0,500.0,472.0,13.0,1.0,15323.2,1,1.0,1,1.0,0
200200412,DRIS foundation,2,2,107,107.0,0.5689719626168225,85873.92,42936.96,42936.96,42102.57,43771.35,1180.005654308486,0.0274822822647082,11.360647097937608,10.667511562153315,2,0,1,0,0.5,0.5,0.5,0.5,2.1213203435596424,-1.0,2.0,1,3.0,0,1,317.0,303.0,0.5,0.5,42936.96,1,1.0,1,1.0,0
200229974,DARDEN D co,4,3,376,125.33333333333331,0.3238297872340425,68157.97,17039.4925,16170.88,14404.24,21411.97,3127.009015671632,0.1835153843737794,11.12959804988667,9.743347702547794,2,2,0,0,0.0,1.0,-2.5,-2.5,0.7071067811865476,-3.0,-2.0,1,0.2,0,2,59.0,121.0,-2.5,0.0,17908.105,1,1.0,1,1.0,0
200230690,DECA in,13,5,292,24.33333333333333,1.3552054794520547,95047.35,7311.334615384615,1610.37,33.12,37827.7,11224.26746484495,1.5351872202958248,11.462140988481314,8.897317874584811,13,0,5,1,0.3846153846153846,0.5384615384615384,-2.6923076923076925,-1.0,4.905517563326277,-11.0,4.0,1,1.7505684208046164,0,2,137.0,128.0,-3.333333333333333,0.3333333333333333,10779.206666666669,3,0.4615384615384615,1,1.0,0
200231309,SHERWO corp,1,1,0,,30.44,24368.9,24368.9,24368.9,24368.9,24368.9,0.0,0.0,10.101104043205009,10.101104043205009,1,0,0,0,0.0,1.0,-2.0,-2.0,0.0,-2.0,-2.0,1,0.0,0,1,436.0,423.0,-2.0,0.0,24368.9,1,1.0,1,1.0,0
200246495,PERFOR ,3,3,169,84.5,0.5403550295857988,57938.22,19312.74,21038.04,14815.31,22084.87,3929.900853189556,0.2034874830391521,10.967149809030447,9.868572038698654,3,0,1,0,0.3333333333333333,0.6666666666666666,0.6666666666666666,-1.0,3.7859388972001824,-2.0,5.0,1,4.636809247747852,1,0,317.0,297.0,0.6666666666666666,0.3333333333333333,19312.74,1,1.0,1,1.0,0
200251182,DPI MID corporation,1,1,0,,30.44,24298.9,24298.9,24298.9,24298.9,24298.9,0.0,0.0,10.098227514093836,10.098227514093836,1,0,0,0,0.0,1.0,-4.0,-4.0,0.0,-4.0,-4.0,1,0.0,0,1,424.0,413.0,-4.0,0.0,24298.9,1,1.0,1,1.0,0
200274078,PEAR ,1,1,0,,30.44,58332.0,58332.0,58332.0,58332.0,58332.0,0.0,0.0,10.9739232499355,10.9739232499355,1,0,0,1,0.0,0.0,0.0,0.0,0.0,0.0,0.0,1,0.0,0,1,304.0,274.0,0.0,0.0,58332.0,1,1.0,1,1.0,0
200275115,SHAWS  llc,5,4,388,97.0,0.3922680412371134,391599.41,78319.88200000001,71203.02,21278.68,158861.42,50416.83589983628,0.6437297224201164,12.877997236624664,11.2685695386323,3,2,1,2,0.3333333333333333,0.0,0.3333333333333333,0.0,0.5773502691896258,0.0,1.0,1,1.4142135623730951,0,2,21.0,315.0,0.3333333333333333,0.3333333333333333,83781.04000000001,1,1.0,1,1.0,0
200290370,BARGAIN  foundation,2,2,205,205.0,0.2969756097560975,32287.6,16143.8,16143.8,13282.8,19004.8,4046.065001949425,0.2506265564457826,10.382469505735882,9.689353295379506,2,0,2,0,1.0,0.0,6.5,6.5,7.7781745930520225,1.0,12.0,1,0.8461538461538461,2,0,137.0,121.0,6.5,1.0,16143.8,1,1.0,1,1.0,0
200306844,TANKER corporation,1,1,0,,30.44,27675.76,27675.76,27675.76,27675.76,27675.76,0.0,0.0,10.22834835085736,10.22834835085736,1,0,0,0,0.0,1.0,-1.0,-1.0,0.0,-1.0,-1.0,1,0.0,0,1,424.0,410.0,-1.0,0.0,27675.76,1,1.0,1,1.0,0
200308132,COLORA systems,1,1,0,,30.44,23707.2,23707.2,23707.2,23707.2,23707.2,0.0,0.0,10.073576258843126,10.073576258843126,1,0,1,0,1.0,0.0,2.0,2.0,0.0,2.0,2.0,1,0.0,1,0,286.0,269.0,2.0,1.0,23707.2,1,1.0,1,1.0,0
200331749,SYSC corporation,9,4,427,53.375,0.6415925058548009,175158.96,19462.106666666667,17980.67,5910.45,43195.47,13201.996522702542,0.6783436525560718,12.073454892552668,9.876275986711896,8,1,7,0,0.875,0.125,0.25,1.5,4.621378891320518,-11.0,3.0,1,17.291616465790582,3,0,17.0,311.0,2.6666666666666665,1.0,22580.296666666665,3,0.4444444444444444,1,1.0,0
200337148,COAS systems,9,5,178,22.25,1.5391011235955057,175094.12,19454.902222222223,6669.62,1115.66,61147.09,22949.521336728776,1.1796266603959,12.07308464809688,9.87590575916847,9,0,0,7,0.0,0.2222222222222222,-0.2222222222222222,0.0,0.4409585518440984,-1.0,0.0,1,1.8708286933869709,0,9,291.0,276.0,0.0,0.0,30874.936666666665,1,1.0,1,1.0,0
200353024,DECA llc,17,7,413,25.8125,1.2529782082324454,92657.8,5450.458823529412,691.56,62.16,31912.95,9498.384885196196,1.742676202633079,11.436679208314796,8.60363852588108,16,1,6,0,0.375,0.625,-3.5625,-3.5,4.647131731867877,-9.0,2.0,1,1.263036056502198,0,2,59.0,128.0,-5.666666666666667,0.3333333333333333,10835.97,3,0.5294117647058824,1,1.0,0
200357714,US  corporation,1,1,0,,30.44,15686.81,15686.81,15686.81,15686.81,15686.81,0.0,0.0,9.66063925663507,9.66063925663507,1,0,1,0,1.0,0.0,2.0,2.0,0.0,2.0,2.0,1,0.0,1,0,336.0,319.0,2.0,1.0,15686.81,1,1.0,1,1.0,0
200358522,SILVE corporation,1,1,0,,30.44,23117.02,23117.02,23117.02,23117.02,23117.02,0.0,0.0,10.04836767898058,10.04836767898058,0,1,0,0,0.0,0.0,,,,,,0,0.0,0,0,71.0,,,,,1,1.0,1,1.0,0
200366118,AN ,1,1,0,,30.44,8388.23,8388.23,8388.23,8388.23,8388.23,0.0,0.0,9.034704019325863,9.034704019325863,0,1,0,0,0.0,0.0,,,,,,0,0.0,0,0,58.0,,,,,1,1.0,1,1.0,0
200375138,LAKE in,1,1,0,,30.44,85553.27,85553.27,85553.27,85553.27,85553.27,0.0,0.0,11.35690619040673,11.35690619040673,1,0,1,0,1.0,0.0,13.0,13.0,0.0,13.0,13.0,1,0.0,1,0,432.0,389.0,13.0,1.0,85553.27,1,1.0,1,1.0,0
200387240,O corp,1,1,0,,30.44,8682.87,8682.87,8682.87,8682.87,8682.87,0.0,0.0,9.06922256082625,9.06922256082625,1,0,0,1,0.0,0.0,0.0,0.0,0.0,0.0,0.0,1,0.0,0,1,315.0,305.0,0.0,0.0,8682.87,1,1.0,1,1.0,0
200387798,AR associates,1,1,0,,30.44,2314.44,2314.44,2314.44,2314.44,2314.44,0.0,0.0,7.7473550132551265,7.7473550132551265,0,1,0,0,0.0,0.0,,,,,,0,0.0,0,0,48.0,,,,,1,1.0,1,1.0,0
200399141,HEARTHSI ,2,1,5,5.0,12.176,73949.59,36974.795,36974.795,34084.51,39865.08,4087.480246123521,0.1105477460016619,11.211152446470878,10.518018788362056,2,0,2,0,1.0,0.0,5.5,5.5,3.5355339059327378,3.0,8.0,1,0.4545454545454545,2,0,489.0,426.0,5.5,1.0,36974.795,1,1.0,1,1.0,0
200400844,GOLD  corp,1,1,0,,30.44,18966.6,18966.6,18966.6,18966.6,18966.6,0.0,0.0,9.850487539374422,9.850487539374422,1,0,1,0,1.0,0.0,9.0,9.0,0.0,9.0,9.0,1,0.0,1,0,387.0,368.0,9.0,1.0,18966.6,1,1.0,1,1.0,0
200403651,Y H systems,1,1,0,,30.44,1636.3,1636.3,1636.3,1636.3,1636.3,0.0,0.0,7.400803822645447,7.400803822645447,1,0,0,1,0.0,0.0,0.0,0.0,0.0,0.0,0.0,1,0.0,0,1,330.0,315.0,0.0,0.0,1636.3,1,1.0,1,1.0,0
200406273,CHAIR associates,1,1,0,,30.44,55638.0,55638.0,55638.0,55638.0,55638.0,0.0,0.0,10.926639673194344,10.926639673194344,1,0,0,0,0.0,1.0,-1.0,-1.0,0.0,-1.0,-1.0,1,0.0,0,1,311.0,297.0,-1.0,0.0,55638.0,1,1.0,1,1.0,0
200407025,ALBERT foundation,5,5,406,101.5,0.3748768472906404,397139.84,79427.968,82139.36,18340.86,122167.91,42578.88991263241,0.5360692333540802,12.892046257461915,11.282618416970696,3,2,2,1,0.6666666666666666,0.0,1.3333333333333333,2.0,1.1547005383792517,0.0,2.0,1,0.7071067811865476,0,1,21.0,308.0,1.3333333333333333,0.6666666666666666,98886.54,1,1.0,1,1.0,0
200416837,DEC ,12,7,394,35.81818181818182,0.9271065989847715,100289.28,8357.44,6577.345,56.76,21851.12,8279.369060045357,0.9906585102669426,11.515824059981837,9.031027085795452,10,2,6,0,0.6,0.4,0.6,1.0,6.995236474439826,-8.0,17.0,1,11.06044001535804,0,4,63.0,134.0,-6.0,0.0,3239.226666666666,3,0.4166666666666667,1,1.0,0
200418007,AM associates,29,9,434,15.5,2.034009216589862,403539.68,13915.161379310344,5932.48,115.84,143365.44,27133.371901541246,1.9499142814027512,12.908032579454227,9.54080613287823,22,7,8,11,0.3636363636363636,0.1363636363636363,-6.818181818181818,0.0,21.306463056203576,-75.0,10.0,1,3.0531004277983094,1,0,15.0,273.0,0.3333333333333333,0.3333333333333333,54511.75333333333,3,0.8620689655172413,1,1.0,0
200420725,GLOB foundation,1,1,0,,30.44,7920.0,7920.0,7920.0,7920.0,7920.0,0.0,0.0,8.97727273946428,8.97727273946428,1,0,0,1,0.0,0.0,0.0,0.0,0.0,0.0,0.0,1,0.0,0,1,405.0,405.0,0.0,0.0,7920.0,1,1.0,1,1.0,0
200424504,M  associates,2,1,5,5.0,12.176,5943.1,2971.55,2971.55,2931.16,3011.94,57.12008578424945,0.0192223202652654,8.690154409943831,7.997175449281332,2,0,2,0,1.0,0.0,4.0,4.0,0.0,4.0,4.0,1,0.0,2,0,479.0,458.0,4.0,1.0,2971.55,1,1.0,1,1.0,0
200434439,BAUGH SU associates,4,4,120,40.0,1.0146666666666668,266650.94,66662.735,65920.965,42187.65,92621.36,21640.0342370008,0.3246196579993424,12.493699491457,11.107416380895136,4,0,3,0,0.75,0.25,0.5,1.0,1.0,-1.0,1.0,1,1.7320508075688772,1,0,332.0,316.0,0.3333333333333333,0.6666666666666666,69606.62333333334,1,1.0,1,1.0,0
200435191,C& in,1,1,0,,30.44,1776.95,1776.95,1776.95,1776.95,1776.95,0.0,0.0,7.483216294193619,7.483216294193619,1,0,0,0,0.0,1.0,-6.0,-6.0,0.0,-6.0,-6.0,1,0.0,0,1,283.0,274.0,-6.0,0.0,1776.95,1,1.0,1,1.0,0
200439158,POST  systems,1,1,0,,30.44,33942.0,33942.0,33942.0,33942.0,33942.0,0.0,0.0,10.432437926160665,10.432437926160665,0,1,0,0,0.0,0.0,,,,,,0,0.0,0,0,60.0,,,,,1,1.0,1,1.0,0
200455322,PEA in,10,4,138,15.333333333333334,2.205797101449275,496091.55,49609.155,52394.65,25791.39,66848.33,12858.085842877452,0.259187761671761,13.11451778104274,10.8119508296603,10,0,8,0,0.8,0.2,7.4,6.0,15.664538862595917,-21.0,42.0,1,2.0082008635956674,2,0,336.0,302.0,8.333333333333334,0.6666666666666666,39783.676666666666,1,1.0,1,1.0,0
200457993,SHAM systems,1,1,0,,30.44,2792.4,2792.4,2792.4,2792.4,2792.4,0.0,0.0,7.935014770871671,7.935014770871671,0,1,0,0,0.0,0.0,,,,,,0,0.0,0,0,69.0,,,,,1,1.0,1,1.0,0
200458131,TIMES corporation,2,2,361,361.0,0.1686426592797784,12596.39,6298.195,6298.195,5151.25,7445.14,1622.02517429601,0.257538100089948,9.441244928625382,8.74817712643757,1,1,0,1,0.0,0.0,0.0,0.0,0.0,0.0,0.0,1,0.0,0,1,55.0,401.0,0.0,0.0,7445.14,2,0.5,1,1.0,0
200458253,ATLANTA  trust,1,1,0,,30.44,54750.96,54750.96,54750.96,54750.96,54750.96,0.0,0.0,10.910568446124731,10.910568446124731,1,0,1,0,1.0,0.0,4.0,4.0,0.0,4.0,4.0,1,0.0,1,0,331.0,297.0,4.0,1.0,54750.96,1,1.0,1,1.0,0
200466603,SMITH'S us,10,7,435,48.333333333333336,0.6997701149425287,578874.91,57887.491,53344.11,1793.32,127331.57,45191.470830259415,0.7806776567714675,13.268843415796502,10.966273870055126,9,1,4,5,0.4444444444444444,0.0,0.7777777777777778,0.0,1.0929064207170005,0.0,3.0,1,1.324802642213672,0,2,53.0,275.0,0.3333333333333333,0.3333333333333333,51703.48333333334,1,1.0,1,1.0,0
200468954,SKID llc,1,1,0,,30.44,4723.06,4723.06,4723.06,4723.06,4723.06,0.0,0.0,8.460423878337357,8.460423878337357,1,0,1,0,1.0,0.0,2.0,2.0,0.0,2.0,2.0,1,0.0,1,0,396.0,379.0,2.0,1.0,4723.06,1,1.0,1,1.0,0
200481695,FAR W corp,1,1,0,,30.44,34657.38,34657.38,34657.38,34657.38,34657.38,0.0,0.0,10.453294822419616,10.453294822419616,0,1,0,0,0.0,0.0,,,,,,0,0.0,0,0,85.0,,,,,1,1.0,1,1.0,0
200486270,BAR foundation,2,2,28,28.0,2.1742857142857144,21370.1,10685.05,10685.05,3088.8,18281.3,10742.719773176625,1.0053972394304775,9.969794821017464,9.276694431526048,2,0,0,2,0.0,0.0,0.0,0.0,0.0,0.0,0.0,1,0.0,0,2,380.0,365.0,0.0,0.0,10685.05,1,1.0,1,1.0,0
200493614,US  us,1,1,0,,30.44,37438.39,37438.39,37438.39,37438.39,37438.39,0.0,0.0,10.530478637723755,10.530478637723755,1,0,1,0,1.0,0.0,6.0,6.0,0.0,6.0,6.0,1,0.0,1,0,336.0,315.0,6.0,1.0,37438.39,1,1.0,1,1.0,0
200494102,MCCA co,1,1,0,,30.44,72094.05,72094.05,72094.05,72094.05,72094.05,0.0,0.0,11.185740666269878,11.185740666269878,0,1,0,0,0.0,0.0,,,,,,0,0.0,0,0,53.0,,,,,1,1.0,1,1.0,0
200501669,WAL MA co,4,2,406,135.33333333333334,0.2999014778325123,88530.95999999999,22132.74,18952.74,16381.68,34243.8,8347.624604784287,0.3771618247349532,11.3911188957478,10.0048584201216,3,1,3,0,1.0,0.0,4.333333333333333,4.0,0.5773502691896258,4.0,5.0,1,0.1087856586440842,3,0,41.0,382.0,4.333333333333333,1.0,24049.76,1,1.0,1,1.0,0
200508557,FOODL foundation,2,2,361,361.0,0.1686426592797784,6896.08,3448.04,3448.04,2960.96,3935.12,688.835141960687,0.1997758558371385,8.838853412610069,8.1458512104341,1,1,1,0,1.0,0.0,2.0,2.0,0.0,2.0,2.0,1,0.0,1,0,52.0,396.0,2.0,1.0,3935.12,1,1.0,1,1.0,0
200515231,US  ,2,2,128,128.0,0.4756249999999999,71795.19,35897.595,35897.595,12770.5,59024.69,32706.651407291,0.911109822462786,11.181586689561517,10.488453437220269,2,0,2,0,1.0,0.0,2.0,2.0,1.4142135623730951,1.0,3.0,1,0.5,2,0,289.0,268.0,2.0,1.0,35897.595,2,0.5,1,1.0,0
200519201,KROGE ,3,3,389,194.5,0.2347557840616966,198494.45,66164.81666666667,60020.49,22078.27,116395.69,47457.96552217692,0.7172689038234105,12.198521456932314,11.09991924401115,1,2,0,1,0.0,0.0,0.0,0.0,0.0,0.0,0.0,1,0.0,0,1,21.0,395.0,0.0,0.0,60020.49,1,1.0,1,1.0,0
200526831,PERISH associates,4,3,125,41.66666666666666,0.97408,457757.16,114439.29,113416.33,108414.53,122509.97,5900.680942766974,0.0515616703211543,13.034096288702283,11.64780848123983,4,0,2,0,0.5,0.5,0.5,0.5,2.3804761428476167,-2.0,3.0,1,4.123105625617661,0,1,358.0,344.0,1.3333333333333333,0.6666666666666666,116447.54333333332,1,1.0,1,1.0,0
200529372,GHC  associates,2,2,39,39.0,1.5610256410256411,197861.23,98930.615,98930.615,6267.34,191593.89,131045.66023890776,1.3246219104056691,12.195326259409072,11.502184132858034,2,0,1,1,0.5,0.0,0.5,0.5,0.7071067811865476,0.0,1.0,1,1.0,0,1,366.0,351.0,0.5,0.5,98930.615,1,1.0,1,1.0,0
200555117,BURR ,3,2,250,125.0,0.36528,347452.41000000003,115817.47000000002,118391.34,110502.46,118558.61,4603.69343986977,0.0397495597155573,12.758385863056091,11.65977933053884,1,2,1,0,1.0,0.0,7.0,7.0,0.0,7.0,7.0,1,0.0,1,0,47.0,275.0,7.0,1.0,118558.61,1,1.0,1,1.0,0
200557600,GREEN  corp,1,1,0,,30.44,11932.98,11932.98,11932.98,11932.98,11932.98,0.0,0.0,9.387145072196594,9.387145072196594,1,0,1,0,1.0,0.0,5.0,5.0,0.0,5.0,5.0,1,0.0,1,0,415.0,400.0,5.0,1.0,11932.98,1,1.0,1,1.0,0
200561861,CO foundation,4,2,36,12.0,3.382222222222222,224357.06000000003,56089.26500000001,55376.13,22491.08,91113.72,37588.071192944975,0.6701473302056101,12.320998536767275,10.934717547041052,4,0,0,1,0.0,0.75,-0.75,-1.0,0.5,-1.0,0.0,1,0.5773502691896257,0,4,315.0,301.0,-1.0,0.0,67288.66,1,1.0,1,1.0,0
200569521,RI corp,1,1,0,,30.44,47325.66,47325.66,47325.66,47325.66,47325.66,0.0,0.0,10.764829052060346,10.764829052060346,1,0,0,1,0.0,0.0,0.0,0.0,0.0,0.0,0.0,1,0.0,0,1,436.0,401.0,0.0,0.0,47325.66,1,1.0,1,1.0,0
200571849,US  associates,3,3,397,198.5,0.2300251889168766,10422.72,3474.24,1463.24,1456.2,7503.28,3489.252768373194,1.004321166175392,9.251839257354122,8.153418820362234,2,1,2,0,1.0,0.0,58.0,58.0,79.19595949289332,2.0,114.0,1,0.9655172413793104,2,0,24.0,0.0,58.0,1.0,1459.72,2,0.6666666666666666,1,1.0,0
200592182,DECA ,9,3,159,19.875,1.7230188679245284,78247.93,8694.214444444444,4303.88,420.24,28051.84,9918.144843152511,1.140775271478397,11.267650434187502,9.07052808944509,9,0,4,0,0.4444444444444444,0.5555555555555556,-1.8888888888888888,-1.0,5.372253820428733,-9.0,7.0,1,2.6814756047156427,2,0,305.0,303.0,0.3333333333333333,0.6666666666666666,19544.84,3,0.3333333333333333,1,1.0,0
200593992,CAR in,1,1,0,,30.44,33952.5,33952.5,33952.5,33952.5,33952.5,0.0,0.0,10.432747220456651,10.432747220456651,1,0,0,0,0.0,1.0,-2.0,-2.0,0.0,-2.0,-2.0,1,0.0,0,1,409.0,401.0,-2.0,0.0,33952.5,1,1.0,1,1.0,0
200608118,DIS ,1,1,0,,30.44,18222.89,18222.89,18222.89,18222.89,18222.89,0.0,0.0,9.81048864967226,9.81048864967226,1,0,0,1,0.0,0.0,0.0,0.0,0.0,0.0,0.0,1,0.0,0,1,326.0,311.0,0.0,0.0,18222.89,1,1.0,1,1.0,0
200609331,KROG foundation,2,2,364,364.0,0.1672527472527472,52521.32,26260.66,26260.66,20905.34,31615.98,7573.566174847883,0.2883996889205329,10.86899350108924,10.175865359872574,1,1,0,1,0.0,0.0,0.0,0.0,0.0,0.0,0.0,1,0.0,0,1,46.0,395.0,0.0,0.0,31615.98,1,1.0,1,1.0,0
200622385,US  us,6,5,449,89.8,0.4067706013363029,282394.21,47065.70166666666,50795.635,10450.76,73207.76,21400.301692435474,0.4546899532912267,12.551062822700995,10.759321058998957,5,1,5,0,1.0,0.0,2.8,2.0,1.3038404810405295,2.0,5.0,1,0.4164965639175214,5,0,23.0,319.0,3.0,1.0,46555.09333333333,1,1.0,1,1.0,0
200637319,DIRECT  us,3,3,373,186.5,0.2448257372654155,35465.520000000004,11821.840000000002,11157.0,7508.52,16800.0,4681.282870837865,0.3959859777190238,10.476344431874676,9.377788532827282,2,1,2,0,1.0,0.0,7.0,7.0,1.4142135623730951,6.0,8.0,1,0.1428571428571428,2,0,29.0,308.0,7.0,1.0,12154.26,1,1.0,1,1.0,0
200656729,PERFOR ,1,1,0,,30.44,28036.54,28036.54,28036.54,28036.54,28036.54,0.0,0.0,10.241299605488168,10.241299605488168,1,0,0,0,0.0,1.0,-4.0,-4.0,0.0,-4.0,-4.0,1,0.0,0,1,347.0,336.0,-4.0,0.0,28036.54,1,1.0,1,1.0,0
200661137,AFFI in,1,1,0,,30.44,14476.69,14476.69,14476.69,14476.69,14476.69,0.0,0.0,9.58036412282664,9.58036412282664,0,1,0,0,0.0,0.0,,,,,,0,0.0,0,0,60.0,,,,,1,1.0,1,1.0,0
200668077,IN-N- associates,2,2,415,415.0,0.1466987951807229,53164.8,26582.4,26582.4,26582.4,26582.4,0.0,0.0,10.881170611465626,10.188042239812829,1,1,1,0,1.0,0.0,5.0,5.0,0.0,5.0,5.0,1,0.0,1,0,63.0,463.0,5.0,1.0,26582.4,1,1.0,1,1.0,0
200696090,UNITE ,7,5,358,59.66666666666666,0.595195530726257,60688.47,8669.781428571428,6277.98,1712.18,23430.83,7566.601306287671,0.8727557169263568,11.01352548588684,9.067714195882823,6,1,2,4,0.3333333333333333,0.0,0.6666666666666666,0.0,1.0327955589886446,0.0,2.0,1,1.4142135623730951,0,1,57.0,297.0,1.3333333333333333,0.6666666666666666,13029.17,1,1.0,1,1.0,0
200700919,US  corporation,6,5,184,36.8,0.992608695652174,252159.58,42026.59666666667,40240.495,15029.64,76714.54,22521.651362987275,0.5358904396094079,12.43782138577591,10.646081744985864,6,0,4,2,0.6666666666666666,0.0,2.0,2.0,2.1908902300206643,0.0,6.0,1,1.0,0,1,288.0,268.0,2.6666666666666665,0.6666666666666666,45869.44999999999,3,0.6666666666666666,1,1.0,0
200701040,SOUTHE systems,1,1,0,,30.44,15421.32,15421.32,15421.32,15421.32,15421.32,0.0,0.0,9.64357108975616,9.64357108975616,1,0,1,0,1.0,0.0,6.0,6.0,0.0,6.0,6.0,1,0.0,1,0,416.0,395.0,6.0,1.0,15421.32,1,1.0,1,1.0,0
200701314,MBM  ,3,2,18,9.0,5.073333333333333,50357.96000000001,16785.986666666668,20766.79,8766.72,20824.45,6944.948493130338,0.4137348987010397,10.82693183663448,9.728359262056696,3,0,3,0,1.0,0.0,2.0,2.0,1.0,1.0,3.0,1,0.408248290463863,3,0,410.0,393.0,2.0,1.0,16785.986666666668,2,0.6666666666666666,1,1.0,0
200704045,RA us,13,6,474,39.5,0.8348523206751055,687562.12,52889.39384615385,62219.56,17820.93,91506.61,28426.941086630457,0.5374790486221026,13.440908915217593,10.875977010546835,7,6,5,2,0.7142857142857143,0.0,1.1428571428571428,1.0,0.8997354108424372,0.0,2.0,1,0.7288689868556626,1,0,16.0,270.0,1.0,0.6666666666666666,48556.53666666666,2,0.9230769230769232,1,1.0,0
200704858,WAKE corp,27,7,455,17.5,1.8063296703296703,1590789.09,58918.11444444444,57227.21,476.54,184163.26,50512.90033934876,0.8573407485227452,14.279741362726242,10.983920840668038,24,3,10,5,0.4166666666666667,0.375,-3.375,0.0,14.49081418182477,-48.0,17.0,1,4.203173404306164,0,3,16.0,297.0,-2.333333333333333,0.0,78932.11,2,0.8888888888888888,1,1.0,0
200705089,JETR co,2,2,39,39.0,1.5610256410256411,7759.059999999999,3879.53,3879.53,1392.52,6366.54,3517.163271757511,0.9065951988404553,8.956745345106135,8.263727021226815,2,0,2,0,1.0,0.0,4.0,4.0,2.8284271247461903,2.0,6.0,1,0.5,2,0,336.0,319.0,4.0,1.0,3879.53,1,1.0,1,1.0,0
200705372,FR associates,14,9,473,36.38461538461539,0.9009725158562368,660329.6699999999,47166.40499999999,24665.02,4613.35,141048.64,45799.2680858531,0.9710146042687186,13.400496003687936,10.76145836098505,8,6,3,5,0.375,0.0,0.5,0.0,0.7559289460184544,0.0,2.0,1,1.4142135623730951,0,5,16.0,119.0,0.0,0.0,69672.07666666666,3,0.8571428571428571,1,1.0,0
200705742,DOT us,35,9,436,12.823529411764708,2.443577981651376,698636.7400000001,19961.04971428572,6877.88,819.81,115272.39,29035.651195439787,1.4546154441296524,13.45688763222609,9.901588235689564,28,7,4,8,0.1428571428571428,0.5714285714285714,-5.142857142857143,-4.0,6.9320206327527645,-19.0,7.0,1,1.3236045528577176,0,13,21.0,273.0,-1.6666666666666667,0.0,19914.806666666667,4,0.3428571428571428,1,1.0,0
200706844,WINC trust,25,9,469,19.541666666666668,1.6226012793176972,838958.6100000001,33558.3444,28020.38,355.49,110994.34,30200.928834114948,0.8999528842702665,13.639917843646922,10.421070625229422,12,13,6,6,0.5,0.0,0.6666666666666666,0.5,0.7784989441615231,0.0,2.0,1,1.1180339887498951,0,2,15.0,303.0,0.3333333333333333,0.3333333333333333,76461.04666666668,1,1.0,1,1.0,0
200707005,KING S associates,8,6,470,67.14285714285714,0.5181276595744682,359118.32,44889.79,38567.18,16448.14,77607.22,24871.92293050884,0.5540663685552737,12.791409979936534,10.711987930195418,7,1,4,3,0.5714285714285714,0.0,0.7142857142857143,1.0,0.7559289460184544,0.0,2.0,1,0.9797958971132712,0,2,20.0,268.0,0.3333333333333333,0.3333333333333333,44067.82,1,1.0,1,1.0,0
200707741,SMART &  ,6,6,441,88.2,0.4141496598639456,310030.52,51671.75333333333,42251.47,17426.0,117264.41,38187.127586838826,0.7390329362445767,12.644429248711884,10.852685906746252,4,2,3,1,0.75,0.0,1.5,1.0,1.7320508075688772,0.0,4.0,1,1.0,1,0,18.0,317.0,1.6666666666666667,0.6666666666666666,33997.19666666666,1,1.0,1,1.0,0
200707822,PUBLI associates,34,10,465,14.090909090909092,2.225720430107527,2676412.16,78718.00470588235,82277.57,958.0,180594.96,49575.71654517998,0.6297887850487569,14.799988082931469,11.273639888174182,25,9,7,18,0.28,0.0,0.6,0.0,1.3228756555322954,0.0,6.0,1,2.160246899469287,0,6,18.0,268.0,0.0,0.0,90513.12333333334,3,0.9411764705882352,1,1.0,0
200708445,KALE in,1,1,0,,30.44,25306.59,25306.59,25306.59,25306.59,25306.59,0.0,0.0,10.13885962972461,10.13885962972461,1,0,0,1,0.0,0.0,0.0,0.0,0.0,0.0,0.0,1,0.0,0,1,324.0,309.0,0.0,0.0,25306.59,1,1.0,1,1.0,0
200711029,WEGMAN in,5,4,132,33.0,1.153030303030303,279761.59,55952.31799999999,67115.26,19224.07,92631.04,32987.53638297607,0.5895651433596741,12.541696629629776,10.932273014930782,5,0,3,2,0.6,0.0,0.8,1.0,0.8366600265340756,0.0,2.0,1,0.9354143466934852,1,0,287.0,270.0,0.6666666666666666,0.3333333333333333,63126.84,1,1.0,1,1.0,0
200712102,SUGAR  systems,1,1,0,,30.44,76908.16,76908.16,76908.16,76908.16,76908.16,0.0,0.0,11.25038026413474,11.25038026413474,1,0,1,0,1.0,0.0,11.0,11.0,0.0,11.0,11.0,1,0.0,1,0,381.0,310.0,11.0,1.0,76908.16,1,1.0,1,1.0,0
200712105,WALG ,2,2,358,358.0,0.1700558659217877,111424.22,55712.11,55712.11,13728.16,97696.06,59374.2714919939,1.065733670686569,11.621108972235064,10.927970766263751,1,1,0,1,0.0,0.0,0.0,0.0,0.0,0.0,0.0,1,0.0,0,1,64.0,407.0,0.0,0.0,13728.16,1,1.0,1,1.0,0
200712187,SPAR corp,2,2,134,134.0,0.4543283582089552,290240.36,145120.18,145120.18,126933.58,163306.78,25719.73637345453,0.1772305986214634,12.57846813167522,11.88532439651767,2,0,0,1,0.0,0.5,-0.5,-0.5,0.7071067811865476,-1.0,0.0,1,1.0,0,2,282.0,268.0,-0.5,0.0,145120.18,1,1.0,1,1.0,0
200712836,WINKLE co,1,1,0,,30.44,8601.03,8601.03,8601.03,8601.03,8601.03,0.0,0.0,9.059753500898632,9.059753500898632,1,0,0,1,0.0,0.0,0.0,0.0,0.0,0.0,0.0,1,0.0,0,1,331.0,316.0,0.0,0.0,8601.03,1,1.0,1,1.0,0
200714710,SYSCO  us,13,7,463,38.583333333333336,0.8546868250539957,187406.08,14415.852307692308,6445.21,104.94,45567.65,16576.293482680394,1.1498656568391226,12.14103842822222,9.57615310044316,11,2,3,0,0.2727272727272727,0.7272727272727273,-2.5454545454545454,-2.0,7.285103106526858,-14.0,13.0,1,2.728814499270438,0,3,15.0,301.0,-7.666666666666667,0.0,6721.849999999999,3,0.6153846153846154,1,1.0,0
200718130,SYSCO F foundation,5,3,313,78.25,0.4862619808306709,170056.53000000003,34011.306000000004,34242.39,5181.5,59836.45,20954.39243403707,0.6161007881919344,12.04389207054876,10.434477679289865,4,1,3,0,0.75,0.25,-2.0,2.0,8.0,-14.0,2.0,1,3.4641016151377544,3,0,73.0,316.0,2.0,1.0,29712.946666666667,2,0.8,1,1.0,0
200719300,SYSTEMS co,3,2,253,126.5,0.3609486166007905,96261.93,32087.31,27784.44,23521.95,44955.54,11346.176128974026,0.3536032197455638,11.474838580789871,10.376247068335658,2,1,2,0,1.0,0.0,4.0,4.0,4.242640687119285,1.0,7.0,1,0.75,2,0,73.0,302.0,4.0,1.0,25653.195,1,1.0,1,1.0,0
200719526,SHARP S llc,3,2,147,73.5,0.6212244897959184,43975.6,14658.533333333333,17701.5,7482.1,18792.0,6238.845574570133,0.4256118557497885,10.691412953253131,9.592846142282768,3,0,0,0,0.0,1.0,-3.333333333333333,-4.0,2.081665999466133,-5.0,-1.0,1,0.5099019513592785,0,3,315.0,304.0,-3.333333333333333,0.0,14658.533333333333,1,1.0,1,1.0,0
200719839,ASSOCI ,3,3,281,140.5,0.324982206405694,162105.76,54035.25333333333,47672.4,43900.68,70532.68,14411.116643276926,0.2666984191667882,11.99601040950692,10.897410458311118,1,2,0,0,0.0,1.0,-2.0,-2.0,0.0,-2.0,-2.0,1,0.0,0,1,47.0,315.0,-2.0,0.0,43900.68,1,1.0,1,1.0,0
200721222,GO in,3,3,71,35.5,1.2861971830985914,135958.2,45319.4,36294.02,19802.41,79861.77,31030.2238794808,0.684700677402631,11.820110119709186,10.721512541228323,3,0,1,2,0.3333333333333333,0.0,1.6666666666666667,0.0,2.8867513459481287,0.0,5.0,1,1.4142135623730947,1,0,288.0,268.0,1.6666666666666667,0.3333333333333333,45319.4,1,1.0,1,1.0,0
200722444,PERFOR ,4,4,392,130.66666666666666,0.3106122448979592,199861.36,49965.34,44423.04,31570.4,79444.88,21153.29193945945,0.4233593114638958,12.20538420861185,10.819104857709414,3,1,2,1,0.6666666666666666,0.0,1.0,1.0,1.0,0.0,2.0,1,0.816496580927726,2,0,66.0,311.0,1.0,0.6666666666666666,49791.58,2,0.75,1,1.0,0
200723794,MID MO llc,2,2,20,20.0,3.044,203921.09,101960.545,101960.545,64732.23,139188.86,52648.78797729772,0.516364324820917,12.225493288114777,11.532351011376424,2,0,0,2,0.0,0.0,0.0,0.0,0.0,0.0,0.0,1,0.0,0,2,311.0,296.0,0.0,0.0,101960.545,1,1.0,1,1.0,0
200724999,GILSTE systems,1,1,0,,30.44,51663.6,51663.6,51663.6,51663.6,51663.6,0.0,0.0,10.852528106433253,10.852528106433253,1,0,1,0,1.0,0.0,8.0,8.0,0.0,8.0,8.0,1,0.0,1,0,294.0,276.0,8.0,1.0,51663.6,1,1.0,1,1.0,0
200725421,BEN  llc,5,4,351,87.75,0.4336182336182336,181687.85,36337.57,29238.65,9683.1,59472.7,22155.37882413546,0.6097099730151317,12.110050887614184,10.500634990598032,4,1,0,0,0.0,1.0,-5.75,-6.5,1.8929694486000912,-7.0,-3.0,1,0.2851060227957391,0,4,22.0,274.0,-5.333333333333333,0.0,30992.166666666668,2,0.8,1,1.0,0
200726979,BJ'S  systems,137,9,391,2.875,10.665677749360617,521299.2400000001,3805.10394160584,329.94,31.56,100889.17,14456.897551447611,3.799343664012099,13.164081431143584,8.244361357416407,92,45,32,60,0.3478260869565217,0.0,0.8152173913043478,0.0,1.3980311731191477,0.0,7.0,1,1.7055725659665668,0,4,53.0,120.0,0.0,0.0,809.98,1,1.0,1,1.0,3
200727272,BROOKS associates,2,2,294,294.0,0.2070748299319728,42408.97,21204.485,21204.485,1946.27,40462.7,27235.228840096974,1.28440888048434,10.655138755088052,9.962015153611292,1,1,1,0,1.0,0.0,3.0,3.0,0.0,3.0,3.0,1,0.0,1,0,22.0,298.0,3.0,1.0,1946.27,1,1.0,1,1.0,0
200729290,KROGER associates,10,7,481,53.44444444444444,0.6328482328482329,656214.25,65621.425,69044.87,2681.07,152779.01,45952.39306002155,0.7002650896414022,13.394244139104991,11.091672761028851,6,4,6,0,1.0,0.0,2.0,2.0,0.6324555320336759,1.0,3.0,1,0.2886751345948128,6,0,9.0,333.0,1.6666666666666667,1.0,54574.00666666668,1,1.0,1,1.0,0
200729828,KENNETH associates,5,4,413,103.25,0.3685230024213075,199023.21,39804.642,43836.48,19267.2,61470.32,17381.288183814802,0.436664853908617,12.201181754598316,10.591763940019671,4,1,2,1,0.5,0.25,0.75,1.0,1.5,-1.0,2.0,1,1.7320508075688774,0,2,65.0,401.0,0.3333333333333333,0.3333333333333333,35322.933333333334,2,0.6,1,1.0,0
200729942,SA us,27,6,409,15.73076923076923,2.009486552567237,273916.24,10145.045925925926,5858.81,623.7,65939.22,13570.643387728034,1.3376620950574414,12.520581295950173,9.224839344622,26,1,5,0,0.1923076923076923,0.8076923076923077,-7.076923076923077,-1.0,17.75595241472127,-50.0,12.0,1,2.46027032187741,0,11,56.0,298.0,-2.6666666666666665,0.0,19564.44,2,0.8518518518518519,1,1.0,0
200731999,UNITED  co,1,1,0,,30.44,39721.13,39721.13,39721.13,39721.13,39721.13,0.0,0.0,10.589663742098963,10.589663742098963,0,1,0,0,0.0,0.0,,,,,,0,0.0,0,0,70.0,,,,,1,1.0,1,1.0,0
200732755,KROGER associates,8,6,206,29.428571428571427,1.1821359223300971,331393.05,41424.13125,39612.105,14189.05,76381.7,22276.404171431157,0.5377639433640785,12.711063429679443,10.631643010666329,8,0,2,6,0.25,0.0,0.25,0.0,0.4629100498862757,0.0,1.0,1,1.7320508075688772,0,5,283.0,268.0,0.0,0.0,32185.27333333333,1,1.0,1,1.0,0
200735528,ASSOCIA corporation,1,1,0,,30.44,742.29,742.29,742.29,742.29,742.29,0.0,0.0,6.611086278122653,6.611086278122653,0,1,0,0,0.0,0.0,,,,,,0,0.0,0,0,72.0,,,,,1,1.0,1,1.0,0
200736337,SYSCO F foundation,3,3,401,200.5,0.2277306733167082,51103.44,17034.48,18864.35,3835.48,28403.61,12385.86174179657,0.7271053617014767,10.841626660871224,9.74305350698016,2,1,2,0,1.0,0.0,1.0,1.0,0.0,1.0,1.0,1,0.0,2,0,21.0,344.0,1.0,1.0,23633.98,1,1.0,1,1.0,0
200737918,W LEE  trust,1,1,0,,30.44,20750.3,20750.3,20750.3,20750.3,20750.3,0.0,0.0,9.940364174298788,9.940364174298788,1,0,0,0,0.0,1.0,-1.0,-1.0,0.0,-1.0,-1.0,1,0.0,0,1,361.0,347.0,-1.0,0.0,20750.3,1,1.0,1,1.0,0
200739006,AL llc,5,4,408,102.0,0.3730392156862745,123080.76,24616.152,21300.0,10921.75,54519.85,17287.859209247687,0.7022973862546709,11.720604128976248,10.111198714736876,1,4,1,0,1.0,0.0,7.0,7.0,0.0,7.0,7.0,1,0.0,1,0,20.0,406.0,7.0,1.0,10921.75,1,1.0,1,1.0,0
200739534,OK systems,13,7,418,34.833333333333336,0.9466985645933016,645791.29,49676.25307692308,49682.04,10492.49,84871.96,21494.059609212723,0.432682786600862,13.37823319855434,10.813302422746215,6,7,3,2,0.5,0.1666666666666666,0.3333333333333333,0.5,0.816496580927726,-1.0,1.0,1,2.23606797749979,0,3,14.0,301.0,-0.3333333333333333,0.0,40852.29,2,0.9230769230769232,1,1.0,0
200741174,M B  in,14,7,407,31.307692307692307,1.047076167076167,310096.10000000003,22149.721428571436,18470.315,3929.72,52449.14,14852.559587854965,0.6705528841864489,12.644640753222818,10.005625345081553,9,5,9,0,1.0,0.0,4.777777777777778,2.0,9.121098861674753,1.0,29.0,1,1.7998858205478463,9,0,58.0,295.0,1.3333333333333333,1.0,21696.166666666668,2,0.5714285714285714,1,1.0,0
200742344,MAINES  llc,1,1,0,,30.44,21051.19,21051.19,21051.19,21051.19,21051.19,0.0,0.0,9.9547598717037,9.9547598717037,1,0,1,0,1.0,0.0,1.0,1.0,0.0,1.0,1.0,1,0.0,1,0,420.0,403.0,1.0,1.0,21051.19,1,1.0,1,1.0,0
200742791,QUI associates,5,3,143,35.75,1.0643356643356645,313930.3,62786.06,47421.13,45527.85,103852.17,25276.322243376308,0.4025785698828101,12.65692945114349,11.04750428026946,5,0,2,3,0.4,0.0,4.2,0.0,7.823042886243178,0.0,18.0,1,1.6659862556700855,2,0,329.0,296.0,7.0,0.6666666666666666,54219.0,1,1.0,1,1.0,0
200743123,KROGER associates,12,6,437,39.72727272727273,0.8358810068649886,906744.45,75562.03749999999,76507.41500000001,1451.89,146036.45,46976.55655813636,0.6216952071751158,13.717617039211412,11.23272252064864,9,3,5,4,0.5555555555555556,0.0,2.333333333333333,1.0,5.52268050859363,0.0,17.0,1,2.231499907401901,0,3,52.0,311.0,0.0,0.0,69828.40999999999,1,1.0,1,1.0,0
200743129,BROOKS associates,3,3,428,214.0,0.2133644859813084,61187.89,20395.963333333333,13839.36,1397.52,45951.01,22989.02245090107,1.127135898176963,11.02172091607306,9.923141312542972,2,1,0,1,0.0,0.5,-37.0,-37.0,52.32590180780452,-74.0,0.0,1,1.0,0,2,17.0,338.0,-37.0,0.0,7618.44,2,0.6666666666666666,1,1.0,0
200743618,MASON foundation,2,2,76,76.0,0.8010526315789473,32814.880000000005,16407.440000000002,16407.440000000002,14308.59,18506.29,2968.2221353867712,0.1809070845535178,10.398667823552673,9.705551115579896,2,0,0,1,0.0,0.5,-0.5,-0.5,0.7071067811865476,-1.0,0.0,1,1.0,0,2,324.0,310.0,-0.5,0.0,16407.440000000002,1,1.0,1,1.0,0
200743996,STATER  co,9,6,434,54.25,0.6312442396313365,412624.86,45847.206666666665,18175.16,955.72,130658.92,50377.6824291516,1.0988168329517627,12.930296553370226,10.733091363869876,6,3,0,4,0.0,0.3333333333333333,-20.5,0.0,32.72766413907353,-74.0,0.0,1,1.4573723498718267,0,6,16.0,269.0,-24.666666666666668,0.0,62299.67999999999,3,0.6666666666666666,1,1.0,0
200744019,TARG corp,74,11,472,6.465753424657534,4.772372881355932,1444044.93,19514.12067567568,10874.235,171.8,145266.0,25243.169888767843,1.2935847998641017,14.182959405408283,9.878944863335064,56,18,42,3,0.75,0.1964285714285714,2.392857142857143,2.5,2.9767497310051043,-4.0,7.0,1,1.2328575040556409,0,5,13.0,119.0,-1.6666666666666667,0.0,11692.396666666667,2,0.9324324324324323,1,1.0,0
200744584,CHAR llc,1,1,0,,30.44,26916.33,26916.33,26916.33,26916.33,26916.33,0.0,0.0,10.200525596075984,10.200525596075984,1,0,0,0,0.0,1.0,-5.0,-5.0,0.0,-5.0,-5.0,1,0.0,0,1,413.0,403.0,-5.0,0.0,26916.33,1,1.0,1,1.0,0
200747369,SCHNU foundation,5,5,356,89.0,0.4275280898876404,327956.61,65591.322,62576.28,1782.19,145668.58,56284.78797903142,0.8581133336362914,12.700639641209476,11.091213925399224,5,0,4,0,0.8,0.2,2.0,3.0,1.7320508075688772,-1.0,3.0,1,0.7745966692414834,2,0,107.0,39.0,1.3333333333333333,0.6666666666666666,99848.00666666668,2,0.8,1,1.0,0
200748108,KROGER trust,4,4,163,54.333333333333336,0.7469938650306749,204835.07,51208.7675,42912.555,23615.9,95394.06,30864.21511563985,0.6027134926775938,12.22996527968652,10.843685564317408,4,0,3,1,0.75,0.0,2.5,1.5,3.1091263510296048,0.0,7.0,1,1.0770329614269007,0,1,326.0,311.0,3.0,0.6666666666666666,53376.09,1,1.0,1,1.0,0
200749225,SUPER  trust,6,4,427,85.4,0.427728337236534,475312.7100000001,79218.78500000002,75824.11,20433.33,140073.76,46696.46756958507,0.5894620520825339,13.071730307126131,11.279981357211105,3,3,2,1,0.6666666666666666,0.0,1.3333333333333333,2.0,1.1547005383792517,0.0,2.0,1,0.7071067811865476,2,0,16.0,305.0,1.3333333333333333,0.6666666666666666,102425.51,2,0.6666666666666666,1,1.0,0
200749782,KROG trust,4,4,429,143.0,0.2838228438228438,202581.57,50645.3925,60717.205,2646.76,78500.4,35176.88624584745,0.694572289983683,12.218902835506452,10.832623283053405,3,1,2,1,0.6666666666666666,0.0,0.6666666666666666,1.0,0.5773502691896258,0.0,1.0,1,0.7071067811865476,0,1,60.0,394.0,0.6666666666666666,0.6666666666666666,66644.93666666666,1,1.0,1,1.0,0
200750051,ALBER co,6,5,348,69.6,0.5248275862068965,530104.09,88350.68166666666,80721.195,10173.62,174914.51,68960.31738913196,0.7805295453102273,13.180830548891691,11.389080511711196,4,2,0,4,0.0,0.0,0.0,0.0,0.0,0.0,0.0,1,0.0,0,4,20.0,275.0,0.0,0.0,57205.33666666667,1,1.0,1,1.0,0
200752302,KROGER llc,12,8,425,38.63636363636363,0.8594823529411765,529911.9700000001,44159.33083333334,35205.025,1886.52,97200.92,34145.474723922445,0.7732335177993229,13.1804680644976,10.695582172619774,10,2,5,4,0.5,0.1,0.2,0.5,2.3944379994757297,-6.0,3.0,1,11.357816691600547,0,2,64.0,316.0,-1.0,0.3333333333333333,43286.84333333334,1,1.0,1,1.0,0
200754118,ARMY associates,2,1,0,0.0,60.88,161.88,80.94,80.94,50.52,111.36,43.02037656738955,0.5315094708103477,5.093013733362158,4.405987272118725,2,0,2,0,1.0,0.0,19.0,19.0,0.0,19.0,19.0,1,0.0,2,0,444.0,427.0,19.0,1.0,80.94,1,1.0,1,1.0,0
200754278,MBM  associates,4,3,259,86.33333333333333,0.4701158301158301,51657.04,12914.26,14465.02,3796.13,18930.87,7014.223110019622,0.5431378267140062,10.852401125550672,9.46616483695719,2,2,2,0,1.0,0.0,3.0,3.0,0.0,3.0,3.0,1,0.0,2,0,64.0,270.0,3.0,1.0,10842.605,2,0.75,1,1.0,0
200755701,ASSOCI corp,2,2,6,6.0,10.146666666666668,198758.77,99379.385,99379.385,73985.22,124773.55,35912.772548140165,0.361370444666569,12.199852188541106,11.506710039167723,2,0,1,1,0.5,0.0,0.5,0.5,0.7071067811865476,0.0,1.0,1,1.0,1,0,416.0,400.0,0.5,0.5,99379.385,1,1.0,1,1.0,0
200756072,REINHA ,9,5,155,19.375,1.7674838709677418,254441.18,28271.242222222223,22588.69,1571.43,76581.6,22310.616455587227,0.7891629338469702,12.446828898591283,10.249635762088644,9,0,6,2,0.6666666666666666,0.1111111111111111,2.0,2.0,2.6457513110645907,-1.0,8.0,1,1.247219128924647,0,2,329.0,315.0,0.3333333333333333,0.3333333333333333,23078.216666666664,2,0.6666666666666666,1,1.0,0
200759082,INGL ,5,3,383,95.75,0.3973890339425588,256670.96,51334.192,23589.56,14070.44,135078.23,50745.58535032452,0.9885338284924112,12.45555412832572,10.84613179986438,3,2,1,0,0.3333333333333333,0.6666666666666666,-31.33333333333333,-46.0,28.04163571073081,-49.0,1.0,1,0.7307202025989105,1,0,59.0,372.0,-31.33333333333333,0.3333333333333333,57579.41,2,0.6,1,1.0,0
200759878,SA foundation,86,11,467,5.494117647058824,5.605653104925054,2507629.3000000007,29158.480232558148,21615.09,2127.6,114036.42,24428.62678457291,0.8377880667901231,14.734848761575815,10.280535361291516,66,20,53,10,0.803030303030303,0.0454545454545454,1.0909090909090908,1.0,3.303738082034548,-17.0,11.0,1,3.0053963810797755,0,1,16.0,46.0,-5.0,0.6666666666666666,23331.36666666667,3,0.8372093023255814,1,1.0,0
200760666,KEHE  llc,3,3,91,45.5,1.0035164835164836,15047.52,5015.84,5453.6,3401.86,6192.06,1445.6933883780475,0.2882255790412069,9.619034926471006,8.52055553240704,3,0,2,0,0.6666666666666666,0.3333333333333333,2.0,3.0,3.605551275463989,-2.0,5.0,1,1.4719601443879744,2,0,358.0,338.0,2.0,0.6666666666666666,5015.84,1,1.0,1,1.0,0
200761497,NEX corp,1,1,0,,30.44,83.16,83.16,83.16,83.16,83.16,0.0,0.0,4.4327197489894,4.4327197489894,0,1,0,0,0.0,0.0,,,,,,0,0.0,0,0,17.0,,,,,1,1.0,1,1.0,0
200761734,H E BUT associates,34,9,473,14.333333333333334,2.188076109936575,1648758.11,48492.88558823529,49014.545,1628.93,162861.14,38601.29861279526,0.7960198314566829,14.315533508396426,10.789192998632377,22,12,6,1,0.2727272727272727,0.6818181818181818,-2.227272727272727,-1.0,11.207700661266523,-51.0,11.0,1,4.916334578656758,0,7,15.0,275.0,-1.0,0.0,69343.56666666667,2,0.9411764705882352,1,1.0,0
200762301,C&S WH systems,73,10,462,6.416666666666667,4.80978354978355,3606018.62,49397.51534246575,26125.73,419.08,170577.95,51621.53370262628,1.0450228790808958,15.098115123662378,10.80767564892815,53,20,16,29,0.3018867924528302,0.1509433962264151,0.4150943396226415,0.0,1.081913587196155,-1.0,3.0,1,2.5817221493023506,0,4,17.0,274.0,-0.3333333333333333,0.0,124400.34333333332,2,0.9178082191780822,1,1.0,0
200762950,HAR co,4,3,430,143.33333333333334,0.2831627906976744,341660.66,85415.165,82444.4,28221.46,148550.4,49500.281185756576,0.5795256753968289,12.741576228120634,11.355290647578666,2,2,0,0,0.0,1.0,-1.0,-1.0,0.0,-1.0,-1.0,1,0.0,0,2,53.0,130.0,-1.0,0.0,82444.4,1,1.0,1,1.0,0
200763152,PERFOR corporation,4,4,146,48.66666666666666,0.8339726027397261,91347.12,22836.78,23754.855,8749.92,35087.49,11226.172158834905,0.4915829709282528,11.42243298140828,10.0361714611475,4,0,3,0,0.75,0.25,1.0,2.0,6.6332495807108,-8.0,8.0,1,5.744562646538029,0,1,281.0,274.0,0.6666666666666666,0.6666666666666666,21286.31,1,1.0,1,1.0,0
200763229,MAINES associates,2,2,113,113.0,0.5387610619469027,19594.49,9797.245,9797.245,7625.19,11969.3,3071.7496392202925,0.3135319816152697,9.883054716700256,9.18995856698898,2,0,1,1,0.5,0.0,1.0,1.0,1.4142135623730951,0.0,2.0,1,1.0,1,0,287.0,270.0,1.0,0.5,9797.245,1,1.0,1,1.0,0
200763489,GENERAL foundation,1,1,0,,30.44,43636.42,43636.42,43636.42,43636.42,43636.42,0.0,0.0,10.68367031812602,10.68367031812602,0,1,0,0,0.0,0.0,,,,,,0,0.0,0,0,15.0,,,,,1,1.0,1,1.0,0
200763814,SYSCO F associates,5,4,143,35.75,1.0643356643356645,79423.17,15884.634,6880.63,922.45,57013.43,23168.60045460839,1.4585542515243592,11.282558008972948,9.6731704577737,5,0,3,1,0.6,0.2,0.8,1.0,1.3038404810405295,-1.0,2.0,1,1.457737973711325,0,1,319.0,304.0,1.0,0.6666666666666666,23873.36333333334,1,1.0,1,1.0,0
200764795,SYSCO  corp,7,4,404,67.33333333333333,0.5274257425742575,74133.89,10590.555714285714,6092.98,1193.56,31115.79,11454.811311323663,1.0816062556445596,11.213641550671436,9.267812331893518,6,1,6,0,1.0,0.0,3.6666666666666665,1.5,5.125101625008686,1.0,14.0,1,1.2759698952380183,6,0,25.0,304.0,2.0,1.0,11674.943333333336,3,0.7142857142857143,1,1.0,0
200769369,DI corporation,6,5,412,82.4,0.4433009708737864,236402.89,39400.48166666667,34051.815,3123.59,85658.6,26932.27414213766,0.6835519009637571,12.37329701953944,10.581558700331907,4,2,2,2,0.5,0.0,1.0,1.0,1.1547005383792517,0.0,2.0,1,1.0,0,1,16.0,267.0,1.3333333333333333,0.6666666666666666,37560.34666666667,1,1.0,1,1.0,0
200769623,WAL-MAR corporation,769,13,471,0.61328125,49.69927813163482,17461050.880000003,22706.177997399223,15230.32,14.24,117271.29,21882.60266456628,0.9637290197880384,16.675483351692794,10.030436364824398,626,143,84,13,0.134185303514377,0.8450479233226837,-2.573482428115016,-4.0,5.78316450512094,-7.0,91.0,1,2.2454179033175845,0,70,10.0,122.0,-4.666666666666667,0.0,26491.99666666667,2,0.9973992197659298,1,1.0,3
200770567,LABAT associates,2,2,203,203.0,0.2999014778325123,89493.98999999999,44746.995,44746.995,24797.42,64696.57,28212.95952857924,0.630499534741478,11.401937925042509,10.708801918229977,2,0,0,0,0.0,1.0,-4.0,-4.0,0.0,-4.0,-4.0,1,0.0,0,2,281.0,270.0,-4.0,0.0,44746.995,1,1.0,1,1.0,0
200770677,KRAS co,3,3,425,212.5,0.2148705882352941,172354.18,57451.39333333333,61322.19,43728.19,67303.8,12255.188568277248,0.2133140356957501,12.05731262661376,10.958711941823156,2,1,0,1,0.0,0.5,-25.0,-25.0,35.35533905932738,-50.0,0.0,1,1.0,0,2,18.0,310.0,-25.0,0.0,52525.19,2,0.6666666666666666,1,1.0,0
200771157,WEIS associates,3,3,344,172.0,0.2654651162790697,278540.58,92846.86,85463.25,60412.12,132665.21,36688.08425239862,0.3951462036777401,12.537322627025834,11.43871751858848,2,1,2,0,1.0,0.0,1.5,1.5,0.7071067811865476,1.0,2.0,1,0.3333333333333333,2,0,62.0,274.0,1.5,1.0,72937.685,1,1.0,1,1.0,0
200772595,SAFEW co,19,7,408,22.666666666666668,1.4175490196078433,1148209.5699999998,60432.08263157894,61969.1,2849.5,144018.35,44922.0001714291,0.7433468815776836,13.953715262386591,11.009291959664337,17,2,6,11,0.3529411764705882,0.0,0.5294117647058824,0.0,0.7998161553463029,0.0,2.0,1,1.46565621758588,0,7,19.0,275.0,0.0,0.0,28070.286666666667,2,0.9473684210526316,1,1.0,0
200772670,ASSOCIAT co,59,9,439,7.568965517241379,4.0910250569476085,2465101.09,41781.37440677966,34545.67,61.54,146916.68,39253.43496565832,0.9394960200085916,14.717743780422817,10.640229864677623,28,31,22,4,0.7857142857142857,0.0714285714285714,0.5714285714285714,1.0,3.282146671385478,-15.0,4.0,1,5.640257086339239,0,1,13.0,268.0,0.6666666666666666,0.6666666666666666,36184.77,1,1.0,1,1.0,0
200773364,U R M  ,4,3,130,43.333333333333336,0.9366153846153846,28401.66,7100.415,7254.435,1535.31,12357.48,5544.3733151878105,0.7808520086766493,10.25423808173512,8.86804933894729,4,0,2,1,0.5,0.25,-17.5,1.0,38.35361782153021,-75.0,3.0,1,1.898011849170557,0,1,319.0,304.0,-24.33333333333333,0.3333333333333333,8414.636666666667,2,0.75,1,1.0,0
200774000,RALEY ,2,2,310,310.0,0.1963870967741935,132653.56,66326.78,66326.78,14404.49,118249.07,73429.20670746894,1.1070823384984003,11.79550373515295,11.102364092940958,1,1,1,0,1.0,0.0,8.0,8.0,0.0,8.0,8.0,1,0.0,1,0,14.0,301.0,8.0,1.0,118249.07,1,1.0,1,1.0,0
200775094,SAVE M corp,1,1,0,,30.44,87326.03,87326.03,87326.03,87326.03,87326.03,0.0,0.0,11.377415315897824,11.377415315897824,0,1,0,0,0.0,0.0,,,,,,0,0.0,0,0,21.0,,,,,1,1.0,1,1.0,0
200775660,EB corporation,2,2,230,230.0,0.264695652173913,115525.89,57762.945,57762.945,1563.0,113962.89,79478.72442362201,1.3759465419157908,11.65725859569986,10.964120071095872,1,1,0,1,0.0,0.0,0.0,0.0,0.0,0.0,0.0,1,0.0,0,1,60.0,275.0,0.0,0.0,1563.0,1,1.0,1,1.0,0
200776463,KROGE corp,13,5,437,36.41666666666666,0.9055377574370708,843402.35,64877.10384615384,47126.76,12491.62,131911.44,45235.334541217984,0.6972465147101308,13.64520059230473,11.08026546280972,8,5,4,4,0.5,0.0,0.875,0.5,1.1259916264596033,0.0,3.0,1,1.203735681882337,0,3,53.0,396.0,0.0,0.0,61435.426666666666,1,1.0,1,1.0,0
200777466,ESSEX G systems,1,1,0,,30.44,6349.04,6349.04,6349.04,6349.04,6349.04,0.0,0.0,8.756216391079496,8.756216391079496,1,0,1,0,1.0,0.0,6.0,6.0,0.0,6.0,6.0,1,0.0,1,0,330.0,314.0,6.0,1.0,6349.04,1,1.0,1,1.0,0
200777735,NASH  corp,13,6,421,35.083333333333336,0.9399524940617576,399191.34,30707.026153846156,23649.95,371.95,74497.11,25548.61242144295,0.832011940636684,12.897198634858594,10.3322793376423,9,4,1,4,0.1111111111111111,0.4444444444444444,-0.6666666666666666,0.0,1.4142135623730951,-4.0,1.0,1,2.0000000000000004,0,4,17.0,269.0,-1.6666666666666667,0.0,28764.74,1,1.0,1,1.0,0
200778355,US  in,6,4,447,89.4,0.4085906040268456,293388.81999999995,48898.13666666666,38221.18,16285.09,100417.52,32126.739720697875,0.6570135778322681,12.589257447429226,10.79751502022872,4,2,1,3,0.25,0.0,0.5,0.0,1.0,0.0,2.0,1,1.7320508075688772,0,3,25.0,399.0,0.0,0.0,49958.99,2,0.8333333333333334,1,1.0,0
200778870,C ,8,4,376,53.71428571428572,0.6476595744680851,239372.08,29921.51,17062.760000000002,261.35,133941.99,43439.14511487273,1.4517698175951923,12.385778617997152,10.306366318944145,3,5,3,0,1.0,0.0,3.333333333333333,3.0,1.5275252316519463,2.0,5.0,1,0.3741657386773941,3,0,52.0,270.0,3.333333333333333,1.0,50284.5,1,1.0,1,1.0,0
200778998,CE associates,3,3,378,189.0,0.2415873015873016,206261.55,68753.84999999999,68647.46,48589.16,89024.93,20218.09493986265,0.2940649133083115,12.236905150830582,11.13830255849515,2,1,0,1,0.0,0.5,-0.5,-0.5,0.7071067811865476,-1.0,0.0,1,1.0,0,2,65.0,366.0,-0.5,0.0,68807.045,1,1.0,1,1.0,0
200779051,AFFILI corporation,3,2,8,4.0,11.415,207124.87,69041.62333333334,101157.97,4607.19,101359.71,55801.94731367117,0.8082363162908128,12.241081955082144,11.142479322331685,3,0,0,0,0.0,1.0,-5.666666666666667,-7.0,4.163331998932266,-9.0,-1.0,1,0.5998846486579746,0,3,471.0,465.0,-5.666666666666667,0.0,69041.62333333334,1,1.0,1,1.0,0
200779111,NICH trust,1,1,0,,30.44,42228.02,42228.02,42228.02,42228.02,42228.02,0.0,0.0,10.65086294140724,10.65086294140724,1,0,0,0,0.0,1.0,-2.0,-2.0,0.0,-2.0,-2.0,1,0.0,0,1,332.0,319.0,-2.0,0.0,42228.02,1,1.0,1,1.0,0
200779166,P co,1,1,0,,30.44,22104.1,22104.1,22104.1,22104.1,22104.1,0.0,0.0,10.00356363011349,10.00356363011349,1,0,0,0,0.0,1.0,-9.0,-9.0,0.0,-9.0,-9.0,1,0.0,0,1,457.0,406.0,-9.0,0.0,22104.1,1,1.0,1,1.0,0
200779719,FOOD 4 ,3,3,474,237.0,0.1926582278481012,109831.95,36610.65,21291.5,13388.51,75151.94,33610.825471611075,0.9180614239739276,11.606715854113927,10.508121774751777,2,1,1,1,0.5,0.0,1.0,1.0,1.4142135623730951,0.0,2.0,1,1.0,0,1,16.0,413.0,1.0,0.5,48221.72,1,1.0,1,1.0,0
200779906,BOZZU ,5,5,188,47.0,0.8095744680851064,165675.99999999997,33135.2,14594.58,1140.52,90390.01,38174.17732994845,1.1520732432563694,12.017795388710937,10.40838161934868,5,0,5,0,1.0,0.0,1.2,1.0,0.4472135954999579,1.0,2.0,1,0.3333333333333333,5,0,285.0,268.0,1.3333333333333333,1.0,7139.1033333333335,1,1.0,1,1.0,0
200780383,MEIJ llc,26,9,462,18.48,1.7130735930735932,1028071.18,39541.19923076923,18323.355,459.32,137973.14,44253.57319043098,1.1191763034843614,13.84319593654014,10.585123715581728,16,10,7,9,0.4375,0.0,0.8125,0.0,1.0468205831628137,0.0,3.0,1,1.2474826723251426,0,1,15.0,309.0,1.0,0.6666666666666666,72978.64666666667,2,0.7692307692307693,1,1.0,0
200780825,SYSCO FO ,4,4,105,35.0,1.1596190476190478,74891.65999999999,18722.915,14817.1,418.93,44838.53,18711.06286702335,0.9993669718109254,11.223811167373483,9.837556862781373,4,0,3,1,0.75,0.0,0.75,1.0,0.5,0.0,1.0,1,0.5773502691896257,3,0,372.0,351.0,1.0,1.0,19634.72333333333,2,0.75,1,1.0,0
200780849,LAUREL ,2,2,43,43.0,1.415813953488372,34563.41,17281.705,17281.705,16127.2,18436.21,1632.7166288275491,0.094476594110798,10.45057981894394,9.757461569458894,2,0,0,2,0.0,0.0,0.0,0.0,0.0,0.0,0.0,1,0.0,0,2,319.0,304.0,0.0,0.0,17281.705,1,1.0,1,1.0,0
200781484,MAPLE trust,1,1,0,,30.44,35464.06,35464.06,35464.06,35464.06,35464.06,0.0,0.0,10.47630326544358,10.47630326544358,0,1,0,0,0.0,0.0,,,,,,0,0.0,0,0,17.0,,,,,1,1.0,1,1.0,0
200781803,JRD trust,11,5,399,39.9,0.8391979949874686,89857.8,8168.890909090909,6135.65,205.85,26424.39,7675.353588165764,0.939583313522292,11.405994828428597,9.00821083514445,9,2,5,4,0.5555555555555556,0.0,1.0,1.0,1.5811388300841898,0.0,5.0,1,1.4907119849998598,0,2,17.0,302.0,0.3333333333333333,0.3333333333333333,14210.316666666666,2,0.5454545454545454,1,1.0,0
200782001,GORDO associates,12,8,452,41.09090909090909,0.808141592920354,460735.74,38394.645,35319.105,7535.63,68146.11,19267.879843025377,0.5018376870791585,13.040582095953535,10.55569932068592,11,1,1,2,0.0909090909090909,0.7272727272727273,-1.0909090909090908,-2.0,8.60760762877288,-18.0,20.0,1,7.523112535528245,0,8,28.0,276.0,-0.6666666666666666,0.0,31927.17,3,0.6666666666666666,1,1.0,0
200782207,FORT trust,1,1,0,,30.44,48206.96,48206.96,48206.96,48206.96,48206.96,0.0,0.0,10.783279431631936,10.783279431631936,0,1,0,0,0.0,0.0,,,,,,0,0.0,0,0,17.0,,,,,1,1.0,1,1.0,0
200782669,SYGMA associates,4,4,350,116.66666666666669,0.3478857142857143,40820.81,10205.2025,2884.21,1084.89,33967.5,15923.206021678709,1.5603027986635942,10.61697177639011,9.230750902696922,3,1,3,0,1.0,0.0,1.6666666666666667,1.0,1.1547005383792517,1.0,3.0,1,0.565685424949238,3,0,72.0,309.0,1.6666666666666667,1.0,13204.536666666669,1,1.0,1,1.0,0
200783189,PERFOR in,1,1,0,,30.44,69997.77,69997.77,69997.77,69997.77,69997.77,0.0,0.0,11.156232949448546,11.156232949448546,1,0,0,0,0.0,1.0,-4.0,-4.0,0.0,-4.0,-4.0,1,0.0,0,1,281.0,270.0,-4.0,0.0,69997.77,1,1.0,1,1.0,0
200783734,FAREW ,3,3,50,25.0,1.8264,230592.37,76864.12333333334,36077.03,32214.41,162300.93,74015.6463753721,0.9629413979574272,12.348411135319648,11.249807519890178,3,0,0,0,0.0,1.0,-2.0,-1.0,1.7320508075688772,-4.0,-1.0,1,0.7071067811865476,0,3,353.0,339.0,-2.0,0.0,76864.12333333334,1,1.0,1,1.0,0
200784489,GE associates,2,2,343,343.0,0.1774927113702624,41852.55,20926.275,20926.275,11395.24,30457.31,13478.918960452653,0.6441145861101726,10.641931899082282,9.94880861107276,1,1,0,1,0.0,0.0,0.0,0.0,0.0,0.0,0.0,1,0.0,0,1,64.0,392.0,0.0,0.0,11395.24,1,1.0,1,1.0,0
200785971,SYSCO  associates,4,2,31,10.333333333333334,3.927741935483871,70213.92,17553.48,18159.225,3221.94,30673.53,13565.716891932643,0.7728220781253998,11.159316103043944,9.773064466973272,4,0,3,1,0.75,0.0,2.25,2.5,1.707825127659933,0.0,4.0,1,0.6573421981221795,2,0,315.0,298.0,2.0,0.6666666666666666,20459.11333333333,2,0.75,1,1.0,0
200786288,FAMILY us,4,4,295,98.33333333333331,0.4127457627118644,46944.32,11736.08,12167.225,9105.59,13504.28,1870.4880844849024,0.1593792888668876,10.756738799156794,9.370508340128696,3,1,0,0,0.0,1.0,-2.333333333333333,-2.0,1.5275252316519463,-4.0,-1.0,1,0.5345224838248487,0,3,63.0,308.0,-2.333333333333333,0.0,11146.68,2,0.75,1,1.0,0
200788848,DAIRY systems,4,2,16,5.333333333333333,7.609999999999999,93575.64,23393.91,21456.61,2866.26,47796.16,19927.481643616356,0.8518234721607612,11.446536058667675,10.060273756317068,4,0,3,0,0.75,0.25,7.0,6.0,10.708252269472672,-5.0,21.0,1,1.324802642213672,1,0,434.0,393.0,7.0,0.6666666666666666,30236.460000000003,2,0.75,1,1.0,0
200789077,US  associates,2,2,56,56.0,1.0871428571428572,138818.14,69409.07,69409.07,39136.29,99681.85,42812.17604673699,0.616809532914603,11.84092721380163,11.147787236833338,2,0,2,0,1.0,0.0,3.0,3.0,0.0,3.0,3.0,1,0.0,2,0,417.0,399.0,3.0,1.0,69409.07,1,1.0,1,1.0,0
200790107,ROU corp,8,5,424,60.57142857142857,0.5743396226415095,652013.67,81501.70875,72664.455,16630.96,169443.48,57674.246640920974,0.7076446313270821,13.387822340655667,11.308391534872962,3,5,1,2,0.3333333333333333,0.0,0.6666666666666666,0.0,1.1547005383792517,0.0,2.0,1,1.4142135623730951,0,1,49.0,381.0,0.6666666666666666,0.3333333333333333,80026.42333333334,1,1.0,1,1.0,0
200790165,CONSO systems,1,1,0,,30.44,20286.0,20286.0,20286.0,20286.0,20286.0,0.0,0.0,9.91773556580133,9.91773556580133,1,0,1,0,1.0,0.0,1.0,1.0,0.0,1.0,1.0,1,0.0,1,0,473.0,457.0,1.0,1.0,20286.0,1,1.0,1,1.0,0
200790710,F trust,1,1,0,,30.44,36786.0,36786.0,36786.0,36786.0,36786.0,0.0,0.0,10.512899800876138,10.512899800876138,1,0,1,0,1.0,0.0,4.0,4.0,0.0,4.0,4.0,1,0.0,1,0,372.0,353.0,4.0,1.0,36786.0,1,1.0,1,1.0,0
200790748,J  systems,1,1,0,,30.44,48150.13,48150.13,48150.13,48150.13,48150.13,0.0,0.0,10.782099885279036,10.782099885279036,1,0,0,1,0.0,0.0,0.0,0.0,0.0,0.0,0.0,1,0.0,0,1,326.0,311.0,0.0,0.0,48150.13,1,1.0,1,1.0,0
200792200,APPE systems,1,1,0,,30.44,43530.69,43530.69,43530.69,43530.69,43530.69,0.0,0.0,10.681244457592395,10.681244457592395,1,0,1,0,1.0,0.0,2.0,2.0,0.0,2.0,2.0,1,0.0,1,0,423.0,406.0,2.0,1.0,43530.69,1,1.0,1,1.0,0
200792283,SYSCO  ,1,1,0,,30.44,3783.48,3783.48,3783.48,3783.48,3783.48,0.0,0.0,8.238663772021294,8.238663772021294,1,0,1,0,1.0,0.0,2.0,2.0,0.0,2.0,2.0,1,0.0,1,0,367.0,333.0,2.0,1.0,3783.48,1,1.0,1,1.0,0
200792293,UNIFIE associates,3,2,303,151.5,0.3013861386138614,75927.91,25309.303333333333,24160.29,13761.21,38006.41,12163.37142777994,0.4805889465855154,11.237552786776966,10.138966838190123,2,1,1,1,0.5,0.0,0.5,0.5,0.7071067811865476,0.0,1.0,1,1.0,0,1,23.0,310.0,0.5,0.5,31083.35,1,1.0,1,1.0,0
200792734,MDV/ us,12,6,421,38.27272727272727,0.8676484560570071,700684.97,58390.41416666666,54261.285,4270.29,111981.99,37832.47640895234,0.6479227275382089,13.459815091323858,10.974924140314094,9,3,5,2,0.5555555555555556,0.2222222222222222,2.6666666666666665,2.0,4.123105625617661,-1.0,10.0,1,1.4577379737113252,0,1,24.0,273.0,1.0,0.6666666666666666,37800.18,1,1.0,1,1.0,0
200793000,US  foundation,2,2,70,70.0,0.8697142857142857,150833.4,75416.7,75416.7,58391.96,92441.44,24076.61820387573,0.319247835079972,11.923937825252208,11.230797274457654,2,0,1,1,0.5,0.0,1.0,1.0,1.4142135623730951,0.0,2.0,1,1.0,1,0,360.0,343.0,1.0,0.5,75416.7,2,0.5,1,1.0,0
200793088,DEMOU corp,5,2,63,15.75,2.415873015873016,335482.75,67096.55,58666.27,39751.63,96314.44,27181.63787320128,0.4051123026921843,12.723328799049469,11.11390280962551,5,0,0,1,0.0,0.8,-1.2,-1.0,0.8366600265340756,-2.0,0.0,1,0.6236095644623236,0,5,378.0,365.0,-1.3333333333333333,0.0,60167.34666666667,1,1.0,1,1.0,0
200793513,KROGER associates,10,6,474,52.66666666666666,0.6421940928270042,585605.7799999999,58560.578,56303.525,16169.39,123363.1,32027.90544832525,0.5469192166840507,13.280403819431069,10.977834094993447,7,3,4,3,0.5714285714285714,0.0,1.0,1.0,1.0,0.0,2.0,1,0.9258200997725514,0,3,16.0,268.0,0.0,0.0,53335.85999999999,1,1.0,1,1.0,0
200793568,SUPE systems,27,9,432,16.615384615384617,1.9025,1336924.55,49515.72407407408,39728.62,638.4,154184.98,48030.85081613421,0.9700120863481964,14.10588317016566,10.810065751577222,23,4,16,4,0.6956521739130435,0.1304347826086956,-3.0,1.0,14.5695822614352,-49.0,5.0,1,4.749777518308616,2,0,18.0,298.0,2.0,0.6666666666666666,80512.7,2,0.925925925925926,1,1.0,0
200793830,M corp,7,4,418,69.66666666666667,0.5097607655502393,352223.63,50317.66142857143,45144.87,5194.4,100908.62,38478.109307537205,0.7647038478161173,12.772024404456024,10.826131289839491,6,1,3,2,0.5,0.1666666666666666,-7.666666666666667,0.5,20.75250988836451,-50.0,2.0,1,2.4710038675448387,3,0,45.0,268.0,1.3333333333333333,1.0,31738.92333333333,2,0.8571428571428571,1,1.0,0
200794332,COST llc,109,10,484,4.481481481481482,6.855289256198348,2684613.28,24629.47963302752,15156.4,428.0,140896.35,25581.66951940146,1.0386605766975718,14.803047618249716,10.111739964454312,91,18,23,18,0.2527472527472527,0.5494505494505495,-1.2087912087912087,-1.0,14.179418953395864,-51.0,90.0,1,11.665616639091478,0,3,14.0,270.0,-1.6666666666666667,0.0,23316.57,3,0.9174311926605504,1,1.0,0
200795490,HY -  ,7,2,107,17.833333333333332,1.9914018691588784,351059.02,50151.28857142857,39115.65,18241.89,94839.51,28541.390828685056,0.5691058324061732,12.768712484980654,10.822819426873854,7,0,7,0,1.0,0.0,1.8571428571428568,2.0,0.6900655593423541,1.0,3.0,1,0.3440104580768907,7,0,314.0,298.0,2.0,1.0,45725.136666666665,2,0.5714285714285714,1,1.0,0
200797452,US  corporation,6,4,424,84.8,0.4307547169811321,130687.2,21781.2,21891.325,1145.6,42714.41,19536.86258051891,0.8969598819403389,11.780569612445502,9.988848401486784,4,2,4,0,1.0,0.0,3.5,3.5,1.2909944487358056,2.0,5.0,1,0.3194382824999699,4,0,24.0,319.0,3.6666666666666665,1.0,39421.78,2,0.8333333333333334,1,1.0,0
200797984,PIGGLY co,2,2,10,10.0,6.088,142315.76,71157.88,71157.88,21862.47,120453.29,69714.23738474229,0.9797121188087992,11.865810556481923,11.172670402476594,0,2,0,0,0.0,0.0,,,,,,0,0.0,0,0,49.0,,,,,1,1.0,1,1.0,0
200799180,CHEN foundation,1,1,0,,30.44,49890.1,49890.1,49890.1,49890.1,49890.1,0.0,0.0,10.817597909118732,10.817597909118732,1,0,1,0,1.0,0.0,1.0,1.0,0.0,1.0,1.0,1,0.0,1,0,434.0,413.0,1.0,1.0,49890.1,1,1.0,1,1.0,0
200799342,MITCH associates,2,2,75,75.0,0.8117333333333333,63953.19,31976.595,31976.595,16831.95,47121.24,21417.76235632588,0.6697949658594319,11.065922324798102,10.372790780308009,2,0,0,1,0.0,0.5,-3.5,-3.5,4.949747468305833,-7.0,0.0,1,1.0,0,2,332.0,317.0,-3.5,0.0,31976.595,1,1.0,1,1.0,0
200799367,MCL corporation,21,9,448,22.4,1.426875,1122635.19,53458.81857142857,53203.99,5818.97,121833.57,36540.68568303082,0.6835296151224755,13.931190218633184,10.886685595961536,15,6,11,4,0.7333333333333333,0.0,1.7333333333333334,2.0,1.2798809468443688,0.0,3.0,1,0.7133552688842849,0,1,15.0,128.0,1.0,0.6666666666666666,43964.66,1,1.0,1,1.0,0
200799538,UNITE systems,1,1,0,,30.44,1189.23,1189.23,1189.23,1189.23,1189.23,0.0,0.0,7.081901844740846,7.081901844740846,1,0,0,0,0.0,1.0,-71.0,-71.0,0.0,-71.0,-71.0,1,0.0,0,1,329.0,310.0,-71.0,0.0,1189.23,1,1.0,1,1.0,0
200803720,DEC corp,14,4,366,28.153846153846157,1.1643715846994536,111652.02,7975.144285714285,7793.51,191.68,20236.09,6309.486795645616,0.7911439053143743,11.623151305715748,8.98421040146229,11,3,3,1,0.2727272727272727,0.6363636363636364,-3.090909090909091,-2.0,4.036199832876104,-8.0,1.0,1,1.2450594405009838,0,2,42.0,302.0,-0.6666666666666666,0.3333333333333333,9923.683333333332,3,0.4285714285714285,1,1.0,0
200806580,BE systems,2,2,116,116.0,0.5248275862068966,6403.25,3201.625,3201.625,446.25,5957.0,3896.688694423767,1.2170971598559377,8.764717111455825,8.071726065015406,2,0,0,0,0.0,1.0,-3.5,-3.5,2.1213203435596424,-5.0,-2.0,1,0.4285714285714285,0,2,318.0,305.0,-3.5,0.0,3201.625,1,1.0,1,1.0,0
200806643,PLAZA WA us,1,1,0,,30.44,23299.33,23299.33,23299.33,23299.33,23299.33,0.0,0.0,10.056222802543624,10.056222802543624,1,0,0,1,0.0,0.0,0.0,0.0,0.0,0.0,0.0,1,0.0,0,1,508.0,473.0,0.0,0.0,23299.33,1,1.0,1,1.0,0
200816950,COLOM associates,4,3,309,103.0,0.3940453074433657,248839.23,62209.8075,68068.98000000001,38465.06,74236.21,16150.291850717696,0.2596100598883495,12.42456632291723,11.038284017653082,2,2,2,0,1.0,0.0,2.0,2.0,0.0,2.0,2.0,1,0.0,2,0,75.0,296.0,2.0,1.0,52446.305,1,1.0,1,1.0,0
200820380,SMITH'S co,10,5,472,52.44444444444444,0.6449152542372881,457145.78,45714.578,44281.31,5030.57,81089.8,27249.43869036686,0.5960776601802352,13.032759799927822,10.730194394071042,4,6,2,2,0.5,0.0,0.75,0.5,0.957427107756338,0.0,2.0,1,1.1055415967851332,1,0,16.0,389.0,1.0,0.6666666666666666,33739.02666666667,1,1.0,1,1.0,0
200822900,TIM H co,1,1,0,,30.44,9473.69,9473.69,9473.69,9473.69,9473.69,0.0,0.0,9.156379311737291,9.156379311737291,0,1,0,0,0.0,0.0,,,,,,0,0.0,0,0,71.0,,,,,1,1.0,1,1.0,0
200825136,COLOME systems,1,1,0,,30.44,54690.54,54690.54,54690.54,54690.54,54690.54,0.0,0.0,10.909464314657114,10.909464314657114,1,0,1,0,1.0,0.0,1.0,1.0,0.0,1.0,1.0,1,0.0,1,0,495.0,464.0,1.0,1.0,54690.54,1,1.0,1,1.0,0
200830009,CON foundation,1,1,0,,30.44,54356.4,54356.4,54356.4,54356.4,54356.4,0.0,0.0,10.903336037834984,10.903336037834984,0,1,0,0,0.0,0.0,,,,,,0,0.0,0,0,70.0,,,,,1,1.0,1,1.0,0
200833713,JETRO ,2,1,0,0.0,60.88,4742.12,2371.06,2371.06,221.76,4520.36,3039.569209608493,1.2819452943445098,8.464450426000289,7.771514054907312,2,0,1,1,0.5,0.0,2.5,2.5,3.5355339059327378,0.0,5.0,1,1.0,1,0,415.0,395.0,2.5,0.5,2371.06,2,0.5,1,1.0,0
200854853,MARTIN  corporation,3,3,354,177.0,0.2579661016949152,61719.34,20573.11333333333,20282.4,19972.12,21464.82,787.6699842785259,0.0382863775412306,11.030368815211114,9.93178893024649,2,1,2,0,1.0,0.0,4.5,4.5,0.7071067811865476,4.0,5.0,1,0.1111111111111111,2,0,66.0,309.0,4.5,1.0,20127.26,1,1.0,1,1.0,0
200865666,RESTAU corporation,3,2,136,68.0,0.6714705882352942,8229.95,2743.316666666667,2151.73,1536.12,4542.1,1587.9105857173868,0.5788287604605326,9.015656718358157,7.917287385491505,3,0,1,2,0.3333333333333333,0.0,0.6666666666666666,0.0,1.1547005383792517,0.0,2.0,1,1.4142135623730951,1,0,336.0,319.0,0.6666666666666666,0.3333333333333333,2743.316666666667,1,1.0,1,1.0,0
200875006,KROGER systems,7,6,426,71.0,0.5001877934272301,588311.09,84044.44142857143,100312.67,2646.76,117683.6,38305.102433990185,0.4557719913760784,13.285012851380802,11.339112900942016,6,1,3,3,0.5,0.0,1.0,1.0,1.095445115010332,0.0,2.0,1,1.0,0,2,64.0,120.0,0.6666666666666666,0.3333333333333333,87190.71,1,1.0,1,1.0,0
200875680,MINERS  corporation,1,1,0,,30.44,77253.74,77253.74,77253.74,77253.74,77253.74,0.0,0.0,11.254863552100892,11.254863552100892,0,1,0,0,0.0,0.0,,,,,,0,0.0,0,0,9.0,,,,,1,1.0,1,1.0,0
200879892,HILL corp,1,1,0,,30.44,42835.1,42835.1,42835.1,42835.1,42835.1,0.0,0.0,10.665136484003051,10.665136484003051,1,0,1,0,1.0,0.0,27.0,27.0,0.0,27.0,27.0,1,0.0,1,0,353.0,311.0,27.0,1.0,42835.1,1,1.0,1,1.0,0
200881076,ALBERT co,6,5,405,81.0,0.4509629629629629,513741.29,85623.54833333332,83976.16500000001,41428.87,123002.6,28442.99074154012,0.3321865455845309,13.1494770373807,11.35772730061144,5,1,1,4,0.2,0.0,0.2,0.0,0.447213595499958,0.0,1.0,1,2.0000000000000004,0,4,21.0,275.0,0.0,0.0,79892.20333333332,1,1.0,1,1.0,0
200886415,COSTCO ,1,1,0,,30.44,32637.6,32637.6,32637.6,32637.6,32637.6,0.0,0.0,10.393250916001286,10.393250916001286,1,0,1,0,1.0,0.0,4.0,4.0,0.0,4.0,4.0,1,0.0,1,0,338.0,319.0,4.0,1.0,32637.6,1,1.0,1,1.0,0
200891601,POWE co,4,4,455,151.66666666666666,0.2676043956043956,159054.78,39763.695,25677.89,18275.0,89424.0,33295.240606185245,0.8373276328114186,11.977010237290322,10.590734737300208,2,2,2,0,1.0,0.0,12.5,12.5,0.7071067811865476,12.0,13.0,1,0.04,2,0,36.0,267.0,12.5,1.0,22328.125,1,1.0,1,1.0,0
200895843,US  llc,3,3,84,42.0,1.0871428571428572,86371.2,28790.4,31686.05,898.1,53787.05,26563.11069354453,0.9226377783408544,11.36642114375727,10.26783201041975,3,0,3,0,1.0,0.0,4.333333333333333,4.0,3.5118845842842465,1.0,8.0,1,0.6617173282340483,3,0,338.0,319.0,4.333333333333333,1.0,28790.4,1,1.0,1,1.0,0
200900212,CASEY trust,1,1,0,,30.44,25962.95,25962.95,25962.95,25962.95,25962.95,0.0,0.0,10.164464316408168,10.164464316408168,1,0,1,0,1.0,0.0,4.0,4.0,0.0,4.0,4.0,1,0.0,1,0,359.0,340.0,4.0,1.0,25962.95,1,1.0,1,1.0,0
200900909,SYSCO co,11,5,164,16.4,2.0417073170731705,147014.11,13364.91909090909,12089.02,2001.59,34093.33,10121.293278263856,0.7573029967048904,11.89829064959408,9.500463394701583,11,0,4,4,0.3636363636363636,0.2727272727272727,-0.6363636363636364,0.0,3.775519229794156,-11.0,3.0,1,5.65685424949238,0,4,319.0,304.0,-4.333333333333333,0.0,7560.403333333333,3,0.5454545454545454,1,1.0,0
200902149,ST in,1,1,0,,30.44,17036.1,17036.1,17036.1,17036.1,17036.1,0.0,0.0,9.743148598106291,9.743148598106291,1,0,1,0,1.0,0.0,9.0,9.0,0.0,9.0,9.0,1,0.0,1,0,421.0,402.0,9.0,1.0,17036.1,1,1.0,1,1.0,0
200909198,TAP trust,1,1,0,,30.44,2042.56,2042.56,2042.56,2042.56,2042.56,0.0,0.0,7.622448663963067,7.622448663963067,0,1,0,0,0.0,0.0,,,,,,0,0.0,0,0,29.0,,,,,1,1.0,1,1.0,0
200915438,GROC in,8,5,400,57.142857142857146,0.6088,88222.07999999999,11027.759999999998,10892.76,2525.6,22590.0,7635.572495035513,0.6923955993815167,11.3876238857677,9.308261685256973,5,3,1,4,0.2,0.0,0.2,0.0,0.447213595499958,0.0,1.0,1,2.0000000000000004,0,3,22.0,318.0,0.0,0.0,15191.833333333334,1,1.0,1,1.0,0
200920735,ALBERT llc,4,3,317,105.66666666666669,0.3841009463722398,272116.67,68029.1675,73035.505,3730.8,122314.86,49010.23227688096,0.7204296932912043,12.513989862023395,11.127706525485127,3,1,0,3,0.0,0.0,0.0,0.0,0.0,0.0,0.0,1,0.0,0,3,71.0,315.0,0.0,0.0,89461.95666666667,2,0.75,1,1.0,0
200936373,SUPE trust,25,7,434,18.08333333333333,1.7534562211981568,1705478.33,68219.1332,49160.75,592.3,155763.81,54971.86695140818,0.8058130376744245,14.349356761154375,11.130495008477329,15,10,9,6,0.6,0.0,1.0,1.0,1.1338934190276817,0.0,3.0,1,1.095445115010332,3,0,17.0,298.0,1.6666666666666667,1.0,69387.31333333334,2,0.92,1,1.0,0
200942148,BRADY ,4,2,91,30.33333333333333,1.338021978021978,66276.0,16569.0,16653.6,16005.6,16963.2,415.167050715733,0.0250568562203955,11.101598207993488,9.71534911042061,4,0,4,0,1.0,0.0,33.5,31.0,5.0,31.0,41.0,1,0.1292575229529013,4,0,372.0,311.0,31.0,1.0,16756.8,1,1.0,1,1.0,0
200943275,US  associates,3,2,85,42.5,1.0743529411764705,109727.96,36575.98666666667,34771.76,28404.74,46551.46,9206.91517763324,0.2517202136346991,11.605768604130764,10.507174542025387,3,0,3,0,1.0,0.0,3.6666666666666665,5.0,2.309401076758504,1.0,5.0,1,0.51425947722658,3,0,339.0,319.0,3.6666666666666665,1.0,36575.98666666667,1,1.0,1,1.0,0
200956366,RICH ,3,2,386,193.0,0.236580310880829,160445.64,53481.880000000005,54188.64,49401.0,56856.0,3777.41823514421,0.0706298700633599,11.985716705215587,10.887116881673172,2,1,0,2,0.0,0.0,0.0,0.0,0.0,0.0,0.0,1,0.0,0,2,14.0,374.0,0.0,0.0,55522.32,1,1.0,1,1.0,0
200958768,PU foundation,1,1,0,,30.44,61842.4,61842.4,61842.4,61842.4,61842.4,0.0,0.0,11.03236066234501,11.03236066234501,1,0,0,0,0.0,1.0,-18.0,-18.0,0.0,-18.0,-18.0,1,0.0,0,1,350.0,308.0,-18.0,0.0,61842.4,1,1.0,1,1.0,0
200965912,C&S W llc,1,1,0,,30.44,104857.97,104857.97,104857.97,104857.97,104857.97,0.0,0.0,11.560371583457645,11.560371583457645,0,1,0,0,0.0,0.0,,,,,,0,0.0,0,0,52.0,,,,,1,1.0,1,1.0,0
200966944,TONY us,1,1,0,,30.44,2977.2,2977.2,2977.2,2977.2,2977.2,0.0,0.0,7.999074370156104,7.999074370156104,1,0,1,0,1.0,0.0,1.0,1.0,0.0,1.0,1.0,1,0.0,1,0,400.0,367.0,1.0,1.0,2977.2,1,1.0,1,1.0,0
200974851,RESTA us,18,6,455,26.764705882352946,1.2042197802197805,62371.030000000006,3465.0572222222227,2561.885,148.25,12741.85,3417.63504899446,0.9863141731329474,11.040872216689715,8.150772979724447,17,1,5,12,0.2941176470588235,0.0,1.0588235294117647,0.0,1.951620744256364,0.0,5.0,1,1.7881641043812315,0,1,17.0,296.0,1.6666666666666667,0.3333333333333333,1401.246666666667,2,0.9444444444444444,1,1.0,0
200978592,PLAZA co,2,1,10,10.0,6.088,126071.52,63035.76,63035.76,21099.64,104971.88,59306.6296573056,0.940841034633446,11.744612575920598,11.051473327271855,2,0,2,0,1.0,0.0,8.5,8.5,6.363961030678928,4.0,13.0,1,0.5294117647058824,2,0,423.0,375.0,8.5,1.0,63035.76,1,1.0,1,1.0,0
200978899,MBM/PF foundation,1,1,0,,30.44,21751.2,21751.2,21751.2,21751.2,21751.2,0.0,0.0,9.98747018082686,9.98747018082686,1,0,1,0,1.0,0.0,2.0,2.0,0.0,2.0,2.0,1,0.0,1,0,452.0,430.0,2.0,1.0,21751.2,1,1.0,1,1.0,0
200980828,BEN E associates,4,3,350,116.66666666666669,0.3478857142857143,44094.93,11023.7325,10021.92,6281.08,17770.01,5409.87545789719,0.4907480708459852,10.694122766926498,9.307896436982146,2,2,0,0,0.0,1.0,-7.0,-7.0,5.656854249492381,-11.0,-3.0,1,0.5714285714285714,0,2,22.0,318.0,-7.0,0.0,6660.360000000001,3,0.5,1,1.0,0
200982294,BUR associates,1,1,0,,30.44,94428.37,94428.37,94428.37,94428.37,94428.37,0.0,0.0,11.45560742662626,11.45560742662626,1,0,0,0,0.0,1.0,-3.0,-3.0,0.0,-3.0,-3.0,1,0.0,0,1,317.0,305.0,-3.0,0.0,94428.37,1,1.0,1,1.0,0
200984794,GREA corporation,1,1,0,,30.44,5641.66,5641.66,5641.66,5641.66,5641.66,0.0,0.0,8.638110864514738,8.638110864514738,1,0,0,1,0.0,0.0,0.0,0.0,0.0,0.0,0.0,1,0.0,0,1,347.0,332.0,0.0,0.0,5641.66,1,1.0,1,1.0,0
200992849,GIV llc,1,1,0,,30.44,31026.0,31026.0,31026.0,31026.0,31026.0,0.0,0.0,10.342613072136906,10.342613072136906,1,0,1,0,1.0,0.0,12.0,12.0,0.0,12.0,12.0,1,0.0,1,0,133.0,1.0,12.0,1.0,31026.0,1,1.0,1,1.0,0
CC3411,H.J. HEI corp,9,7,384,48.0,0.7134375000000001,82301.14,9144.57111111111,6122.72,3240.96,16949.82,5098.4927179055685,0.5575431210448618,11.318152388757238,9.121025009515916,8,1,4,0,0.5,0.5,2.375,2.0,11.338146736948302,-11.0,24.0,1,4.4656274200662605,0,2,78.0,64.0,-2.333333333333333,0.3333333333333333,5610.156666666667,1,1.0,1,1.0,0
CC3620,HEINZ AF us,14,8,236,18.153846153846157,1.8057627118644068,203412.98000000004,14529.498571428574,14751.009999999998,4329.96,21305.37,5349.999337417439,0.3682163779511225,12.222998491798114,9.58400506921918,14,0,3,0,0.2142857142857142,0.7857142857142857,-0.3571428571428571,-7.5,19.405023706631876,-14.0,61.0,1,52.35761644689337,0,4,184.0,146.0,-9.333333333333334,0.0,14671.466666666667,1,1.0,1,1.0,0
CC5050,H.J. HE associates,4,3,212,70.66666666666667,0.5743396226415095,92807.32,23201.83,26591.2,6552.44,33072.48,12010.50920160063,0.5176535299845154,11.43829156992792,10.05202953297373,4,0,4,0,1.0,0.0,68.5,73.0,26.299556396765837,33.0,95.0,1,0.3324975758811788,4,0,256.0,178.0,59.66666666666666,1.0,23469.446666666667,1,1.0,1,1.0,0
CC5102,HEINZ  in,2,1,6,6.0,10.146666666666668,21388.67,10694.335,10694.335,9443.5,11945.17,1768.9478212909503,0.1654098007301015,9.970663374187456,9.277562944074102,2,0,2,0,1.0,0.0,120.0,120.0,4.242640687119285,117.0,123.0,1,0.025,2,0,388.0,226.0,120.0,1.0,10694.335,1,1.0,1,1.0,0
CC6000,HEINZ associates,32,11,429,13.838709677419354,2.2705827505827507,395322.93,12353.8415625,10441.09,559.6,44079.57,8142.28130154867,0.6590890178051585,12.887460783754072,9.42180329458492,30,2,26,0,0.8666666666666667,0.1333333333333333,35.43333333333333,30.5,36.3352999573212,-45.0,103.0,1,1.008219543317575,5,0,71.0,36.0,34.0,1.0,15763.783333333336,1,1.0,1,1.0,0
CC6050,HEIN in,21,11,398,19.9,1.6061306532663318,568233.59,27058.74238095238,15810.45,6377.39,127438.0,32291.830502843277,1.1933973149311867,13.25028962300128,10.205802381389452,21,0,19,0,0.9047619047619048,0.0952380952380952,25.714285714285715,26.0,22.385582094604683,-22.0,72.0,1,0.8495702132991145,1,0,107.0,36.0,-0.6666666666666666,0.3333333333333333,57035.59333333333,1,1.0,1,1.0,0
CC6150,PT HEI associates,1,1,0,,30.44,180.72,180.72,180.72,180.72,180.72,0.0,0.0,5.202467040891203,5.202467040891203,1,0,1,0,1.0,0.0,46.0,46.0,0.0,46.0,46.0,1,0.0,1,0,478.0,387.0,46.0,1.0,180.72,1,1.0,1,1.0,0
CC6530,HEINZ corp,14,10,380,29.23076923076923,1.1214736842105264,227926.26000000004,16280.447142857143,17591.54,9117.96,19732.21,3464.980539235901,0.2128307968959022,12.33678182194634,9.697781526444864,14,0,12,0,0.8571428571428571,0.1428571428571428,16.571428571428573,8.5,20.794652736162305,-4.0,61.0,1,1.2092034602677186,2,0,105.0,24.0,12.0,0.6666666666666666,18616.03,1,1.0,1,1.0,0
CC6600,KRAFT  associates,33,12,379,11.84375,2.650448548812665,962451.61,29165.200303030306,20802.21,8327.49,105612.5,22163.31064216892,0.7599231416856109,13.777240107568293,10.280765793939372,33,0,32,0,0.9696969696969696,0.0303030303030303,24.96969696969697,27.0,12.473684420823826,-24.0,39.0,1,0.4919256858353497,32,0,105.0,32.0,19.33333333333333,1.0,33744.329999999994,1,1.0,1,1.0,0
CC7080,HEINZ  associates,6,4,195,39.0,0.9366153846153846,205121.31000000003,34186.885,21677.015,1833.94,116702.35,41229.52930487505,1.2060042704936424,12.2313617143515,10.439626620526887,6,0,6,0,1.0,0.0,74.5,77.0,13.48703080740902,57.0,90.0,1,0.1652606489258397,6,0,267.0,147.0,72.66666666666667,1.0,21265.13,1,1.0,1,1.0,0
CC7455,HEIN co,4,4,152,50.66666666666666,0.8010526315789473,71914.25,17978.5625,17703.965,14157.54,22348.78,3414.3402062904715,0.1899117466310486,11.183243621358166,9.7969909751378,4,0,4,0,1.0,0.0,23.75,23.0,15.777093099385157,8.0,41.0,1,0.5752995125027246,4,0,319.0,266.0,18.0,1.0,16521.823333333334,1,1.0,1,1.0,0
CCCA02,KRAFT  in,482,15,453,0.9417879417879418,32.38869757174393,10436804.27,21653.120892116185,15539.6,1264.16,113911.56,16450.244821179724,0.7597170358555192,16.160849084967886,9.98295105675524,436,46,315,24,0.7224770642201835,0.2224770642201834,7.121559633027523,7.0,10.756933859966791,-35.0,76.0,1,1.5087412587730922,0,4,55.0,56.0,-3.6666666666666665,0.0,22759.68333333333,1,1.0,1,1.0,3
CCU001,KRAFT  ,46,14,450,10.0,3.1116444444444444,1635891.2099999995,35562.85239130434,28538.4,13389.6,110902.08,17065.57817819226,0.4798709054722802,14.307698907666165,10.479085018723596,40,6,31,0,0.775,0.225,8.125,9.0,9.840230089033904,-10.0,23.0,1,1.195870607079102,6,0,56.0,56.0,14.333333333333334,1.0,28829.686666666665,1,1.0,1,1.0,0
CCU002,KRFT FDS foundation,126,15,448,3.584,8.561250000000001,3586316.84,28462.832063492064,15609.73,296.31,125485.36,25659.82059945141,0.9015202894150528,15.092636562794508,10.256389509926578,118,8,80,8,0.6779661016949152,0.2542372881355932,6.423728813559322,5.0,10.36463973890469,-15.0,37.0,1,1.606641349681923,0,2,55.0,56.0,-2.0,0.3333333333333333,10639.256666666666,1,1.0,1,1.0,0
CCU013,KRAFT F corp,600,15,453,0.7562604340567612,40.31788079470199,9113294.39,15188.823983333334,9962.655,2.4,134242.2,21272.56206395498,1.400540429416874,16.025244937086594,9.628381007855356,534,66,534,0,1.0,0.0,42.21910112359551,40.0,14.76897546679264,16.0,204.0,1,0.3494896851246779,534,0,56.0,56.0,30.0,1.0,15719.243333333332,1,1.0,2,0.9966666666666668,4
