invoice_id,customer_id,invoice_date,invoice_amount,late_probability,predicted_is_late,risk_category
1930256485.0,0200126819,2019-12-10,19554.12,0.2705,0,Low
1930256531.0,0200769623,2019-12-10,32527.09,0.2178,0,Low
1930256535.0,0200769623,2019-12-10,2373.96,0.1567,0,Low
1930256732.0,0200700919,2019-12-10,20293.01,0.759,1,High
1930256747.0,0200772670,2019-12-10,450.98,0.5903,1,Medium
1930256948.0,0200726979,2019-12-10,151.85,0.2835,0,Low
1930256949.0,0200726979,2019-12-10,48.6,0.2897,0,Low
1930257036.0,0200726979,2019-12-10,124.24,0.2835,0,Low
1930257043.0,0200592182,2019-12-10,7140.96,0.0145,0,Low
1930257045.0,0200592182,2019-12-10,2925.04,0.0115,0,Low
1930257306.0,0200769623,2019-12-10,39066.91,0.0887,0,Low
1930257321.0,0200769623,2019-12-10,33270.78,0.1588,0,Low
1930257526.0,0200726979,2019-12-10,290.56,0.272,0,Low
1930257600.0,0200772670,2019-12-10,195.51,0.6321,1,Medium
1930257610.0,0200726979,2019-12-10,171.09,0.2835,0,Low
1930257792.0,0200592182,2019-12-10,6955.63,0.277,0,Low
1930258106.0,0200794332,2019-12-10,3010.21,0.1749,0,Low
1930259923.0,0200799342,2019-12-10,123400.2,0.0672,0,Low
1930260175.0,0200772670,2019-12-10,94567.46,0.5388,1,Medium
1930260480.0,0200974851,2019-12-10,3481.18,0.1223,0,Low
1930261478.0,0200974851,2019-12-10,16272.46,0.1226,0,Low
1930261668.0,0200769623,2019-12-10,10203.2,0.3339,0,Medium
1930262056.0,0200331749,2019-12-10,18444.24,0.8411,1,High
1930262363.0,0200661137,2019-12-10,12763.36,0.1637,0,Low
1930262974.0,0200705742,2019-12-10,30176.72,0.0811,0,Low
1930263127.0,0200722444,2019-12-10,13840.72,0.2528,0,Low
1930263191.0,0200707822,2019-12-10,90147.34,0.1183,0,Low
1930263193.0,0200707822,2019-12-10,55604.37,0.1409,0,Low
1930263714.0,0200780383,2019-12-10,67849.57,0.5694,1,Medium
1930263725.0,0200707822,2019-12-10,119399.82,0.1181,0,Low
1930264126.0,0200762301,2019-12-10,143700.65,0.1169,0,Low
1930264706.0,0200769623,2019-12-10,13665.79,0.2114,0,Low
1930271828.0,0200721330,2019-12-10,79051.39,0.8913,1,High
1991836161.0,0100050703,2019-12-10,20462.99,0.7874,1,High
2960596584.0,0140104340,2019-12-10,76799.48,0.791,1,High
2960596586.0,0140104423,2019-12-10,280689.27,0.3199,0,Medium
2960597366.0,0140106372,2019-12-10,119966.2,0.6565,1,Medium
2960599132.0,0140104409,2019-12-10,5101.12,0.2106,0,Low
2960599241.0,0140104240,2019-12-10,6603.24,0.1582,0,Low
2960599304.0,0140105686,2019-12-10,5892.45,0.9888,1,High
2960599512.0,0140105847,2019-12-10,2192.5,0.7893,1,High
2960599617.0,0140104423,2019-12-10,57350.64,0.2687,0,Low
2960599833.0,0140104440,2019-12-10,129548.21,0.9873,1,High
1930216501.0,0200290370,2019-12-11,4496.32,0.9334,1,High
1930216842.0,0200799367,2019-12-11,6737.22,0.4313,0,Medium
1930223389.0,0200782001,2019-12-11,22738.8,0.3714,0,Medium
1930225188.0,0200769623,2019-12-11,4174.78,0.1685,0,Low
1930226723.0,0200668077,2019-12-11,26582.4,0.9513,1,High
1930240041.0,0200886415,2019-12-11,36519.6,0.8282,1,High
1930245974.0,0200769623,2019-12-11,62593.6,0.1788,0,Low
1930250475.0,0200769623,2019-12-11,13974.96,0.1967,0,Low
1930253813.0,0200858049,2019-12-11,36300.0,0.2931,0,Low
1930253845.0,0200769623,2019-12-11,14697.59,0.1718,0,Low
1930253927.0,0200759878,2019-12-11,61280.51,0.5014,1,Medium
1930254145.0,0200792200,2019-12-11,5612.9,0.7951,1,High
1930254488.0,0200769623,2019-12-11,7479.14,0.3067,0,Medium
1930254914.0,0200769623,2019-12-11,4967.77,0.178,0,Low
1930255090.0,0200769623,2019-12-11,6159.44,0.1918,0,Low
1930255251.0,0200762301,2019-12-11,103757.35,0.1456,0,Low
1930255533.0,0200707005,2019-12-11,148736.23,0.1765,0,Low
1930255744.0,0100031704,2019-12-11,79438.28,0.518,1,Medium
1930255765.0,0200744019,2019-12-11,11765.06,0.7379,1,High
1930255770.0,0200778870,2019-12-11,64718.76,0.968,1,High
1930255977.0,0200806580,2019-12-11,4104.0,0.0257,0,Low
1930256063.0,0200769623,2019-12-11,23049.01,0.2761,0,Low
1930256120.0,0200769623,2019-12-11,35302.04,0.1285,0,Low
1930256189.0,0200769623,2019-12-11,66290.66,0.1635,0,Low
1930256623.0,0200762301,2019-12-11,14147.32,0.2003,0,Low
1930256739.0,0200769623,2019-12-11,21669.35,0.2548,0,Low
1930256901.0,0200783189,2019-12-11,67026.84,0.1095,0,Low
1930257007.0,0200762301,2019-12-11,101821.82,0.1456,0,Low
1930257034.0,0200726979,2019-12-11,177.82,0.2666,0,Low
1930257179.0,0200697207,2019-12-11,58232.12,0.1851,0,Low
1930257237.0,0200936373,2019-12-11,98420.4,0.5356,1,Medium
1930257420.0,0200769623,2019-12-11,46172.96,0.0939,0,Low
1930257514.0,0200726979,2019-12-11,525.95,0.2346,0,Low
1930257947.0,0100004536,2019-12-11,34830.81,0.0606,0,Low
1930258863.0,0200965912,2019-12-11,61582.99,0.1962,0,Low
1930260067.0,0200761734,2019-12-11,111390.6,0.0956,0,Low
1930260311.0,0200704858,2019-12-11,134055.11,0.1473,0,Low
1930260696.0,0200592182,2019-12-11,1594.32,0.0106,0,Low
1930260698.0,0200592182,2019-12-11,2199.77,0.7779,1,High
1930260983.0,0200759878,2019-12-11,77915.7,0.2711,0,Low
1930260998.0,0200769623,2019-12-11,23549.72,0.2761,0,Low
1930261377.0,0200769623,2019-12-11,31025.23,0.2261,0,Low
1930261816.0,0200726979,2019-12-11,179.13,0.2666,0,Low
1930261899.0,0200769623,2019-12-11,6532.6,0.1989,0,Low
1930262053.0,0200794332,2019-12-11,38586.43,0.1257,0,Low
1930262058.0,0200720238,2019-12-11,86033.06,0.2849,0,Low
1930262125.0,0200769623,2019-12-11,10460.59,0.3485,0,Medium
1930262253.0,0200078795,2019-12-11,21586.54,0.1895,0,Low
1930262257.0,0200152991,2019-12-11,9227.29,0.1277,0,Low
1930262288.0,0200833713,2019-12-11,389.53,0.3471,0,Medium
1930262297.0,0200936373,2019-12-11,53246.58,0.5617,1,Medium
1930262545.0,0200555117,2019-12-11,75305.74,0.4051,0,Medium
1930262958.0,0100057168,2019-12-11,63203.38,0.1878,0,Low
1930262959.0,0200729290,2019-12-11,48412.21,0.6497,1,Medium
1930262965.0,0200769623,2019-12-11,34843.6,0.1321,0,Low
1930262993.0,0200769623,2019-12-11,953.6,0.2267,0,Low
1930263096.0,0100004536,2019-12-11,25521.62,0.0662,0,Low
1930263098.0,0100004536,2019-12-11,20802.86,0.0732,0,Low
1930263199.0,0200770567,2019-12-11,48110.33,0.0883,0,Low
1930263433.0,0200714710,2019-12-11,5402.5,0.7357,1,High
1930263515.0,0200769623,2019-12-11,1897.5,0.1125,0,Low
1930263525.0,0200762301,2019-12-11,1660.82,0.1975,0,Low
1930263551.0,0200769623,2019-12-11,6749.1,0.2968,0,Low
1930263560.0,0200769623,2019-12-11,16598.07,0.177,0,Low
1930263652.0,0200803720,2019-12-11,3338.08,0.0168,0,Low
1930263741.0,0200769623,2019-12-11,14201.45,0.185,0,Low
1930263745.0,0200769623,2019-12-11,9802.64,0.3485,0,Medium
1930263793.0,0200769623,2019-12-11,542.11,0.2293,0,Low
1930263828.0,0200726979,2019-12-11,520.26,0.2346,0,Low
1930263855.0,0200769623,2019-12-11,52111.14,0.1638,0,Low
1930263955.0,0200762301,2019-12-11,12872.32,0.2242,0,Low
1930263998.0,0200769623,2019-12-11,407.54,0.2271,0,Low
1930264159.0,0200759878,2019-12-11,115592.97,0.2312,0,Low
1930264228.0,0200744019,2019-12-11,7094.03,0.7475,1,High
1930264572.0,0200769623,2019-12-11,48057.85,0.1109,0,Low
1930264603.0,0200769623,2019-12-11,13077.44,0.2714,0,Low
1930264764.0,0200152991,2019-12-11,2212.39,0.0911,0,Low
1930264800.0,0200418007,2019-12-11,68793.96,0.3663,0,Medium
1930264829.0,0200881076,2019-12-11,105607.93,0.1622,0,Low
1930264912.0,0200793568,2019-12-11,34678.79,0.7172,1,High
1930265134.0,0200793568,2019-12-11,34038.81,0.7172,1,High
1930265195.0,0200707822,2019-12-11,77897.64,0.1323,0,Low
1930265212.0,0200078795,2019-12-11,11899.21,0.1942,0,Low
1930265236.0,0200769623,2019-12-11,32566.97,0.211,0,Low
1930265262.0,0200041573,2019-12-11,11792.5,0.4072,0,Medium
1930265268.0,0200780383,2019-12-11,128439.97,0.5165,1,Medium
1930265377.0,0200793568,2019-12-11,44469.9,0.7075,1,High
1930266382.0,0200792293,2019-12-11,25186.39,0.4997,1,Medium
1930267781.0,0200769623,2019-12-11,23910.08,0.2686,0,Low
1930268421.0,0100031704,2019-12-11,59535.28,0.5412,1,Medium
1930268458.0,0200772670,2019-12-11,5221.98,0.5958,1,Medium
1930268459.0,0200772670,2019-12-11,78962.89,0.5279,1,Medium
1930268509.0,0200769623,2019-12-11,24426.19,0.2686,0,Low
1930268567.0,0200980828,2019-12-11,40070.03,0.0449,0,Low
1930268616.0,0200782001,2019-12-11,24578.28,0.355,0,Medium
1930268821.0,0200936373,2019-12-11,34169.46,0.5893,1,Medium
1930268849.0,0200769623,2019-12-11,471.56,0.2235,0,Low
1930269238.0,0200705742,2019-12-11,188.72,0.052,0,Low
1930270266.0,0200763814,2019-12-11,24748.5,0.7999,1,High
1930270299.0,0200706844,2019-12-11,106593.14,0.1911,0,Low
1930270398.0,0200783734,2019-12-11,69503.81,0.0517,0,Low
1930270879.0,0200752302,2019-12-11,116798.59,0.3114,0,Medium
1930271352.0,0200769623,2019-12-11,3356.14,0.1619,0,Low
1930271354.0,0200769623,2019-12-11,9436.25,0.3131,0,Medium
1930271618.0,0200772670,2019-12-11,122037.24,0.5302,1,Medium
2960599080.0,0140104423,2019-12-11,57452.49,0.684,1,Medium
2960599318.0,0140104429,2019-12-11,4398.53,0.8528,1,High
2960599532.0,0140105686,2019-12-11,26232.91,0.9926,1,High
1930218685.0,0200769623,2019-12-12,3377.09,0.1387,0,Low
1930219018.0,0200785971,2019-12-12,1246.82,0.7122,1,High
1930220258.0,0200337148,2019-12-12,1745.3,0.0995,0,Low
1930220627.0,0100000582,2019-12-12,5767.69,0.1769,0,Low
1930224677.0,0200418007,2019-12-12,2578.89,0.2809,0,Low
1930228327.0,0200769623,2019-12-12,1077.54,0.1945,0,Low
1930250222.0,0200794332,2019-12-12,30068.6,0.151,0,Low
1930251403.0,0200760666,2019-12-12,6956.1,0.7632,1,High
1930254324.0,0100000222,2019-12-12,2403.46,0.0947,0,Low
1930254877.0,0100031704,2019-12-12,45448.06,0.5572,1,Medium
1930255876.0,0200769623,2019-12-12,7923.27,0.2663,0,Low
1930255877.0,0200769623,2019-12-12,510.6,0.1969,0,Low
1930256176.0,0200769623,2019-12-12,3440.84,0.1387,0,Low
1930256249.0,0200769623,2019-12-12,5505.36,0.1618,0,Low
1930256552.0,0200769623,2019-12-12,6065.99,0.1634,0,Low
1930256574.0,0100031704,2019-12-12,44464.91,0.5572,1,Medium
1930256669.0,0200769623,2019-12-12,14829.67,0.1406,0,Low
1930256900.0,0100054980,2019-12-12,58812.0,0.2438,0,Low
1930257142.0,0200769623,2019-12-12,28571.37,0.2224,0,Low
1930257145.0,0200769623,2019-12-12,1898.2,0.0956,0,Low
1930257182.0,0200769623,2019-12-12,67173.87,0.149,0,Low
1930257426.0,0200769623,2019-12-12,10322.5,0.307,0,Medium
1930260008.0,0200794332,2019-12-12,8041.59,0.1761,0,Low
1930260666.0,0200769623,2019-12-12,56096.47,0.1483,0,Low
1930260942.0,0200706844,2019-12-12,24526.23,0.2294,0,Low
1930262238.0,0200763489,2019-12-12,139794.0,0.1757,0,Low
1930262301.0,0200765011,2019-12-12,5792.92,0.357,0,Medium
1930262702.0,0200752302,2019-12-12,15213.25,0.273,0,Low
1930262896.0,0200794332,2019-12-12,15284.38,0.1329,0,Low
1930262956.0,0200229974,2019-12-12,29129.31,0.1859,0,Low
1930263329.0,0200769623,2019-12-12,2949.96,0.1405,0,Low
1930263333.0,0200769623,2019-12-12,8240.89,0.2712,0,Low
1930263420.0,0200936373,2019-12-12,96697.57,0.5273,1,Medium
1930263468.0,0200762301,2019-12-12,23351.92,0.19,0,Low
1930263481.0,0200793122,2019-12-12,52153.01,0.0539,0,Low
1930263575.0,0200744019,2019-12-12,12313.91,0.6955,1,Medium
1930263596.0,0200761734,2019-12-12,11333.52,0.1618,0,Low
1930263687.0,0200769623,2019-12-12,10322.5,0.307,0,Medium
1930263838.0,0200769623,2019-12-12,31836.13,0.191,0,Low
1930264340.0,0200769623,2019-12-12,4129.0,0.141,0,Low
1930264647.0,0200769623,2019-12-12,6881.68,0.259,0,Low
1930264653.0,0200769623,2019-12-12,29223.8,0.2224,0,Low
1930264821.0,0200764795,2019-12-12,24905.49,0.8349,1,High
1930264835.0,0200726979,2019-12-12,33358.66,0.2802,0,Low
1930264858.0,0200726979,2019-12-12,396.37,0.2239,0,Low
1930264905.0,0200769623,2019-12-12,629.67,0.1847,0,Low
1930264924.0,0200769623,2019-12-12,15124.91,0.1406,0,Low
1930265032.0,0200744019,2019-12-12,19528.45,0.6997,1,Medium
1930265183.0,0200769623,2019-12-12,4343.04,0.1445,0,Low
1930265241.0,0200769623,2019-12-12,5291.05,0.1618,0,Low
1930265249.0,0200772595,2019-12-12,51436.51,0.1885,0,Low
1930267709.0,0200331749,2019-12-12,17710.21,0.8446,1,High
1930268278.0,0200780383,2019-12-12,16680.61,0.5953,1,Medium
1930268846.0,0200769623,2019-12-12,40876.79,0.0773,0,Low
1930268847.0,0200769623,2019-12-12,33934.24,0.1157,0,Low
1930268864.0,0200759878,2019-12-12,68744.78,0.3615,0,Medium
1930268888.0,0200769623,2019-12-12,21950.78,0.2243,0,Low
1930269079.0,0200761734,2019-12-12,103157.9,0.0903,0,Low
1930269092.0,0200769623,2019-12-12,61673.46,0.1586,0,Low
1930269159.0,0200772670,2019-12-12,82122.63,0.5116,1,Medium
1930269385.0,0200781803,2019-12-12,14248.89,0.2071,0,Low
1930269942.0,0200705742,2019-12-12,2694.87,0.0558,0,Low
1930270250.0,0200799342,2019-12-12,9250.05,0.097,0,Low
1930270267.0,0200782669,2019-12-12,37932.66,0.8026,1,High
1930270273.0,0200133150,2019-12-12,264572.91,0.2551,0,Low
1930270289.0,0200769623,2019-12-12,18493.2,0.2255,0,Low
1930270515.0,0200769623,2019-12-12,65326.03,0.1499,0,Low
1930270774.0,0200769623,2019-12-12,60342.28,0.1586,0,Low
1930270951.0,0200762301,2019-12-12,167038.86,0.1027,0,Low
1930271023.0,0200714710,2019-12-12,2522.96,0.6987,1,Medium
1930271099.0,0100043892,2019-12-12,15551.72,0.1588,0,Low
1930271105.0,0200799367,2019-12-12,89306.09,0.4164,0,Medium
1930271110.0,0200769623,2019-12-12,4088.45,0.141,0,Low
1930271134.0,0200762301,2019-12-12,127258.17,0.1282,0,Low
1930271138.0,0200677269,2019-12-12,21133.86,0.0887,0,Low
1930271162.0,0200793568,2019-12-12,11049.35,0.6784,1,Medium
1930271307.0,0200769623,2019-12-12,7885.17,0.2663,0,Low
1930271320.0,0200936373,2019-12-12,5838.01,0.5398,1,Medium
1930271329.0,0200337148,2019-12-12,4937.32,0.0946,0,Low
1930271539.0,0200769623,2019-12-12,26130.42,0.2293,0,Low
1930271848.0,0200726979,2019-12-12,744.68,0.2166,0,Low
1930271910.0,0200761734,2019-12-12,86314.96,0.0896,0,Low
1930272011.0,0200782001,2019-12-12,5810.99,0.1766,0,Low
1930272106.0,0200742521,2019-12-12,7551.0,0.148,0,Low
1930272187.0,0200706844,2019-12-12,363.42,0.2189,0,Low
1930272209.0,0200744019,2019-12-12,25308.22,0.6895,1,Medium
1930272215.0,0200790107,2019-12-12,130824.51,0.2369,0,Low
1930272293.0,0200747369,2019-12-12,125810.13,0.2347,0,Low
1930272346.0,0200769623,2019-12-12,15510.82,0.1406,0,Low
1930272634.0,0200936373,2019-12-12,24792.7,0.5482,1,Medium
1930272692.0,0100031704,2019-12-12,110904.03,0.5092,1,Medium
1930273157.0,0200776463,2019-12-12,129872.75,0.2045,0,Low
1930273194.0,0200705742,2019-12-12,6879.86,0.1487,0,Low
1930274815.0,0200743123,2019-12-12,39312.0,0.1848,0,Low
1930276819.0,0200769623,2019-12-12,13065.2,0.2357,0,Low
2960598984.0,0140104440,2019-12-12,364143.7,0.9934,1,High
2960599180.0,0140105686,2019-12-12,13188.91,0.9902,1,High
2960599181.0,0140105847,2019-12-12,49437.07,0.8533,1,High
2960599479.0,0140104429,2019-12-12,48597.47,0.849,1,High
2960600046.0,0140104423,2019-12-12,87065.15,0.7288,1,High
2960600047.0,0140104409,2019-12-12,201751.98,0.549,1,Medium
2960600060.0,0140104409,2019-12-12,19454.4,0.3887,0,Medium
2960600305.0,0140106408,2019-12-12,82704.0,0.9951,1,High
2960600312.0,0140105000,2019-12-12,6056.4,0.4664,1,Medium
1930222197.0,0100043948,2019-12-13,17319.8,0.2041,0,Low
1930230487.0,0200772595,2019-12-13,19648.51,0.8824,1,High
1930255858.0,0200290370,2019-12-13,7022.76,0.9736,1,High
1930256146.0,0200712349,2019-12-13,1387.33,0.2576,0,Low
1930256422.0,0200769623,2019-12-13,71935.98,0.077,0,Low
1930256481.0,0200739074,2019-12-13,31332.91,0.7435,1,High
1930256857.0,0200624321,2019-12-13,2442.0,0.6636,1,Medium
1930256927.0,0200956366,2019-12-13,59257.44,0.5187,1,Medium
1930257317.0,0200707822,2019-12-13,4096.45,0.889,1,High
1930261897.0,0200769623,2019-12-13,65787.79,0.2019,0,Low
1930262481.0,0200759878,2019-12-13,14624.72,0.9478,1,High
1930263772.0,0200769623,2019-12-13,51342.05,0.1792,0,Low
1930264218.0,0200769623,2019-12-13,14999.45,0.2213,0,Low
1930264468.0,0200769623,2019-12-13,2373.96,0.2373,0,Low
1930264843.0,0200794332,2019-12-13,16439.88,0.342,0,Medium
1930265364.0,0200769623,2019-12-13,15434.81,0.2213,0,Low
1930266371.0,0200772670,2019-12-13,4228.25,0.9236,1,High
1930268067.0,0200769623,2019-12-13,31190.58,0.2733,0,Low
1930268221.0,0200794332,2019-12-13,32715.47,0.3113,0,Medium
1930268494.0,0200769623,2019-12-13,24134.27,0.3214,0,Medium
1930268818.0,0200763489,2019-12-13,63815.05,0.8718,1,High
1930268854.0,0200769623,2019-12-13,1328.25,0.2484,0,Low
1930269049.0,0200769623,2019-12-13,48149.15,0.1194,0,Low
1930269178.0,0200769623,2019-12-13,30512.76,0.2778,0,Low
1930269262.0,0200769623,2019-12-13,34055.31,0.1575,0,Low
1930269289.0,0200769623,2019-12-13,10970.22,0.449,0,Medium
1930269333.0,0200762301,2019-12-13,101979.36,0.8568,1,High
1930270160.0,0200794332,2019-12-13,1565.13,0.3948,0,Medium
1930270272.0,0200769623,2019-12-13,15630.24,0.2213,0,Low
1930270392.0,0200704858,2019-12-13,16171.12,0.6972,1,Medium
1930270394.0,0200762301,2019-12-13,1324.34,0.8802,1,High
1930270465.0,0200769623,2019-12-13,50925.88,0.1792,0,Low
1930270488.0,0200749782,2019-12-13,23416.21,0.8408,1,High
1930270565.0,0200769623,2019-12-13,15320.87,0.2213,0,Low
1930270587.0,0200744019,2019-12-13,12326.24,0.9126,1,High
1930270761.0,0200794332,2019-12-13,86847.89,0.2584,0,Low
1930270889.0,0200762301,2019-12-13,19135.81,0.8839,1,High
1930270919.0,0200769623,2019-12-13,2373.96,0.2373,0,Low
1930270955.0,0200704858,2019-12-13,93811.22,0.7045,1,High
1930270987.0,0200769623,2019-12-13,45712.77,0.1013,0,Low
1930271060.0,0200794332,2019-12-13,555.77,0.408,0,Medium
1930271088.0,0200762301,2019-12-13,16037.46,0.8734,1,High
1930271404.0,0200794332,2019-12-13,3204.82,0.3802,0,Medium
1930271443.0,0200769623,2019-12-13,53924.25,0.2025,0,Low
1930271596.0,0200769623,2019-12-13,18214.53,0.3239,0,Medium
1930271781.0,0200769623,2019-12-13,58793.43,0.2141,0,Low
1930271885.0,0200936373,2019-12-13,33740.46,0.9427,1,High
1930271933.0,0200744019,2019-12-13,13695.88,0.9113,1,High
1930272033.0,0200965912,2019-12-13,45235.58,0.8542,1,High
1930272050.0,0200769623,2019-12-13,33509.34,0.1861,0,Low
1930272138.0,0200769623,2019-12-13,38767.75,0.0964,0,Low
1930272343.0,0200759878,2019-12-13,25272.36,0.944,1,High
1930272379.0,0200744019,2019-12-13,17954.28,0.9089,1,High
1930272536.0,0200769623,2019-12-13,54290.04,0.2025,0,Low
1930272571.0,0200759878,2019-12-13,14624.71,0.9478,1,High
1930272607.0,0200769623,2019-12-13,34504.53,0.1529,0,Low
1930272610.0,0200418007,2019-12-13,171703.7,0.8332,1,High
1930272662.0,0200794332,2019-12-13,88125.11,0.2584,0,Low
1930272863.0,0200769623,2019-12-13,45947.34,0.1013,0,Low
1930272869.0,0200803094,2019-12-13,24713.33,0.4052,0,Medium
1930272930.0,0200769623,2019-12-13,25469.44,0.3244,0,Medium
1930272969.0,0200794332,2019-12-13,84171.46,0.2669,0,Low
1930272974.0,0200769623,2019-12-13,24071.65,0.3214,0,Medium
1930272983.0,0200769623,2019-12-13,1328.25,0.2484,0,Low
1930272989.0,0200729290,2019-12-13,45346.85,0.933,1,High
1930272997.0,0200555117,2019-12-13,79077.93,0.8542,1,High
1930273021.0,0200739534,2019-12-13,22179.38,0.9152,1,High
1930273046.0,0200777735,2019-12-13,2570.64,0.1889,0,Low
1930273050.0,0200759878,2019-12-13,29963.18,0.9472,1,High
1930273108.0,0200794332,2019-12-13,16549.84,0.342,0,Medium
1930273123.0,0200744019,2019-12-13,6565.52,0.9115,1,High
1930273129.0,0200794332,2019-12-13,10947.95,0.4268,0,Medium
1930273160.0,0200797984,2019-12-13,54893.24,0.7764,1,High
1930273174.0,0200769623,2019-12-13,17159.69,0.2768,0,Low
1930273183.0,0200769623,2019-12-13,41479.39,0.0964,0,Low
1930273498.0,0200729942,2019-12-13,2702.77,0.65,1,Medium
1930274850.0,0200707741,2019-12-13,64537.64,0.8272,1,High
1930275061.0,0200762301,2019-12-13,139058.99,0.8406,1,High
1930276664.0,0200744019,2019-12-13,10327.81,0.9227,1,High
1930276708.0,0200744019,2019-12-13,52208.43,0.9158,1,High
1930276825.0,0200769623,2019-12-13,61764.37,0.2156,0,Low
1930276860.0,0200776463,2019-12-13,134547.21,0.8922,1,High
1930276910.0,0200769623,2019-12-13,13065.2,0.3365,0,Medium
1930276981.0,0200744019,2019-12-13,77181.97,0.9046,1,High
1930277050.0,0200769623,2019-12-13,6988.77,0.3743,0,Medium
1930277057.0,0200769623,2019-12-13,414.68,0.3363,0,Medium
1930277059.0,0200769623,2019-12-13,54595.7,0.2025,0,Low
1930277074.0,0200697207,2019-12-13,45012.54,0.6324,1,Medium
1930277127.0,0200772670,2019-12-13,58483.89,0.9279,1,High
1930277163.0,0200750051,2019-12-13,144800.11,0.8316,1,High
1930277353.0,0200769623,2019-12-13,678.27,0.3156,0,Medium
1930277524.0,0200769623,2019-12-13,13065.2,0.3365,0,Medium
1930277627.0,0200762301,2019-12-13,64336.21,0.8874,1,High
1930277636.0,0200769623,2019-12-13,43806.16,0.0986,0,Low
1930277821.0,0200769623,2019-12-13,32950.51,0.1908,0,Low
1930278621.0,0200772670,2019-12-13,5445.51,0.9265,1,High
1930280115.0,0200705742,2019-12-13,1240.69,0.0608,0,Low
1930280487.0,0200769623,2019-12-13,32663.02,0.2561,0,Low
1930280514.0,0200793568,2019-12-13,119816.03,0.9344,1,High
1930281127.0,0200795490,2019-12-13,98913.14,0.9842,1,High
1930281201.0,0200739534,2019-12-13,15440.18,0.9126,1,High
1930281209.0,0200769623,2019-12-13,50040.93,0.135,0,Low
1930281404.0,0200769623,2019-12-13,15712.76,0.2213,0,Low
1930289616.0,0200726979,2019-12-13,1032.76,0.9131,1,High
1930301642.0,0200726979,2019-12-13,747.15,0.918,1,High
2960599366.0,0140105847,2019-12-13,11572.0,0.7277,1,High
2960600282.0,0140104240,2019-12-13,174769.75,0.649,1,Medium
2960600620.0,0140104225,2019-12-13,120492.95,0.9466,1,High
2960600632.0,0140104440,2019-12-13,16832.57,0.9783,1,High
2960600635.0,0140104409,2019-12-13,140763.24,0.7951,1,High
2960600809.0,0140104409,2019-12-13,97759.21,0.554,1,Medium
1930265584.0,0200769623,2019-12-14,67554.23,0.2277,0,Low
1930269796.0,0200769623,2019-12-14,1897.5,0.1848,0,Low
1930271017.0,0200779051,2019-12-14,21702.35,0.2515,0,Low
1930271069.0,0200769623,2019-12-14,7651.31,0.402,0,Medium
1930271648.0,0200759878,2019-12-14,14516.78,0.9661,1,High
1930271691.0,0200519201,2019-12-14,98163.82,0.9152,1,High
1930272424.0,0200707822,2019-12-14,70478.87,0.9286,1,High
1930272682.0,0200705372,2019-12-14,113086.75,0.9232,1,High
1930273412.0,0200794332,2019-12-14,3668.25,0.4787,1,Medium
1930273480.0,0200769623,2019-12-14,15301.18,0.2468,0,Low
1930273566.0,0200744019,2019-12-14,42852.3,0.9339,1,High
1930273677.0,0200769623,2019-12-14,2903.37,0.2606,0,Low
1930273692.0,0200726979,2019-12-14,1487.58,0.9385,1,High
1930274491.0,0200769623,2019-12-14,24305.21,0.36,0,Medium
1930274778.0,0200769623,2019-12-14,36517.14,0.105,0,Low
1930274860.0,0200744019,2019-12-14,39310.4,0.9331,1,High
1930274867.0,0200769623,2019-12-14,10328.19,0.4601,1,Medium
1930276638.0,0200769623,2019-12-14,22501.18,0.3687,0,Medium
1930276676.0,0200780383,2019-12-14,50991.79,0.9689,1,High
1930276804.0,0200744019,2019-12-14,8422.61,0.9394,1,High
1930276805.0,0200744019,2019-12-14,2129.14,0.9241,1,High
1930276988.0,0200769623,2019-12-14,58883.51,0.2368,0,Low
1930277012.0,0200769623,2019-12-14,46443.08,0.113,0,Low
1930277018.0,0200762301,2019-12-14,34384.2,0.9445,1,High
1930277144.0,0200769623,2019-12-14,33553.39,0.2105,0,Low
1930277177.0,0200729290,2019-12-14,15642.11,0.9485,1,High
1930277221.0,0200759878,2019-12-14,11022.86,0.9687,1,High
1930277264.0,0200519201,2019-12-14,74750.4,0.9107,1,High
1930277290.0,0200769623,2019-12-14,1897.5,0.1848,0,Low
1930277309.0,0200769623,2019-12-14,6407.72,0.3036,0,Medium
1930277333.0,0200769623,2019-12-14,3795.7,0.2577,0,Low
1930277467.0,0200769623,2019-12-14,15482.3,0.2468,0,Low
1930277992.0,0200769623,2019-12-14,15699.0,0.2468,0,Low
1930278767.0,0200769623,2019-12-14,1897.5,0.1848,0,Low
1930279969.0,0200769623,2019-12-14,31732.03,0.3048,0,Medium
1930280011.0,0200769623,2019-12-14,70915.42,0.096,0,Low
1930280056.0,0200769623,2019-12-14,17231.18,0.3107,0,Medium
1930280303.0,0200769623,2019-12-14,350.08,0.3769,0,Medium
1930280305.0,0200769623,2019-12-14,20066.12,0.3582,0,Medium
1930280403.0,0200769623,2019-12-14,17800.68,0.3456,0,Medium
1930280440.0,0200752302,2019-12-14,109342.36,0.9494,1,High
1930280547.0,0200759878,2019-12-14,14747.01,0.9659,1,High
1930280595.0,0200769623,2019-12-14,38881.23,0.105,0,Low
1930280646.0,0200769623,2019-12-14,5914.72,0.2941,0,Low
1930280649.0,0200769623,2019-12-14,388.29,0.3769,0,Medium
1930280841.0,0200769623,2019-12-14,16714.77,0.2642,0,Low
1930281145.0,0200769623,2019-12-14,16484.62,0.2642,0,Low
1930281213.0,0200769623,2019-12-14,683.91,0.3553,0,Medium
1930281277.0,0200769623,2019-12-14,1897.5,0.1848,0,Low
1930281379.0,0200772670,2019-12-14,49176.63,0.9537,1,High
1930281603.0,0200711029,2019-12-14,6193.1,0.8576,1,High
1930281646.0,0100036318,2019-12-14,40169.5,0.8493,1,High
1930281738.0,0200704045,2019-12-14,22756.81,0.9399,1,High
1930281900.0,0200726979,2019-12-14,709.71,0.9401,1,High
1930282521.0,0200726979,2019-12-14,317.21,0.9447,1,High
2960599743.0,0140104423,2019-12-14,285167.16,0.812,1,High
1930275073.0,0200148860,2019-12-15,137383.07,0.3881,0,Medium
1930276581.0,0200769623,2019-12-15,53848.87,0.1818,0,Low
1930277092.0,0200706844,2019-12-15,18644.84,0.5814,1,Medium
1930277280.0,0200148860,2019-12-15,59542.8,0.4563,1,Medium
1930280031.0,0200769623,2019-12-15,26130.4,0.3452,0,Medium
1930280081.0,0200769623,2019-12-15,323.57,0.3362,0,Medium
1930280375.0,0200726979,2019-12-15,591.22,0.5705,1,Medium
1930280406.0,0200769623,2019-12-15,11611.6,0.3579,0,Medium
1930280407.0,0200769623,2019-12-15,22897.05,0.3357,0,Medium
1930280558.0,0200769623,2019-12-15,37898.36,0.0886,0,Low
1930280642.0,0200776463,2019-12-15,19436.3,0.6103,1,Medium
1930280740.0,0200148860,2019-12-15,14776.32,0.4265,0,Medium
1930280855.0,0200769623,2019-12-15,71699.73,0.0719,0,Low
1930281166.0,0200769623,2019-12-15,28547.51,0.3342,0,Medium
1930281249.0,0200769623,2019-12-15,28827.02,0.3342,0,Medium
1930281353.0,0200769623,2019-12-15,58041.37,0.1967,0,Low
1930281449.0,0200148860,2019-12-15,16180.8,0.4265,0,Medium
1930281575.0,0200707822,2019-12-15,23231.67,0.4428,0,Medium
1930281661.0,0200769623,2019-12-15,683.91,0.3157,0,Medium
1930281693.0,0200769623,2019-12-15,3795.7,0.2281,0,Low
1930281725.0,0200747369,2019-12-15,146976.21,0.3551,0,Medium
1930281762.0,0200148860,2019-12-15,15797.76,0.4265,0,Medium
1930281764.0,0200769623,2019-12-15,683.91,0.3157,0,Medium
1930281807.0,0200769623,2019-12-15,38647.94,0.0886,0,Low
1930282007.0,0200769623,2019-12-15,24393.0,0.3274,0,Medium
1930282197.0,0200772670,2019-12-15,117422.22,0.8319,1,High
1930282431.0,0200936373,2019-12-15,150713.95,0.835,1,High
1930282629.0,0200793830,2019-12-15,8526.99,0.6809,1,Medium
1930282643.0,0200769623,2019-12-15,1897.5,0.1694,0,Low
1930283100.0,0200799538,2019-12-15,91564.62,0.8188,1,High
1930283128.0,0200707822,2019-12-15,60203.21,0.3738,0,Medium
1930283158.0,0200769623,2019-12-15,31357.06,0.2846,0,Low
1930287196.0,0200726979,2019-12-15,737.67,0.5639,1,Medium
1930289445.0,0200726979,2019-12-15,642.66,0.5622,1,Medium
1930300143.0,0200792734,2019-12-15,52944.76,0.5879,1,Medium
2960599761.0,0140106408,2019-12-15,119903.42,0.9977,1,High
2960599762.0,0140106408,2019-12-15,72980.37,0.997,1,High
2960600162.0,0140104429,2019-12-15,43603.27,0.8702,1,High
2960600175.0,0140104429,2019-12-15,42727.71,0.8702,1,High
2960600354.0,0140104409,2019-12-15,135915.39,0.4513,1,Medium
2960600662.0,0140105000,2019-12-15,60395.17,0.5339,1,Medium
2960600829.0,0140105000,2019-12-15,62601.29,0.5379,1,Medium
2960600943.0,0140104409,2019-12-15,201.5,0.3816,0,Medium
2960600952.0,0140104440,2019-12-15,120466.9,0.9881,1,High
1930255713.0,0200769072,2019-12-16,13059.11,0.6468,1,Medium
1930268941.0,0200711029,2019-12-16,15483.22,0.2283,0,Low
1930272858.0,0200769623,2019-12-16,66737.32,0.1529,0,Low
1930276583.0,0200704858,2019-12-16,17415.38,0.2036,0,Low
1930277281.0,0200756072,2019-12-16,30055.8,0.3659,0,Medium
1930277360.0,0200794332,2019-12-16,61646.9,0.2084,0,Low
1930278783.0,0200772595,2019-12-16,87412.71,0.2491,0,Low
1930280001.0,0200743123,2019-12-16,61481.55,0.2164,0,Low
1930280260.0,0200689451,2019-12-16,99177.2,0.3477,0,Medium
1930280359.0,0200769623,2019-12-16,62021.93,0.1721,0,Low
1930280395.0,0200762301,2019-12-16,104866.59,0.185,0,Low
1930280475.0,0200762301,2019-12-16,4856.76,0.2169,0,Low
1930280672.0,0200790107,2019-12-16,19402.01,0.2769,0,Low
1930280711.0,0200759878,2019-12-16,98961.42,0.3301,0,Medium
1930281177.0,0200719526,2019-12-16,36799.5,0.1324,0,Low
1930281188.0,0200936373,2019-12-16,111041.11,0.6355,1,Medium
1930281477.0,0200762301,2019-12-16,147717.49,0.1406,0,Low
1930281560.0,0200762301,2019-12-16,19722.62,0.2674,0,Low
1930281721.0,0200762301,2019-12-16,76121.54,0.1906,0,Low
1930281914.0,0200148860,2019-12-16,82915.51,0.1108,0,Low
1930281918.0,0200769623,2019-12-16,7033.02,0.2727,0,Low
1930281934.0,0200776463,2019-12-16,122004.32,0.244,0,Low
1930282019.0,0200777735,2019-12-16,117778.68,0.0737,0,Low
1930282174.0,0200769623,2019-12-16,32663.02,0.2144,0,Low
1930282294.0,0200769623,2019-12-16,47589.41,0.1114,0,Low
1930282511.0,0200762301,2019-12-16,11856.45,0.2815,0,Low
1930282688.0,0200980828,2019-12-16,16410.62,0.062,0,Low
1930282757.0,0200762301,2019-12-16,15009.17,0.2406,0,Low
1930282901.0,0200769623,2019-12-16,70273.85,0.059,0,Low
1930282905.0,0200769623,2019-12-16,60052.11,0.1739,0,Low
1930282943.0,0200704045,2019-12-16,51782.71,0.3042,0,Medium
1930283051.0,0200799342,2019-12-16,10905.34,0.1401,0,Low
1930283074.0,0200769623,2019-12-16,37681.58,0.0856,0,Low
1930283163.0,0200769623,2019-12-16,1897.5,0.1029,0,Low
1930283208.0,0200762301,2019-12-16,16578.27,0.2381,0,Low
1930283411.0,0200772670,2019-12-16,40074.66,0.6904,1,Medium
1930283454.0,0200980828,2019-12-16,10740.9,0.0931,0,Low
1930283477.0,0200707822,2019-12-16,64936.97,0.1453,0,Low
1930283622.0,0200833713,2019-12-16,21335.27,0.3288,0,Medium
1930283659.0,0200759082,2019-12-16,89559.93,0.7428,1,High
1930283697.0,0200749225,2019-12-16,10824.89,0.2323,0,Low
1930283811.0,0200707822,2019-12-16,132566.33,0.131,0,Low
1930283812.0,0200759082,2019-12-16,40719.16,0.8298,1,High
1930283933.0,0200763229,2019-12-16,19298.53,0.3707,0,Medium
1930283952.0,0200721330,2019-12-16,83491.02,0.929,1,High
1930284042.0,0200769623,2019-12-16,48109.14,0.1063,0,Low
1930284095.0,0200769623,2019-12-16,27685.57,0.2907,0,Low
1930284096.0,0200769623,2019-12-16,13065.2,0.2909,0,Low
1930285446.0,0200729942,2019-12-16,1083.68,0.2325,0,Low
1930285525.0,0200748108,2019-12-16,39096.94,0.475,1,Medium
1930285605.0,0200769623,2019-12-16,44453.22,0.0876,0,Low
1930287054.0,0200706844,2019-12-16,19142.09,0.2803,0,Low
1930287055.0,0200706844,2019-12-16,5581.18,0.2695,0,Low
1930287066.0,0200744019,2019-12-16,82066.25,0.7707,1,High
1930287201.0,0200769623,2019-12-16,471.56,0.1963,0,Low
1930287288.0,0200700919,2019-12-16,20293.01,0.8013,1,High
1930287678.0,0200762301,2019-12-16,101170.42,0.185,0,Low
1930288149.0,0200707822,2019-12-16,58250.96,0.1547,0,Low
1930289024.0,0200726979,2019-12-16,521.18,0.2879,0,Low
1930289917.0,0200148860,2019-12-16,8091.47,0.1741,0,Low
2960599929.0,0140104409,2019-12-16,93052.66,0.2392,0,Low
2960600571.0,0140106408,2019-12-16,8913.33,0.9977,1,High
2960600761.0,0140104409,2019-12-16,160180.09,0.2324,0,Low
2960600765.0,0140104409,2019-12-16,66467.55,0.4946,1,Medium
2960600873.0,0140104409,2019-12-16,121289.72,0.232,0,Low
2960601033.0,0140105508,2019-12-16,8980.7,0.3169,0,Medium
2960601118.0,0140106316,2019-12-16,60028.39,0.2934,0,Low
2960601312.0,0140104409,2019-12-16,74363.68,0.261,0,Low
2960601315.0,0140104409,2019-12-16,78256.67,0.2358,0,Low
2960601415.0,0140104409,2019-12-16,238559.98,0.6655,1,Medium
1930264714.0,0200739006,2019-12-17,9241.32,0.2549,0,Low
1930279849.0,0200999003,2019-12-17,54188.47,0.3038,0,Medium
1930281929.0,0200794332,2019-12-17,99929.97,0.1222,0,Low
1930282295.0,0200769623,2019-12-17,66541.98,0.1745,0,Low
1930282595.0,0200769623,2019-12-17,60082.93,0.1926,0,Low
1930282954.0,0200782001,2019-12-17,74310.86,0.2002,0,Low
1930283206.0,0200769623,2019-12-17,1948.16,0.1101,0,Low
1930283308.0,0200769623,2019-12-17,13515.86,0.2404,0,Low
1930285382.0,0200769623,2019-12-17,14508.56,0.1818,0,Low
1930285564.0,0200769623,2019-12-17,28340.31,0.3092,0,Medium
1930287161.0,0200774000,2019-12-17,109728.21,0.0724,0,Low
1930287276.0,0200769623,2019-12-17,68499.74,0.1693,0,Low
1930287747.0,0200493614,2019-12-17,45818.94,0.794,1,High
1930287760.0,0200769623,2019-12-17,37623.54,0.0926,0,Low
1930287946.0,0200230690,2019-12-17,5265.98,0.1591,0,Low
1930288039.0,0200769623,2019-12-17,1584.2,0.1887,0,Low
1930288155.0,0200794332,2019-12-17,2633.58,0.1926,0,Low
1930288356.0,0200761734,2019-12-17,65289.12,0.1607,0,Low
1930288384.0,0200761734,2019-12-17,129580.82,0.1258,0,Low
1930288493.0,0200769623,2019-12-17,8401.19,0.3048,0,Medium
1930288557.0,0200729942,2019-12-17,28173.45,0.272,0,Low
1930288590.0,0200230690,2019-12-17,35.4,0.0088,0,Low
1930288712.0,0200769623,2019-12-17,4871.65,0.1744,0,Low
1930289123.0,0200792734,2019-12-17,67343.02,0.2412,0,Low
1930289374.0,0200794332,2019-12-17,4290.41,0.1941,0,Low
1930289397.0,0200782001,2019-12-17,60872.98,0.2147,0,Low
1930289405.0,0200230690,2019-12-17,1282.6,0.1379,0,Low
1930289443.0,0200624321,2019-12-17,22552.75,0.4484,0,Medium
1930289941.0,0100043882,2019-12-17,35428.53,0.434,0,Medium
1930292311.0,0200769623,2019-12-17,1868.59,0.1356,0,Low
2960601518.0,0140106372,2019-12-17,50720.07,0.4034,0,Medium
2960601527.0,0140104409,2019-12-17,141310.41,0.1933,0,Low
2960601600.0,0140104409,2019-12-17,133655.12,0.5314,1,Medium
2960601601.0,0140104409,2019-12-17,180682.61,0.2875,0,Low
1930254557.0,0200900909,2019-12-18,5450.76,0.7672,1,High
1930283643.0,0200769623,2019-12-18,59238.89,0.1937,0,Low
1930283661.0,0200719526,2019-12-18,10378.0,0.1176,0,Low
1930285486.0,0200769623,2019-12-18,343.04,0.2257,0,Low
1930285527.0,0200337148,2019-12-18,3252.6,0.1148,0,Low
1930287573.0,0200744019,2019-12-18,22087.97,0.7715,1,High
1930288641.0,0200769623,2019-12-18,63021.27,0.1819,0,Low
1930288845.0,0200769623,2019-12-18,44473.01,0.0947,0,Low
1930289020.0,0200744019,2019-12-18,8481.45,0.7933,1,High
1930289129.0,0100043936,2019-12-18,18145.19,0.8878,1,High
1930289241.0,0200769623,2019-12-18,6325.88,0.1963,0,Low
1930291869.0,0200486270,2019-12-18,599.04,0.7497,1,High
1930292036.0,0200769623,2019-12-18,1118.71,0.2061,0,Low
1930292119.0,0200769623,2019-12-18,31062.15,0.2331,0,Low
1930292208.0,0200769623,2019-12-18,1328.25,0.1772,0,Low
1930292492.0,0200769623,2019-12-18,22953.76,0.284,0,Low
1930292571.0,0200353024,2019-12-18,7696.21,0.2583,0,Low
1930292573.0,0200353024,2019-12-18,2352.99,0.0131,0,Low
1930292574.0,0200592182,2019-12-18,667.32,0.0071,0,Low
1930292665.0,0200769623,2019-12-18,40498.27,0.0926,0,Low
1930292857.0,0100044010,2019-12-18,47839.68,0.0807,0,Low
1930292877.0,0200772670,2019-12-18,76555.83,0.5801,1,Medium
1930292879.0,0200772670,2019-12-18,58615.47,0.6318,1,Medium
1930292934.0,0200769623,2019-12-18,5479.53,0.1925,0,Low
1930292966.0,0200769623,2019-12-18,2373.96,0.1695,0,Low
1930293025.0,0200769623,2019-12-18,19.47,0.2206,0,Low
1930293028.0,0200769623,2019-12-18,14575.02,0.1818,0,Low
1930293477.0,0200353024,2019-12-18,389.64,0.0081,0,Low
1930293736.0,0200353024,2019-12-18,785.64,0.009,0,Low
1930293738.0,0200353024,2019-12-18,14846.08,0.2324,0,Low
1930294303.0,0200353024,2019-12-18,1180.22,0.0102,0,Low
1930300016.0,0200769623,2019-12-18,46147.05,0.0973,0,Low
2960601450.0,0140104409,2019-12-18,195917.52,0.8081,1,High
2960601658.0,0140104409,2019-12-18,135282.9,0.6715,1,Medium
2960601834.0,0140104429,2019-12-18,128717.49,0.902,1,High
2960601837.0,0140104429,2019-12-18,4402.77,0.6131,1,Medium
2960601840.0,0140104409,2019-12-18,299724.84,0.5889,1,Medium
1930280363.0,0200236583,2019-12-19,23232.18,0.9161,1,High
1930286874.0,0200799367,2019-12-19,52438.43,0.487,1,Medium
1930287709.0,0100014288,2019-12-19,8774.0,0.4136,0,Medium
1930291898.0,0200704858,2019-12-19,126799.14,0.159,0,Low
1930292147.0,0200769623,2019-12-19,86.29,0.1891,0,Low
1930293051.0,0200769623,2019-12-19,43228.82,0.082,0,Low
1930293053.0,0200769623,2019-12-19,48259.91,0.0997,0,Low
1930294244.0,0200769623,2019-12-19,5623.01,0.169,0,Low
1930294889.0,0200769623,2019-12-19,51940.83,0.1553,0,Low
1930296161.0,0200416837,2019-12-19,316.32,0.006,0,Low
1930296163.0,0200416837,2019-12-19,2208.58,0.0095,0,Low
1930296183.0,0200230690,2019-12-19,932.49,0.0058,0,Low
1930296617.0,0200769623,2019-12-19,23437.69,0.2399,0,Low
1930299882.0,0200002965,2019-12-19,4277.72,0.0349,0,Low
1930299886.0,0200230690,2019-12-19,4975.6,0.0089,0,Low
1930299889.0,0200230690,2019-12-19,36554.68,0.2031,0,Low
1930299974.0,0200230690,2019-12-19,203.28,0.0054,0,Low
1930299979.0,0200230690,2019-12-19,4903.03,0.6024,1,Medium
1930299984.0,0200230690,2019-12-19,72.12,0.0057,0,Low
1930300508.0,0200769623,2019-12-19,36412.82,0.0802,0,Low
1930300536.0,0200230690,2019-12-19,1114.49,0.1206,0,Low
1930300539.0,0200230690,2019-12-19,13142.18,0.0133,0,Low
1930302627.0,0100030964,2019-12-19,7311.25,0.032,0,Low
2960602323.0,0140106408,2019-12-19,2636.39,0.9963,1,High
2960602350.0,0140104429,2019-12-19,9653.81,0.8868,1,High
1930289072.0,0200729942,2019-12-20,7360.24,0.6128,1,Medium
1930291883.0,0200769623,2019-12-20,5013.75,0.2487,0,Low
1930293787.0,0200769623,2019-12-20,14877.63,0.2232,0,Low
1930295438.0,0200769623,2019-12-20,17182.68,0.2756,0,Low
1930295818.0,0200769623,2019-12-20,14575.02,0.2403,0,Low
1930296517.0,0200769623,2019-12-20,41433.11,0.0993,0,Low
1930299913.0,0200769623,2019-12-20,63929.1,0.204,0,Low
1930300328.0,0200769623,2019-12-20,57895.52,0.2202,0,Low
1930300567.0,0200769623,2019-12-20,6713.91,0.3911,0,Medium
1930301684.0,0200020431,2019-12-20,5276.15,0.144,0,Low
1930302678.0,0200020431,2019-12-20,1578.9,0.5904,1,Medium
1930303276.0,0200020431,2019-12-20,35.4,0.0066,0,Low
1930303295.0,0200416837,2019-12-20,3248.27,0.1763,0,Low
1930303466.0,0200020431,2019-12-20,630.36,0.0054,0,Low
1930303468.0,0200020431,2019-12-20,13047.52,0.0121,0,Low
1930303621.0,0200020431,2019-12-20,1644.48,0.0085,0,Low
1930303646.0,0200416837,2019-12-20,25.92,0.0084,0,Low
1930303665.0,0200002965,2019-12-20,439919.82,0.2267,0,Low
1930303670.0,0200002965,2019-12-20,4460.4,0.037,0,Low
1930303902.0,0200416837,2019-12-20,1579.2,0.0098,0,Low
1930304002.0,0200020431,2019-12-20,8522.24,0.0111,0,Low
1930304060.0,0200769623,2019-12-20,73392.46,0.07,0,Low
1930304110.0,0200416837,2019-12-20,1350.6,0.0092,0,Low
1930304382.0,0200769623,2019-12-20,37459.98,0.0993,0,Low
1930304514.0,0200769623,2019-12-20,60049.72,0.2218,0,Low
1930305983.0,0100021540,2019-12-20,54539.49,0.9394,1,High
1930306364.0,0200769623,2019-12-20,47445.66,0.1287,0,Low
1930289389.0,0200769623,2019-12-21,71762.82,0.0847,0,Low
1930299453.0,0200769623,2019-12-21,34454.6,0.1717,0,Low
1930300649.0,0200769623,2019-12-21,2656.5,0.2527,0,Low
1930302736.0,0200769623,2019-12-21,2352.97,0.2527,0,Low
1930303068.0,0200769623,2019-12-21,74743.59,0.0833,0,Low
1930304821.0,0200769623,2019-12-21,12878.89,0.359,0,Medium
1930305289.0,0200769623,2019-12-21,683.91,0.3347,0,Medium
1930305293.0,0200769623,2019-12-21,17089.8,0.2577,0,Low
1930305453.0,0200769623,2019-12-21,1898.2,0.177,0,Low
1930309111.0,0200769623,2019-12-21,51534.16,0.2081,0,Low
2960602829.0,0140104409,2019-12-21,288668.8,0.8367,1,High
1930302630.0,0200980828,2019-12-22,5071.14,0.2086,0,Low
1930311125.0,0200708411,2019-12-23,47709.64,0.0833,0,Low
1930313791.0,0200803720,2019-12-24,3074.44,0.0307,0,Low
1930315792.0,0200803720,2019-12-24,1789.56,0.0327,0,Low
1930316559.0,0200803720,2019-12-24,405.48,0.0223,0,Low
1930317323.0,0200803720,2019-12-24,2036.84,0.0322,0,Low
1930317636.0,0200803720,2019-12-24,33.24,0.0333,0,Low
1930317644.0,0200803720,2019-12-24,32.34,0.0333,0,Low
1930316285.0,0200794332,2019-12-26,42003.31,0.1112,0,Low
1930317781.0,0100030964,2019-12-26,11264.0,0.0253,0,Low
1930317999.0,0200416837,2019-12-26,302.16,0.0116,0,Low
1930318397.0,0200416837,2019-12-26,486.84,0.0097,0,Low
1930319130.0,0200803720,2019-12-26,172.44,0.0086,0,Low
1930319143.0,0200803720,2019-12-26,2203.83,0.0087,0,Low
1930319700.0,0200803720,2019-12-26,6848.03,0.6929,1,Medium
1930324535.0,0200592182,2019-12-27,1542.64,0.0357,0,Low
1930324627.0,0200592182,2019-12-27,1293.27,0.036,0,Low
1930325553.0,0200592182,2019-12-27,519.24,0.03,0,Low
1930326387.0,0200112301,2019-12-27,101.39,0.947,1,High
1930329420.0,0200592182,2019-12-28,512.76,0.0604,0,Low
1930330001.0,0200592182,2019-12-28,187.2,0.0709,0,Low
1930317444.0,0200707822,2019-12-29,30391.3,0.468,1,Medium
1930319613.0,0200759878,2019-12-29,40892.15,0.905,1,High
1930323296.0,0200707005,2019-12-29,37731.54,0.6824,1,Medium
1930323341.0,0200229974,2019-12-29,16907.37,0.3399,0,Medium
1930324587.0,0200769623,2019-12-29,11125.02,0.4609,1,Medium
1930325653.0,0200707822,2019-12-29,113387.43,0.4606,1,Medium
1930325866.0,0200706844,2019-12-29,11549.27,0.642,1,Medium
1930327537.0,0200706844,2019-12-29,12599.21,0.6104,1,Medium
1930327788.0,0200148860,2019-12-29,39627.19,0.4352,0,Medium
1930328958.0,0100031704,2019-12-29,62212.76,0.928,1,High
1930329387.0,0200762301,2019-12-29,739.08,0.8317,1,High
1930329610.0,0200706844,2019-12-29,7349.53,0.6484,1,Medium
1930329962.0,0200726979,2019-12-29,35.73,0.7288,1,High
1930330014.0,0200769623,2019-12-29,28930.68,0.349,0,Medium
1930330209.0,0200820380,2019-12-29,19351.67,0.4984,1,Medium
1930330543.0,0200769623,2019-12-29,1367.82,0.2637,0,Low
1930330593.0,0200726979,2019-12-29,207.07,0.7006,1,High
1930330859.0,0200726979,2019-12-29,59.16,0.7288,1,High
1930331085.0,0200769623,2019-12-29,45808.93,0.0971,0,Low
1930331153.0,0200769623,2019-12-29,323.57,0.3965,0,Medium
1930331160.0,0200769623,2019-12-29,79030.97,0.1033,0,Low
1930331177.0,0200769623,2019-12-29,18677.54,0.2962,0,Low
1930331192.0,0200726979,2019-12-29,750.26,0.6498,1,Medium
1930331371.0,0200726979,2019-12-29,893.14,0.6498,1,Medium
1930331449.0,0200726979,2019-12-29,389.39,0.6603,1,Medium
1930331472.0,0200726979,2019-12-29,289.9,0.7051,1,High
1930331508.0,0200148860,2019-12-29,119469.7,0.5386,1,Medium
1930331510.0,0200769623,2019-12-29,252.22,0.3949,0,Medium
1930331544.0,0200769623,2019-12-29,25676.84,0.324,0,Medium
1930331561.0,0200726979,2019-12-29,476.82,0.6301,1,Medium
1930331568.0,0200726979,2019-12-29,107.17,0.7114,1,High
1930331602.0,0200759878,2019-12-29,14257.87,0.9335,1,High
1930331621.0,0200762301,2019-12-29,122614.3,0.8554,1,High
1930331702.0,0200769623,2019-12-29,683.91,0.34,0,Medium
1930331704.0,0200769623,2019-12-29,87.39,0.3919,0,Medium
1930331732.0,0200769623,2019-12-29,2982.64,0.2475,0,Low
1930331735.0,0200769623,2019-12-29,4326.83,0.24,0,Low
1930331802.0,0200769623,2019-12-29,45013.86,0.0971,0,Low
1930331865.0,0200726979,2019-12-29,143.76,0.7169,1,High
1930331938.0,200726979,2019-12-29,283.99,0.528,1,Medium
1930332020.0,0200769623,2019-12-29,1084.28,0.2988,0,Low
1930332025.0,200726979,2019-12-29,31.56,0.5022,1,Medium
1930332035.0,0200726979,2019-12-29,15669.81,0.597,1,Medium
1930332045.0,0200750051,2019-12-29,44508.29,0.655,1,Medium
1930332159.0,0200792734,2019-12-29,87087.09,0.5591,1,Medium
1930332420.0,0100031704,2019-12-29,96455.07,0.9204,1,High
1930332835.0,0200707822,2019-12-29,38343.98,0.4005,0,Medium
1930332918.0,0200769623,2019-12-29,4272.16,0.24,0,Low
1930333313.0,0200795490,2019-12-29,54044.24,0.9895,1,High
1930333504.0,0200721222,2019-12-29,111533.54,0.6719,1,Medium
2960603590.0,0140104249,2019-12-29,65029.47,0.9627,1,High
2960603671.0,0140105686,2019-12-29,8353.86,0.9672,1,High
2960604065.0,0140105847,2019-12-29,71670.67,0.9283,1,High
2960604430.0,140104429,2019-12-29,10946.55,0.899,1,High
1930320967.0,0200794332,2019-12-30,14724.04,0.2504,0,Low
1930322772.0,CCU002,2019-12-30,12003.84,0.739,1,High
1930322865.0,0200965912,2019-12-30,23013.57,0.3579,0,Medium
1930324971.0,0200793122,2019-12-30,25585.94,0.1058,0,Low
1930327783.0,0200794332,2019-12-30,61711.1,0.259,0,Low
1930328904.0,0200725421,2019-12-30,29604.62,0.2159,0,Low
1930329073.0,0200711029,2019-12-30,51635.12,0.3119,0,Medium
1930329252.0,0200769623,2019-12-30,123.23,0.211,0,Low
1930329317.0,0200759878,2019-12-30,121117.98,0.1083,0,Low
1930329391.0,0200794332,2019-12-30,30220.01,0.2154,0,Low
1930329398.0,0200357714,2019-12-30,84670.5,0.7885,1,High
1930329667.0,0200769623,2019-12-30,13166.37,0.3023,0,Medium
1930329997.0,0200769623,2019-12-30,14056.47,0.1742,0,Low
1930330062.0,0200726979,2019-12-30,613.22,0.3936,0,Medium
1930330099.0,0200772670,2019-12-30,46063.78,0.6735,1,Medium
1930330161.0,0200769623,2019-12-30,6965.79,0.2949,0,Low
1930330561.0,0200769623,2019-12-30,73057.53,0.0564,0,Low
1930330893.0,0200769623,2019-12-30,2052.33,0.1563,0,Low
1930331143.0,0100008001,2019-12-30,26919.65,0.294,0,Low
1930331344.0,0200762301,2019-12-30,19324.19,0.2771,0,Low
1930331347.0,0200980828,2019-12-30,29564.64,0.1595,0,Low
1930331413.0,0200794332,2019-12-30,17779.61,0.1923,0,Low
1930331480.0,0200778870,2019-12-30,7345.46,0.9635,1,High
1930331604.0,0200726979,2019-12-30,16378.65,0.3837,0,Medium
1930331686.0,0200769623,2019-12-30,5625.41,0.1771,0,Low
1930331709.0,0200705372,2019-12-30,49918.92,0.357,0,Medium
1930331724.0,0200769623,2019-12-30,33869.0,0.1297,0,Low
1930331763.0,200762950,2019-12-30,76279.79,0.3686,0,Medium
1930331855.0,0200793088,2019-12-30,20574.03,0.1206,0,Low
1930331856.0,0200762301,2019-12-30,23029.15,0.2727,0,Low
1930331881.0,0200755701,2019-12-30,114290.58,0.3082,0,Medium
1930332002.0,0200769623,2019-12-30,32322.84,0.1825,0,Low
1930332089.0,0200726979,2019-12-30,799.59,0.4022,0,Medium
1930332096.0,0200769623,2019-12-30,14694.59,0.1563,0,Low
1930332657.0,0200707822,2019-12-30,90857.4,0.179,0,Low
1930332665.0,0200705742,2019-12-30,16751.53,0.1475,0,Low
1930332737.0,0200723794,2019-12-30,134414.23,0.2345,0,Low
1930332844.0,0200726979,2019-12-30,670.36,0.4091,0,Medium
1930332880.0,0200936373,2019-12-30,763.91,0.7231,1,High
1930332884.0,0200769623,2019-12-30,22799.37,0.1988,0,Low
1930332939.0,200726979,2019-12-30,180.75,0.2592,0,Low
1930333038.0,0200743129,2019-12-30,2878.01,0.3083,0,Medium
1930333127.0,0200769623,2019-12-30,17460.3,0.195,0,Low
1930333135.0,0200744019,2019-12-30,124492.5,0.7044,1,High
1930333181.0,0200769623,2019-12-30,45957.07,0.083,0,Low
1930333221.0,0200726979,2019-12-30,60.78,0.373,0,Medium
1930333310.0,0200714710,2019-12-30,23518.23,0.7112,1,High
1930333353.0,0200777735,2019-12-30,80626.47,0.1167,0,Low
1930333448.0,0200729942,2019-12-30,7584.23,0.2988,0,Low
1930333619.0,0200777735,2019-12-30,83585.51,0.1127,0,Low
1930333736.0,0200793513,2019-12-30,52235.03,0.3176,0,Medium
1930333820.0,0200729942,2019-12-30,4084.22,0.3159,0,Medium
1930333821.0,0200729942,2019-12-30,8816.81,0.3016,0,Medium
1930333851.0,0200705742,2019-12-30,24097.49,0.1511,0,Low
1930333853.0,0200783609,2019-12-30,15454.41,0.9498,1,High
1930333934.0,0100006311,2019-12-30,18740.94,0.1769,0,Low
1930335187.0,0200795490,2019-12-30,144990.55,0.9311,1,High
1930335266.0,0200078795,2019-12-30,1691.92,0.3191,0,Medium
1930336256.0,0200980828,2019-12-30,67342.32,0.1205,0,Low
1930336274.0,0200756072,2019-12-30,27466.25,0.3809,0,Medium
1930336275.0,0200900909,2019-12-30,18138.89,0.7427,1,High
1930336988.0,0200936373,2019-12-30,18375.58,0.6355,1,Medium
1930337105.0,0200881076,2019-12-30,19846.19,0.3372,0,Medium
1930337109.0,0200714710,2019-12-30,43444.63,0.7368,1,High
1930337145.0,0200762301,2019-12-30,74721.27,0.2503,0,Low
1930337175.0,0200875006,2019-12-30,128584.97,0.2538,0,Low
1930337205.0,0200729942,2019-12-30,14179.9,0.2816,0,Low
1930338026.0,0200974851,2019-12-30,5070.91,0.2979,0,Low
1930341724.0,0200726979,2019-12-30,374.93,0.3735,0,Medium
1930347108.0,0100056244,2019-12-30,57420.0,0.6663,1,Medium
2960603389.0,0140104223,2019-12-30,28629.51,0.8275,1,High
2960603820.0,0140105847,2019-12-30,92441.27,0.4337,0,Medium
2960604556.0,0140104550,2019-12-30,76987.52,0.8934,1,High
2960604742.0,0140104285,2019-12-30,47277.29,0.3999,0,Medium
2960604744.0,0140104423,2019-12-30,70088.68,0.3289,0,Medium
1930303363.0,0200279964,2019-12-31,17223.59,0.4724,1,Medium
1930316890.0,0200982290,2019-12-31,27712.8,0.1433,0,Low
1930319077.0,0200739006,2019-12-31,17133.5,0.2336,0,Low
1930326214.0,0200337148,2019-12-31,3396.2,0.1802,0,Low
1930328070.0,0200794332,2019-12-31,14321.78,0.158,0,Low
1930331425.0,200769623,2019-12-31,16280.77,0.2267,0,Low
1930332049.0,0200739006,2019-12-31,21300.0,0.2243,0,Low
1930332061.0,0200769623,2019-12-31,1355.36,0.1813,0,Low
1930332091.0,200769623,2019-12-31,10188.08,0.3298,0,Medium
1930332118.0,0200769623,2019-12-31,55239.0,0.18,0,Low
1930332119.0,0200769623,2019-12-31,1017.41,0.2413,0,Low
1930332239.0,0200744019,2019-12-31,19312.37,0.6124,1,Medium
1930332528.0,0200769623,2019-12-31,679.41,0.2477,0,Low
1930332773.0,0200769623,2019-12-31,61985.03,0.2145,0,Low
1930333013.0,200769623,2019-12-31,27807.75,0.2215,0,Low
1930333070.0,0200793568,2019-12-31,105489.86,0.6076,1,Medium
1930333080.0,0200790107,2019-12-31,41205.36,0.3517,0,Medium
1930333126.0,200769623,2019-12-31,54331.2,0.2054,0,Low
1930333205.0,0200769623,2019-12-31,2237.43,0.1544,0,Low
1930333243.0,0200769623,2019-12-31,6405.97,0.1936,0,Low
1930333269.0,0200769623,2019-12-31,71.11,0.2135,0,Low
1930333294.0,0200759878,2019-12-31,14149.93,0.7071,1,High
1930333398.0,0200466603,2019-12-31,61462.19,0.2647,0,Low
1930333419.0,0200769623,2019-12-31,22443.77,0.2004,0,Low
1930333796.0,0200762301,2019-12-31,110752.13,0.2434,0,Low
1930333844.0,0200762301,2019-12-31,39471.59,0.2426,0,Low
1930333857.0,0200743996,2019-12-31,17210.97,0.4678,1,Medium
1930334934.0,0200744019,2019-12-31,33002.39,0.6473,1,Medium
1930335165.0,0200769623,2019-12-31,64225.5,0.176,0,Low
1930335284.0,0200769623,2019-12-31,15384.39,0.1344,0,Low
1930336303.0,0200771157,2019-12-31,63899.13,0.337,0,Medium
1930336657.0,200799367,2019-12-31,86643.25,0.6685,1,Medium
1930336783.0,0200526831,2019-12-31,92271.11,0.2414,0,Low
1930336879.0,0200744019,2019-12-31,23625.65,0.6264,1,Medium
1930337037.0,0200764795,2019-12-31,26731.82,0.8724,1,High
1930337156.0,0200729828,2019-12-31,100925.18,0.469,1,Medium
1930337169.0,0200769623,2019-12-31,62824.12,0.2145,0,Low
1930337243.0,0200749782,2019-12-31,47971.48,0.2982,0,Low
1930337433.0,0200778870,2019-12-31,83021.5,0.9378,1,High
1930337475.0,0200726979,2019-12-31,168.56,0.3751,0,Medium
1930337754.0,0200744019,2019-12-31,29596.42,0.687,1,Medium
1930337785.0,0200726979,2019-12-31,856.9,0.4035,0,Medium
1930338301.0,0200726979,2019-12-31,733.16,0.4035,0,Medium
1930338624.0,0200729942,2019-12-31,10162.65,0.2439,0,Low
1930338740.0,0200759878,2019-12-31,29337.67,0.7414,1,High
1930338903.0,0200744019,2019-12-31,3480.92,0.6246,1,Medium
1930339003.0,0200769623,2019-12-31,28860.43,0.2263,0,Low
1930339241.0,0200769623,2019-12-31,55909.06,0.18,0,Low
1930339251.0,0200705742,2019-12-31,5755.11,0.0848,0,Low
1930339894.0,0200718130,2019-12-31,2643.4,0.7494,1,High
1930340825.0,0200780383,2019-12-31,143649.72,0.4306,0,Medium
1930341209.0,0200337148,2019-12-31,63877.61,0.1405,0,Low
1930341501.0,0200705742,2019-12-31,7165.61,0.1769,0,Low
1930341503.0,0200705742,2019-12-31,12691.99,0.1718,0,Low
1930341617.0,0100036538,2019-12-31,13824.0,0.072,0,Low
1930341726.0,0200726979,2019-12-31,847.24,0.4035,0,Medium
1930342450.0,0200797452,2019-12-31,951.18,0.664,1,Medium
2960604180.0,0140104429,2019-12-31,42580.61,0.8377,1,High
2960604904.0,0140104440,2019-12-31,160708.82,0.8902,1,High
1930310551.0,0200799367,2020-01-01,9039.47,0.4779,1,Medium
1930316517.0,0200435191,2020-01-01,90747.71,0.1639,0,Low
1930333275.0,0200761734,2020-01-01,14581.54,0.2217,0,Low
1930333340.0,200769623,2020-01-01,3593.88,0.2593,0,Low
1930333529.0,0200769623,2020-01-01,71239.73,0.1459,0,Low
1930333577.0,0200769623,2020-01-01,24215.63,0.4406,0,Medium
1930334987.0,0200729290,2020-01-01,42655.8,0.6392,1,Medium
1930336228.0,CCU013,2020-01-01,8543.6,0.9955,1,High
1930336650.0,0200769623,2020-01-01,9041.32,0.494,1,Medium
1930336794.0,0200726979,2020-01-01,393.3,0.4519,1,Medium
1930336801.0,0200466603,2020-01-01,71193.88,0.2983,0,Low
1930337288.0,0200769623,2020-01-01,21120.47,0.373,0,Medium
1930337673.0,0200769623,2020-01-01,18813.37,0.3714,0,Medium
1930337679.0,0200769623,2020-01-01,142.22,0.4044,0,Medium
1930338053.0,0200769623,2020-01-01,1042.94,0.4426,0,Medium
1930338488.0,0200769623,2020-01-01,12020.94,0.48,1,Medium
1930338578.0,0200466603,2020-01-01,127783.52,0.2687,0,Low
1930338798.0,0200739534,2020-01-01,27753.3,0.6397,1,Medium
1930339013.0,0200418007,2020-01-01,1268.22,0.5062,1,Medium
1930339234.0,0200761734,2020-01-01,23792.09,0.2539,0,Low
1930339578.0,0200769623,2020-01-01,1898.2,0.215,0,Low
1930341057.0,0200726979,2020-01-01,681.08,0.4695,1,Medium
1930341079.0,0200762301,2020-01-01,34573.47,0.2758,0,Low
1930341241.0,0200744019,2020-01-01,69717.63,0.6185,1,Medium
1930341337.0,0200762301,2020-01-01,74939.46,0.2289,0,Low
1930341343.0,0200769623,2020-01-01,829.5,0.4357,0,Medium
1930341346.0,0200769623,2020-01-01,5640.39,0.3554,0,Medium
1930341937.0,0200789344,2020-01-01,12.56,0.5999,1,Medium
1930383243.0,0100054980,2020-01-01,58812.0,0.23,0,Low
1991836592.0,0100050703,2020-01-01,12583.02,0.6436,1,Medium
2960603684.0,0140105847,2020-01-01,9739.5,0.4007,0,Medium
1930324007.0,0200722444,2020-01-02,8126.8,0.5265,1,Medium
1930332760.0,0200738884,2020-01-02,13470.66,0.8444,1,High
1930333039.0,0200769369,2020-01-02,16929.92,0.2347,0,Low
1930333198.0,0200794332,2020-01-02,20557.14,0.1448,0,Low
1930333282.0,0200769623,2020-01-02,1732.34,0.2978,0,Low
1930333375.0,0200799367,2020-01-02,17091.24,0.3551,0,Medium
1930333701.0,0200943275,2020-01-02,32797.24,0.7732,1,High
1930336202.0,CCCA02,2020-01-02,29747.2,0.8584,1,High
1930336233.0,0200764795,2020-01-02,25595.02,0.7969,1,High
1930336778.0,0200769623,2020-01-02,24378.62,0.3605,0,Medium
1930336923.0,0200779906,2020-01-02,10614.12,0.9168,1,High
1930337162.0,200769623,2020-01-02,866.17,0.2613,0,Low
1930337691.0,0200407025,2020-01-02,20391.26,0.2566,0,Low
1930337949.0,0200759878,2020-01-02,7713.07,0.7176,1,High
1930338092.0,0100035877,2020-01-02,17421.41,0.8289,1,High
1930338119.0,0200726979,2020-01-02,227.14,0.4296,0,Medium
1930338312.0,0200721222,2020-01-02,20760.1,0.2523,0,Low
1930338374.0,0200794332,2020-01-02,8041.59,0.2219,0,Low
1930338589.0,0200555117,2020-01-02,273.43,0.4648,1,Medium
1930338736.0,0200794332,2020-01-02,8041.59,0.2219,0,Low
1930338780.0,0100031704,2020-01-02,15300.63,0.4614,1,Medium
1930339193.0,0200714710,2020-01-02,3284.87,0.622,1,Medium
1930340699.0,0200759878,2020-01-02,13768.73,0.7286,1,High
1930340840.0,200726979,2020-01-02,261.73,0.3175,0,Medium
1930340884.0,0200403651,2020-01-02,39187.87,0.169,0,Low
1930341073.0,200769623,2020-01-02,683.91,0.267,0,Low
1930341251.0,0200742521,2020-01-02,20254.22,0.3698,0,Medium
1930341268.0,0200705742,2020-01-02,83525.64,0.1184,0,Low
1930341328.0,0200769623,2020-01-02,38456.92,0.1469,0,Low
1930341355.0,0200705742,2020-01-02,45612.3,0.1195,0,Low
1930341394.0,0200744019,2020-01-02,97386.61,0.4742,1,Medium
1930341461.0,0200434439,2020-01-02,50000.85,0.597,1,Medium
1930341626.0,CCU013,2020-01-02,12449.4,0.9981,1,High
1930342102.0,0200706844,2020-01-02,33036.2,0.2954,0,Low
1930342428.0,0200780383,2020-01-02,165564.5,0.2812,0,Low
1930342498.0,0200711029,2020-01-02,17346.0,0.2449,0,Low
1930342826.0,0100035578,2020-01-02,17627.3,0.5461,1,Medium
1930343011.0,0200723794,2020-01-02,22453.23,0.2345,0,Low
1930343039.0,0200782001,2020-01-02,72070.63,0.2441,0,Low
1930343106.0,0200750051,2020-01-02,54941.45,0.244,0,Low
1930343156.0,0200974851,2020-01-02,1652.21,0.0973,0,Low
1930343187.0,200726979,2020-01-02,230.26,0.3175,0,Medium
1930343354.0,0200769623,2020-01-02,485.06,0.3995,0,Medium
1930344389.0,0200239403,2020-01-02,2851.2,0.6361,1,Medium
1930345907.0,0200788848,2020-01-02,12481.15,0.2402,0,Low
1930346025.0,0200739534,2020-01-02,4995.38,0.5351,1,Medium
1930346031.0,0200974851,2020-01-02,1119.67,0.1178,0,Low
1930346036.0,0200723794,2020-01-02,1641.94,0.2857,0,Low
1930346040.0,0200785971,2020-01-02,18840.32,0.8502,1,High
1930346900.0,0200865666,2020-01-02,2069.66,0.1182,0,Low
1930346918.0,0200780383,2020-01-02,16014.09,0.476,1,Medium
1930346930.0,0200763814,2020-01-02,25205.81,0.7427,1,High
1930347168.0,0200769623,2020-01-02,629.67,0.4011,0,Medium
1930347242.0,0200881076,2020-01-02,86230.75,0.228,0,Low
1930347596.0,0200920735,2020-01-02,154601.34,0.2346,0,Low
1930347704.0,0200748108,2020-01-02,37714.1,0.4366,0,Medium
1930348007.0,0200706844,2020-01-02,24148.46,0.2975,0,Low
1930348204.0,0200769623,2020-01-02,47009.34,0.1836,0,Low
1991837020.0,0100011958,2020-01-02,784.0,0.427,0,Medium
1991837325.0,0140103409,2020-01-02,550.76,0.0543,0,Low
2960604474.0,0140104552,2020-01-02,120797.52,0.4126,0,Medium
2960604477.0,0140104552,2020-01-02,2766.96,0.3431,0,Medium
2960604820.0,0140118172,2020-01-02,147859.04,0.1182,0,Low
2960605044.0,0140105847,2020-01-02,10625.95,0.8351,1,High
1930328977.0,0200799367,2020-01-03,8832.63,0.8931,1,High
1930332194.0,0200722444,2020-01-03,5041.08,0.5515,1,Medium
1930332509.0,0200799367,2020-01-03,26750.95,0.8886,1,High
1930333186.0,0200794332,2020-01-03,15755.28,0.263,0,Low
1930333878.0,0200748108,2020-01-03,14780.25,0.9115,1,High
1930333902.0,CCU002,2020-01-03,42615.55,0.859,1,High
1930334946.0,0100049079,2020-01-03,14061.21,0.8729,1,High
1930336896.0,0200760666,2020-01-03,26748.59,0.8999,1,High
1930337157.0,0200769623,2020-01-03,19741.36,0.4184,0,Medium
1930338091.0,0200769623,2020-01-03,15092.12,0.3317,0,Medium
1930338308.0,100032505,2020-01-03,3470.2,0.7585,1,High
1930338477.0,0200741174,2020-01-03,7731.02,0.964,1,High
1930338738.0,0200799367,2020-01-03,89148.07,0.8683,1,High
1930338759.0,0200794332,2020-01-03,34607.96,0.2645,0,Low
1930339168.0,0200744019,2020-01-03,108063.0,0.8648,1,High
1930340842.0,0200769623,2020-01-03,72934.61,0.1261,0,Low
1930341045.0,0200769623,2020-01-03,11520.17,0.6508,1,Medium
1930341128.0,0200712349,2020-01-03,16344.81,0.2679,0,Low
1930341172.0,0200769623,2020-01-03,48326.75,0.2038,0,Low
1930341178.0,0200769623,2020-01-03,32.36,0.4622,1,Medium
1930341480.0,0200769623,2020-01-03,13458.35,0.4219,0,Medium
1930341762.0,0200769623,2020-01-03,67892.12,0.3056,0,Medium
1930342019.0,0200769623,2020-01-03,17707.02,0.4049,0,Medium
1930342098.0,0200769623,2020-01-03,629.67,0.5414,1,Medium
1930342200.0,0200762301,2020-01-03,18558.12,0.8744,1,High
1930342231.0,0100030565,2020-01-03,59992.0,0.8767,1,High
1930342614.0,0200749225,2020-01-03,67031.18,0.8913,1,High
1930342629.0,0200759878,2020-01-03,14013.31,0.9495,1,High
1930342641.0,0200793568,2020-01-03,5292.86,0.9188,1,High
1930342677.0,0200764795,2020-01-03,6444.9,0.9227,1,High
1930342817.0,0200749225,2020-01-03,49763.45,0.8982,1,High
1930342822.0,0200455322,2020-01-03,52609.5,0.9306,1,High
1930343030.0,200726979,2020-01-03,270.2,0.8647,1,High
1930343031.0,0200769623,2020-01-03,23570.57,0.4641,1,Medium
1930343094.0,0200769623,2020-01-03,54339.22,0.3178,0,Medium
1930343569.0,0200696090,2020-01-03,4280.44,0.9199,1,High
1930343581.0,0200769623,2020-01-03,48348.18,0.2038,0,Low
1930343598.0,0200230690,2020-01-03,8386.68,0.2773,0,Low
1930343605.0,0200762301,2020-01-03,64112.14,0.902,1,High
1930343620.0,0200744019,2020-01-03,7014.89,0.9074,1,High
1930344133.0,200769623,2020-01-03,7032.23,0.332,0,Medium
1930346022.0,200769623,2020-01-03,75097.91,0.1334,0,Low
1930346168.0,200769623,2020-01-03,51682.51,0.213,0,Low
1930346720.0,0200592182,2020-01-03,2388.78,0.0138,0,Low
1930346835.0,0200782669,2020-01-03,36038.55,0.9679,1,High
1930346851.0,0200780383,2020-01-03,118376.07,0.902,1,High
1930346866.0,200769623,2020-01-03,11818.44,0.3134,0,Medium
1930346915.0,0200780383,2020-01-03,54614.3,0.9363,1,High
1930346946.0,0200762301,2020-01-03,3748.82,0.9097,1,High
1930346961.0,0200705372,2020-01-03,51766.01,0.8997,1,High
1930346982.0,200726979,2020-01-03,634.17,0.8595,1,High
1930347013.0,200769623,2020-01-03,28779.44,0.2981,0,Low
1930347015.0,0200744019,2020-01-03,21649.33,0.8664,1,High
1930347103.0,0200148860,2020-01-03,126882.86,0.518,1,Medium
1930347162.0,200726979,2020-01-03,282.38,0.8647,1,High
1930347232.0,0200230690,2020-01-03,428.61,0.0142,0,Low
1930347236.0,0200230690,2020-01-03,16862.0,0.6362,1,Medium
1930347288.0,200726979,2020-01-03,245.59,0.8647,1,High
1930347374.0,0200726979,2020-01-03,94.89,0.9322,1,High
1930347392.0,0200743123,2020-01-03,2121.61,0.8707,1,High
1930347431.0,0200769623,2020-01-03,24166.84,0.4626,1,Medium
1930347451.0,0200920735,2020-01-03,105959.58,0.8629,1,High
1930347712.0,0200747369,2020-01-03,20165.72,0.8652,1,High
1930347958.0,0200744019,2020-01-03,45278.44,0.8856,1,High
1930348025.0,0200779111,2020-01-03,495.86,0.4817,1,Medium
1930348408.0,0200357714,2020-01-03,47225.71,0.9196,1,High
1930348492.0,0200714710,2020-01-03,37042.39,0.9113,1,High
1930348553.0,0200254284,2020-01-03,20161.44,0.7607,1,High
1930348604.0,0200762301,2020-01-03,991.23,0.9342,1,High
1930348614.0,0200705985,2020-01-03,17553.8,0.8269,1,High
1930348650.0,0200434439,2020-01-03,80502.37,0.9307,1,High
1930348709.0,0200769623,2020-01-03,37711.99,0.1711,0,Low
1930348729.0,0200792734,2020-01-03,17608.52,0.7778,1,High
1930349110.0,0200759878,2020-01-03,13387.04,0.9566,1,High
1930349200.0,CCU013,2020-01-03,14861.16,0.9978,1,High
1930349309.0,0200769623,2020-01-03,471.56,0.5316,1,Medium
1930349423.0,0200763814,2020-01-03,19960.97,0.8341,1,High
1930349429.0,0200557600,2020-01-03,3531.49,0.6892,1,Medium
1930349466.0,0200705742,2020-01-03,4024.29,0.1412,0,Low
1930350566.0,0200739534,2020-01-03,61180.56,0.9262,1,High
1930351610.0,200744019,2020-01-03,70386.16,0.8795,1,High
1930351913.0,0200772670,2020-01-03,1876.33,0.9279,1,High
1930352231.0,0200772595,2020-01-03,98299.21,0.907,1,High
1930352308.0,0200761734,2020-01-03,119064.61,0.3139,0,Medium
1930353171.0,0200769623,2020-01-03,943.12,0.5207,1,Medium
1930353433.0,0200707822,2020-01-03,10585.27,0.9152,1,High
1930353500.0,0200762301,2020-01-03,153943.19,0.8362,1,High
1930353725.0,0200707822,2020-01-03,67935.23,0.8883,1,High
1930384454.0,0100054980,2020-01-03,45470.26,0.3076,0,Medium
1991837345.0,CC6000,2020-01-03,7096.55,0.9267,1,High
2960604395.0,0140104423,2020-01-03,143247.5,0.7193,1,High
2960604570.0,0140104429,2020-01-03,54296.45,0.809,1,High
2960604635.0,0140104440,2020-01-03,23442.83,0.964,1,High
2960604636.0,CCU001,2020-01-03,28220.4,0.8917,1,High
2960604638.0,0140106372,2020-01-03,25520.63,0.9249,1,High
2960604826.0,0140104423,2020-01-03,30377.47,0.7296,1,High
2960604836.0,0140105508,2020-01-03,31076.74,0.8679,1,High
2960605061.0,0140105000,2020-01-03,122.4,0.4496,0,Medium
2960605120.0,0140104429,2020-01-03,24823.57,0.7305,1,High
2960605203.0,0140106181,2020-01-03,1434.75,0.9026,1,High
2960605206.0,0140104409,2020-01-03,8967.97,0.8418,1,High
2960605210.0,0140104440,2020-01-03,76259.93,0.9532,1,High
2960605300.0,0140104409,2020-01-03,4536.0,0.7579,1,High
2960605404.0,CCU001,2020-01-03,29330.4,0.8899,1,High
1930336796.0,CCU002,2020-01-04,52899.39,0.8748,1,High
1930340889.0,0200769623,2020-01-04,5600.41,0.3932,0,Medium
1930341982.0,0200769623,2020-01-04,12040.07,0.4599,1,Medium
1930342010.0,0200769623,2020-01-04,12330.18,0.4553,1,Medium
1930342117.0,0200759878,2020-01-04,99268.38,0.7887,1,High
1930342306.0,0200762301,2020-01-04,6143.46,0.9573,1,High
1930342425.0,0200769623,2020-01-04,15043.55,0.3341,0,Medium
1930342661.0,0200744019,2020-01-04,7359.38,0.9316,1,High
1930342693.0,0200769623,2020-01-04,21585.55,0.4199,0,Medium
1930343137.0,0200769623,2020-01-04,41501.46,0.1609,0,Low
1930344788.0,200769623,2020-01-04,39976.94,0.1467,0,Low
1930346182.0,200769623,2020-01-04,13714.18,0.2861,0,Low
1930346672.0,0200704858,2020-01-04,18376.32,0.8952,1,High
1930346695.0,200726979,2020-01-04,224.68,0.8905,1,High
1930346980.0,0200769623,2020-01-04,14893.58,0.3341,0,Medium
1930346994.0,0200794332,2020-01-04,4594.48,0.5032,1,Medium
1930347175.0,0200769623,2020-01-04,1898.2,0.2458,0,Low
1930347354.0,0200466603,2020-01-04,17291.3,0.9503,1,High
1930347365.0,0200769623,2020-01-04,20738.24,0.4429,0,Medium
1930349003.0,0200704858,2020-01-04,132083.41,0.8684,1,High
1930349314.0,0200769623,2020-01-04,43237.07,0.1609,0,Low
1930349427.0,0200769623,2020-01-04,32021.15,0.4449,0,Medium
1930349594.0,0200744019,2020-01-04,45199.57,0.9174,1,High
1930351505.0,0200769623,2020-01-04,64019.99,0.3394,0,Medium
1930351539.0,0200769623,2020-01-04,267.3,0.4786,1,Medium
1930351623.0,0200769623,2020-01-04,683.91,0.5021,1,Medium
1930351755.0,0200744019,2020-01-04,4959.16,0.9252,1,High
1930351863.0,0200794332,2020-01-04,21075.22,0.4259,0,Medium
1930352005.0,0200769623,2020-01-04,28934.04,0.4939,1,Medium
1930352229.0,0200780383,2020-01-04,162553.62,0.9315,1,High
1930352254.0,0200769623,2020-01-04,44992.87,0.165,0,Low
1930352302.0,0200769623,2020-01-04,43345.67,0.1609,0,Low
1930352598.0,0200769623,2020-01-04,56273.52,0.3352,0,Medium
1930352655.0,0200752302,2020-01-04,19436.31,0.9558,1,High
1930352838.0,0200769623,2020-01-04,376.05,0.4856,1,Medium
1930353067.0,0200769623,2020-01-04,4953.83,0.3739,0,Medium
1930353154.0,0200769623,2020-01-04,14750.19,0.3465,0,Medium
1930353346.0,0200707822,2020-01-04,56387.93,0.9536,1,High
1930353443.0,0200769623,2020-01-04,24990.46,0.4838,1,Medium
1930353979.0,0200793830,2020-01-04,129578.8,0.9599,1,High
1930353990.0,0200704045,2020-01-04,30522.42,0.9562,1,High
1930354024.0,0200769623,2020-01-04,15954.18,0.3299,0,Medium
1930354050.0,0200769623,2020-01-04,49839.99,0.2102,0,Low
1930354431.0,0200759878,2020-01-04,32743.85,0.9649,1,High
1930354648.0,0200704045,2020-01-04,10977.44,0.9498,1,High
1930354746.0,0200772595,2020-01-04,114429.2,0.9491,1,High
1930357440.0,0200729290,2020-01-04,76585.31,0.9607,1,High
1930366142.0,0200726979,2020-01-04,138.04,0.9453,1,High
1991837144.0,0140103278,2020-01-04,7073.99,0.9093,1,High
2960604573.0,0140104423,2020-01-04,37194.71,0.8247,1,High
2960604957.0,0140104423,2020-01-04,182786.6,0.8551,1,High
2960605070.0,0140104429,2020-01-04,72903.12,0.7786,1,High
2960605076.0,0140106408,2020-01-04,5479.1,0.9916,1,High
2960605510.0,0140104423,2020-01-04,149605.06,0.8293,1,High
1930347498.0,0200759878,2020-01-05,86245.25,0.5935,1,Medium
1930348029.0,0200769623,2020-01-05,51310.08,0.2552,0,Low
1930348571.0,0200762950,2020-01-05,105100.72,0.5077,1,Medium
1930349294.0,CCU013,2020-01-05,5841.36,0.9977,1,High
1930349484.0,0200769623,2020-01-05,4272.16,0.3152,0,Medium
1930350479.0,0200759878,2020-01-05,73773.72,0.1861,0,Low
1930351493.0,0200769623,2020-01-05,19404.17,0.409,0,Medium
1930351552.0,CCCA02,2020-01-05,42159.22,0.875,1,High
1930351760.0,0200769623,2020-01-05,5375.45,0.3438,0,Medium
1930352425.0,0100028450,2020-01-05,28778.75,0.9478,1,High
1930352620.0,0200752302,2020-01-05,16889.68,0.7047,1,High
1930352684.0,0200769623,2020-01-05,7260.88,0.4426,0,Medium
1930353093.0,0200769623,2020-01-05,95450.9,0.0919,0,Low
1930353508.0,0200769623,2020-01-05,11755.37,0.4252,0,Medium
1930353519.0,0200756072,2020-01-05,28533.28,0.6017,1,Medium
1930353533.0,0200759878,2020-01-05,301.79,0.8618,1,High
1930353880.0,0200769623,2020-01-05,56003.75,0.286,0,Low
1930354240.0,0200769623,2020-01-05,54743.89,0.2805,0,Low
1930354468.0,0200769623,2020-01-05,26156.32,0.4728,1,Medium
1930354628.0,0200769623,2020-01-05,25376.66,0.4563,1,Medium
1930354910.0,0200769623,2020-01-05,68567.42,0.2746,0,Low
1930355101.0,0200769623,2020-01-05,91.07,0.3932,0,Medium
1930355239.0,0200769623,2020-01-05,16441.95,0.2884,0,Low
1930355240.0,0200769623,2020-01-05,44162.0,0.1416,0,Low
1930355304.0,0200769623,2020-01-05,14751.82,0.3038,0,Medium
1930355315.0,0200769623,2020-01-05,37457.35,0.1416,0,Low
1930355414.0,0200769623,2020-01-05,20505.61,0.4126,0,Medium
1930355415.0,0200769623,2020-01-05,5731.85,0.3438,0,Medium
1930355467.0,0200721530,2020-01-05,39669.38,0.3195,0,Medium
1930355679.0,0200726979,2020-01-05,448.37,0.6197,1,Medium
1930355857.0,0200769623,2020-01-05,9845.22,0.4937,1,Medium
1930355914.0,0200726979,2020-01-05,570.94,0.6074,1,Medium
1930356427.0,0200762301,2020-01-05,24086.61,0.8469,1,High
1930356482.0,0200792734,2020-01-05,6033.42,0.6055,1,Medium
1930356538.0,0200759878,2020-01-05,31079.31,0.9408,1,High
1930356875.0,0200759082,2020-01-05,81698.93,0.9051,1,High
1930356927.0,0200707822,2020-01-05,59174.26,0.5092,1,Medium
1930357075.0,0200794332,2020-01-05,16720.83,0.4215,0,Medium
1930361736.0,0200763814,2020-01-05,611.58,0.7655,1,High
1930361737.0,0200763814,2020-01-05,6141.63,0.8125,1,High
1930365427.0,0200726979,2020-01-05,293.83,0.6197,1,Medium
1930365790.0,0200726979,2020-01-05,538.26,0.6114,1,Medium
1930365921.0,0200726979,2020-01-05,231.31,0.6312,1,Medium
1930366210.0,0200726979,2020-01-05,63.48,0.6101,1,Medium
2960604663.0,0140104429,2020-01-05,29139.42,0.8303,1,High
2960605139.0,0140106408,2020-01-05,9037.35,0.9949,1,High
2960605231.0,0140106408,2020-01-05,122287.15,0.9776,1,High
2960605240.0,0140104950,2020-01-05,7255.25,0.8328,1,High
2960605604.0,0140106293,2020-01-05,302.2,0.4675,1,Medium
1930333604.0,0200756072,2020-01-06,3730.5,0.5067,1,Medium
1930338048.0,0200763814,2020-01-06,627.25,0.5984,1,Medium
1930339167.0,CCU013,2020-01-06,603.61,0.9908,1,High
1930341546.0,0200956366,2020-01-06,60492.96,0.1885,0,Low
1930342332.0,0200712105,2020-01-06,5203.94,0.8045,1,High
1930342513.0,CCU013,2020-01-06,13876.71,0.9985,1,High
1930343140.0,CCU013,2020-01-06,3137.2,0.9972,1,High
1930344180.0,CCU013,2020-01-06,216.96,0.9929,1,High
1930347557.0,0200762301,2020-01-06,31450.29,0.2798,0,Low
1930348469.0,0200794332,2020-01-06,61646.9,0.189,0,Low
1930349298.0,0200759878,2020-01-06,36617.33,0.6824,1,Medium
1930349469.0,0200794332,2020-01-06,12166.48,0.2382,0,Low
1930351958.0,0200759878,2020-01-06,18900.98,0.7438,1,High
1930352362.0,0200769623,2020-01-06,49792.9,0.1623,0,Low
1930352383.0,0200799367,2020-01-06,53915.87,0.3946,0,Medium
1930352677.0,0200794332,2020-01-06,14954.52,0.1727,0,Low
1930353326.0,0200935607,2020-01-06,33273.83,0.5972,1,Medium
1930353327.0,0200736337,2020-01-06,5514.95,0.8532,1,High
1930353366.0,0200943275,2020-01-06,74920.29,0.6432,1,Medium
1930353526.0,0200762301,2020-01-06,7814.71,0.3012,0,Medium
1930353558.0,0200769623,2020-01-06,59194.43,0.2507,0,Low
1930354647.0,0200571849,2020-01-06,33826.03,0.7567,1,High
1930354735.0,0200820380,2020-01-06,36476.59,0.3242,0,Medium
1930355060.0,0200704858,2020-01-06,29556.09,0.2626,0,Low
1930355072.0,0200769623,2020-01-06,396.68,0.3981,0,Medium
1930355244.0,0200726979,2020-01-06,262.29,0.4157,0,Medium
1930355431.0,0200769623,2020-01-06,10362.61,0.4592,1,Medium
1930355480.0,0200763489,2020-01-06,85293.81,0.1799,0,Low
1930355529.0,0200772595,2020-01-06,48419.44,0.3169,0,Medium
1930355674.0,0200726979,2020-01-06,432.85,0.4015,0,Medium
1930356455.0,200290370,2020-01-06,19004.8,0.8206,1,High
1930356545.0,0200769623,2020-01-06,44951.14,0.1258,0,Low
1930356547.0,0200769623,2020-01-06,7555.14,0.4049,0,Medium
1930356555.0,0200799367,2020-01-06,86965.76,0.3375,0,Medium
1930356568.0,0200148860,2020-01-06,16578.78,0.1683,0,Low
1930356581.0,0200714710,2020-01-06,2389.17,0.6173,1,Medium
1930356664.0,0200920735,2020-01-06,22450.17,0.1951,0,Low
1930356697.0,0200881076,2020-01-06,172627.88,0.1611,0,Low
1930356782.0,0200705742,2020-01-06,43257.07,0.1256,0,Low
1930356784.0,0200769623,2020-01-06,64036.99,0.2285,0,Low
1930356787.0,0200776463,2020-01-06,133482.04,0.2391,0,Low
1930356915.0,0200769623,2020-01-06,7909.76,0.4027,0,Medium
1930356957.0,0200722444,2020-01-06,40796.09,0.2889,0,Low
1930356974.0,0200197349,2020-01-06,16904.0,0.3832,0,Medium
1930356993.0,0200002965,2020-01-06,755.28,0.0401,0,Low
1930357036.0,0200769623,2020-01-06,7617.25,0.4049,0,Medium
1930357038.0,0200769623,2020-01-06,595.09,0.356,0,Medium
1930357070.0,0200759878,2020-01-06,29090.22,0.7965,1,High
1930357077.0,0200769623,2020-01-06,27910.7,0.3642,0,Medium
1930357108.0,0200705742,2020-01-06,3520.2,0.1401,0,Low
1930357130.0,0200759878,2020-01-06,29950.98,0.7909,1,High
1930357186.0,0200020431,2020-01-06,6378.8,0.4462,0,Medium
1930357190.0,0200020431,2020-01-06,1640.06,0.0144,0,Low
1930357194.0,0200230690,2020-01-06,141.6,0.0086,0,Low
1930357219.0,0200712102,2020-01-06,40643.0,0.9395,1,High
1930357244.0,0200772595,2020-01-06,545.85,0.4939,1,Medium
1930357257.0,0200739534,2020-01-06,40445.01,0.5968,1,Medium
1930357336.0,0200793568,2020-01-06,123995.73,0.4576,1,Medium
1930357337.0,0200793568,2020-01-06,31814.74,0.6417,1,Medium
1930357357.0,0200407025,2020-01-06,602.89,0.4879,1,Medium
1930357403.0,0200726979,2020-01-06,500.45,0.375,0,Medium
1930357555.0,0200769623,2020-01-06,40033.15,0.1226,0,Low
1930357678.0,0200416837,2020-01-06,3273.09,0.0176,0,Low
1930357705.0,0200705742,2020-01-06,69156.94,0.136,0,Low
1930357823.0,0200705742,2020-01-06,6014.29,0.1308,0,Low
1930357920.0,0200780849,2020-01-06,13694.41,0.2367,0,Low
1930357989.0,0200705742,2020-01-06,1378.55,0.1316,0,Low
1930358004.0,0200705742,2020-01-06,471.04,0.1037,0,Low
1930358059.0,200230690,2020-01-06,18877.74,0.6298,1,Medium
1930358063.0,0200416837,2020-01-06,371.56,0.265,0,Low
1930358084.0,CCU013,2020-01-06,12297.6,0.9984,1,High
1930358138.0,0200020431,2020-01-06,7622.26,0.2879,0,Low
1930358141.0,0200020431,2020-01-06,1244.4,0.0129,0,Low
1930358148.0,0200230690,2020-01-06,35782.12,0.3143,0,Medium
1930358149.0,0200230690,2020-01-06,16954.88,0.0169,0,Low
1930358162.0,0200230690,2020-01-06,1686.2,0.015,0,Low
1930358181.0,CCU013,2020-01-06,10387.6,0.9981,1,High
1930358191.0,0200416837,2020-01-06,8797.74,0.0196,0,Low
1930358199.0,0200020431,2020-01-06,4440.87,0.0141,0,Low
1930358253.0,0200020431,2020-01-06,7642.84,0.4476,0,Medium
1930358271.0,200416837,2020-01-06,9523.88,0.7413,1,High
1930358281.0,200230690,2020-01-06,33.12,0.3121,0,Medium
1930358316.0,0200020431,2020-01-06,3408.2,0.014,0,Low
1930358341.0,0200230690,2020-01-06,5273.26,0.0166,0,Low
1930358421.0,0200020431,2020-01-06,4553.86,0.0141,0,Low
1930358429.0,0200416837,2020-01-06,2175.46,0.0182,0,Low
1930358430.0,0200416837,2020-01-06,4469.7,0.3166,0,Medium
1930358608.0,0200416837,2020-01-06,4063.24,0.3166,0,Medium
1930358611.0,0200416837,2020-01-06,595.26,0.0112,0,Low
1930358634.0,0200020431,2020-01-06,4364.16,0.0141,0,Low
1930360066.0,0200799538,2020-01-06,104586.31,0.4785,1,Medium
1930361157.0,0200895843,2020-01-06,36621.5,0.7196,1,High
1930361734.0,0200779051,2020-01-06,137298.27,0.0372,0,Low
1930361751.0,CCU013,2020-01-06,17701.32,0.9979,1,High
1930361965.0,0200772670,2020-01-06,3992.84,0.5746,1,Medium
1930362244.0,0200772670,2020-01-06,60088.9,0.5474,1,Medium
1930363538.0,0200769623,2020-01-06,26548.09,0.3566,0,Medium
1930363584.0,0200772670,2020-01-06,5949.67,0.5756,1,Medium
1930363862.0,0200739941,2020-01-06,9221.46,0.6154,1,Medium
1930364218.0,0200726979,2020-01-06,14891.73,0.4044,0,Medium
1930364709.0,0200707741,2020-01-06,91714.82,0.3138,0,Medium
1930364725.0,0200706844,2020-01-06,64485.34,0.2306,0,Low
1930365452.0,0200726979,2020-01-06,253.26,0.4157,0,Medium
1930365542.0,0100015557,2020-01-06,4783.97,0.3701,0,Medium
1991836688.0,0100036060,2020-01-06,24643.72,0.7949,1,High
1991837508.0,0140101682,2020-01-06,11420.48,0.9284,1,High
2960604973.0,0140105686,2020-01-06,9254.2,0.9589,1,High
2960604981.0,0140105785,2020-01-06,6238.08,0.9824,1,High
2960605236.0,0140105686,2020-01-06,64985.94,0.9616,1,High
2960605455.0,0140105785,2020-01-06,28968.8,0.9877,1,High
2960605624.0,0140106372,2020-01-06,70955.18,0.396,0,Medium
1930333338.0,0200714710,2020-01-07,5594.75,0.6401,1,Medium
1930333798.0,0200418007,2020-01-07,3034.29,0.3812,0,Medium
1930342847.0,0200793888,2020-01-07,22082.28,0.8182,1,High
1930342892.0,0200741174,2020-01-07,24358.12,0.9146,1,High
1930343067.0,0200782669,2020-01-07,14659.19,0.8315,1,High
1930346193.0,CCU013,2020-01-07,15168.42,0.9987,1,High
1930347846.0,0200794332,2020-01-07,37092.39,0.1222,0,Low
1930349324.0,0200792105,2020-01-07,8222.0,0.647,1,Medium
1930352374.0,0200769623,2020-01-07,63997.57,0.2094,0,Low
1930352396.0,0200762301,2020-01-07,102054.2,0.1677,0,Low
1930353005.0,0200705089,2020-01-07,3012.43,0.213,0,Low
1930353431.0,0200793088,2020-01-07,42420.67,0.0709,0,Low
1930354728.0,0200707005,2020-01-07,138626.77,0.2125,0,Low
1930356672.0,0200769623,2020-01-07,311.84,0.3176,0,Medium
1930356719.0,0100031704,2020-01-07,68499.99,0.4145,0,Medium
1930356763.0,0200769623,2020-01-07,41531.35,0.1078,0,Low
1930356877.0,0200769623,2020-01-07,59090.58,0.2245,0,Low
1930357494.0,0200519201,2020-01-07,239974.72,0.3018,0,Medium
1930357510.0,0200769623,2020-01-07,41699.44,0.1078,0,Low
1930357640.0,0200769623,2020-01-07,19339.38,0.2681,0,Low
1930357719.0,0200726979,2020-01-07,638.03,0.3594,0,Medium
1930357839.0,0200920735,2020-01-07,95115.26,0.1766,0,Low
1930357843.0,0200794332,2020-01-07,34735.78,0.1329,0,Low
1930357847.0,0200762301,2020-01-07,11832.39,0.2672,0,Low
1930357888.0,0200762301,2020-01-07,83653.8,0.1788,0,Low
1930357915.0,0100043936,2020-01-07,18135.88,0.8216,1,High
1930357917.0,0200455322,2020-01-07,53787.5,0.9335,1,High
1930358125.0,0200741174,2020-01-07,57284.04,0.8965,1,High
1930358827.0,0200762301,2020-01-07,67667.97,0.2065,0,Low
1930359717.0,0200769623,2020-01-07,2965.41,0.2051,0,Low
1930359942.0,0200148860,2020-01-07,14776.32,0.1458,0,Low
1930361317.0,0200739006,2020-01-07,31378.89,0.2171,0,Low
1930361399.0,0200803720,2020-01-07,3834.74,0.3752,0,Medium
1930361746.0,0200769623,2020-01-07,54671.37,0.2126,0,Low
1930361892.0,0200290370,2020-01-07,13576.9,0.9524,1,High
1930362062.0,0200769623,2020-01-07,4556.92,0.2153,0,Low
1930363288.0,0200561861,2020-01-07,44121.32,0.1171,0,Low
1930363455.0,0200794332,2020-01-07,20557.14,0.143,0,Low
1930363591.0,0200769623,2020-01-07,4272.86,0.2153,0,Low
1930363805.0,0200782001,2020-01-07,9350.7,0.3081,0,Medium
1930363905.0,CCCA02,2020-01-07,14675.64,0.8554,1,High
1930364001.0,0200739006,2020-01-07,21300.0,0.2006,0,Low
1930364195.0,CCU013,2020-01-07,29316.0,0.9985,1,High
1930364196.0,0200974851,2020-01-07,3044.86,0.1629,0,Low
1930364572.0,0200762301,2020-01-07,95909.38,0.1658,0,Low
1930364651.0,0200571849,2020-01-07,49715.78,0.6372,1,Medium
1930364778.0,0200781803,2020-01-07,2339.8,0.2475,0,Low
1930364862.0,0200772670,2020-01-07,121.11,0.5899,1,Medium
1930365003.0,0200744019,2020-01-07,6836.12,0.5949,1,Medium
1930365029.0,0200793568,2020-01-07,46874.06,0.4802,1,Medium
1930365144.0,0200763814,2020-01-07,15605.1,0.659,1,Medium
1930365217.0,0200071186,2020-01-07,59847.48,0.395,0,Medium
1930365220.0,0200729942,2020-01-07,3449.51,0.2165,0,Low
1930365222.0,0200729942,2020-01-07,1555.28,0.2176,0,Low
1930365263.0,0200739534,2020-01-07,22860.18,0.534,1,Medium
1930365267.0,0100007796,2020-01-07,972.07,0.8259,1,High
1930365384.0,0200803720,2020-01-07,13090.52,0.6348,1,Medium
1930365388.0,0200803720,2020-01-07,449.64,0.0075,0,Low
1930365623.0,0200781803,2020-01-07,1057.37,0.2213,0,Low
1930365674.0,0200762950,2020-01-07,18560.43,0.1742,0,Low
1930365708.0,0200152991,2020-01-07,1147.95,0.1676,0,Low
1930365748.0,0200761734,2020-01-07,145787.82,0.0753,0,Low
1930365814.0,0200781803,2020-01-07,7733.47,0.2384,0,Low
1930365858.0,0200777735,2020-01-07,66839.08,0.1252,0,Low
1930365870.0,0200711029,2020-01-07,50219.21,0.2484,0,Low
1930365901.0,0200738884,2020-01-07,8451.44,0.7948,1,High
1930366003.0,0200803720,2020-01-07,2619.43,0.3637,0,Medium
1930367179.0,0200769623,2020-01-07,1898.2,0.1423,0,Low
1930367250.0,0200729942,2020-01-07,13976.76,0.2221,0,Low
1930367416.0,0200762301,2020-01-07,49580.87,0.2232,0,Low
1930367419.0,0200729942,2020-01-07,3895.98,0.2158,0,Low
1930368384.0,0200714710,2020-01-07,68347.45,0.7108,1,High
1930368406.0,0200557600,2020-01-07,26066.56,0.3945,0,Medium
1930368664.0,0200820380,2020-01-07,4508.4,0.275,0,Low
1930369238.0,0200705742,2020-01-07,72494.84,0.0686,0,Low
1930369657.0,0200707741,2020-01-07,37608.63,0.3817,0,Medium
1930369897.0,CCU013,2020-01-07,3698.2,0.9982,1,High
1930369902.0,0200793568,2020-01-07,607.62,0.5606,1,Medium
1930370367.0,0200875006,2020-01-07,93405.25,0.1636,0,Low
1930370390.0,0200779906,2020-01-07,124720.6,0.886,1,High
1930370822.0,0200741831,2020-01-07,15161.89,0.7236,1,High
1930370877.0,0200900909,2020-01-07,998.63,0.536,1,Medium
1930371637.0,0200769623,2020-01-07,45812.13,0.1107,0,Low
1930380926.0,0200769623,2020-01-07,52658.3,0.1914,0,Low
1930381454.0,0200705742,2020-01-07,19322.82,0.108,0,Low
1930381455.0,0200705742,2020-01-07,6277.64,0.1148,0,Low
1930406601.0,0200799367,2020-01-07,73242.23,0.3118,0,Medium
1991837440.0,0140103470,2020-01-07,46661.63,0.3563,0,Medium
1991837518.0,CC6530,2020-01-07,19732.21,0.9367,1,High
1991837603.0,0140103409,2020-01-07,21040.72,0.0961,0,Low
2960605099.0,0140104429,2020-01-07,83486.77,0.6277,1,Medium
2960605264.0,CCU001,2020-01-07,33023.34,0.907,1,High
2960605323.0,0140106408,2020-01-07,3916.89,0.9884,1,High
2960605547.0,0140104409,2020-01-07,53382.47,0.2865,0,Low
2960605560.0,0140104340,2020-01-07,5716.08,0.8129,1,High
2960605564.0,0140104340,2020-01-07,1200.42,0.7774,1,High
2960605659.0,0140104285,2020-01-07,57094.73,0.5034,1,Medium
2960605680.0,0140105847,2020-01-07,53992.8,0.8254,1,High
2960605731.0,0100030194,2020-01-07,1027.0,0.7144,1,High
2960605809.0,0140104340,2020-01-07,15433.44,0.8386,1,High
1930334018.0,0200673194,2020-01-08,21433.61,0.2462,0,Low
1930346173.0,0100000222,2020-01-08,22259.92,0.1058,0,Low
1930347189.0,0200515231,2020-01-08,33603.27,0.8454,1,High
1930347259.0,0200722444,2020-01-08,2412.66,0.2363,0,Low
1930347868.0,0200769556,2020-01-08,10651.2,0.2493,0,Low
1930348470.0,0200561861,2020-01-08,28769.57,0.1474,0,Low
1930349725.0,0200307138,2020-01-08,58506.0,0.1883,0,Low
1930351528.0,0200418007,2020-01-08,11636.6,0.3168,0,Medium
1930352259.0,0200711029,2020-01-08,5036.54,0.2388,0,Low
1930353628.0,200744019,2020-01-08,12599.3,0.7914,1,High
1930356799.0,0200793513,2020-01-08,19208.47,0.211,0,Low
1930357100.0,0200769623,2020-01-08,6575.76,0.2441,0,Low
1930357241.0,0200764795,2020-01-08,28121.12,0.8007,1,High
1930357316.0,0200769623,2020-01-08,54294.95,0.1991,0,Low
1930357317.0,0200769623,2020-01-08,1017.41,0.3297,0,Medium
1930357354.0,0200742791,2020-01-08,41463.72,0.1415,0,Low
1930357476.0,0200769623,2020-01-08,21178.41,0.2535,0,Low
1930357973.0,0200769623,2020-01-08,7401.59,0.335,0,Medium
1930359494.0,0200306844,2020-01-08,34299.56,0.4504,1,Medium
1930359935.0,0200769623,2020-01-08,1695.68,0.2424,0,Low
1930361308.0,0200777735,2020-01-08,26499.88,0.1395,0,Low
1930362491.0,0200956366,2020-01-08,58394.16,0.1784,0,Low
1930363402.0,0200769623,2020-01-08,6804.59,0.3281,0,Medium
1930363476.0,0200769623,2020-01-08,8330.57,0.3386,0,Medium
1930363732.0,0200752302,2020-01-08,19436.31,0.2869,0,Low
1930363887.0,0200714710,2020-01-08,7530.95,0.7077,1,High
1930364277.0,0200769623,2020-01-08,2440.09,0.2066,0,Low
1930364369.0,0200794332,2020-01-08,12489.97,0.193,0,Low
1930364569.0,0200707741,2020-01-08,37116.01,0.2967,0,Low
1930364627.0,0200762301,2020-01-08,20211.37,0.1981,0,Low
1930364704.0,0200794332,2020-01-08,20557.14,0.1322,0,Low
1930364732.0,200744019,2020-01-08,11595.62,0.7855,1,High
1930364760.0,0200704858,2020-01-08,42420.67,0.148,0,Low
1930364911.0,0200769623,2020-01-08,27497.1,0.3003,0,Medium
1930365302.0,0200743123,2020-01-08,19264.07,0.1988,0,Low
1930365648.0,200726979,2020-01-08,937.99,0.2251,0,Low
1930365958.0,200726979,2020-01-08,365.88,0.2205,0,Low
1930365965.0,0200769623,2020-01-08,40570.11,0.1001,0,Low
1930366204.0,0200769623,2020-01-08,47927.77,0.1212,0,Low
1930368521.0,0200759878,2020-01-08,24897.6,0.6911,1,Medium
1930368717.0,0200769623,2020-01-08,4202.24,0.2115,0,Low
1930368749.0,200875006,2020-01-08,77772.51,0.3439,0,Medium
1930369019.0,0200148860,2020-01-08,74013.11,0.0785,0,Low
1930369180.0,0200803720,2020-01-08,923.16,0.0081,0,Low
1930369633.0,0200769623,2020-01-08,1322.22,0.2872,0,Low
1930369763.0,0200780383,2020-01-08,130933.44,0.3203,0,Medium
1930370184.0,0200416837,2020-01-08,1965.82,0.0108,0,Low
1930370336.0,0200769623,2020-01-08,15571.16,0.1621,0,Low
1930370492.0,0200353024,2020-01-08,276.88,0.59,1,Medium
1930370569.0,0200758883,2020-01-08,33075.38,0.1603,0,Low
1930370575.0,0200769623,2020-01-08,18858.07,0.2535,0,Low
1930370577.0,0200769623,2020-01-08,396.68,0.3235,0,Medium
1930370644.0,0200129450,2020-01-08,88876.0,0.9104,1,High
1930370776.0,0200769623,2020-01-08,36484.57,0.1001,0,Low
1930370833.0,0200020431,2020-01-08,349.44,0.0068,0,Low
1930370885.0,0200726979,2020-01-08,525.03,0.3103,0,Medium
1930371160.0,0200592182,2020-01-08,35182.13,0.786,1,High
1930371569.0,0200769623,2020-01-08,7631.03,0.335,0,Medium
1930371688.0,0200705089,2020-01-08,1359.32,0.2143,0,Low
1930371744.0,0200794332,2020-01-08,63829.79,0.1462,0,Low
1930371761.0,0200152991,2020-01-08,376.63,0.2757,0,Low
1930371806.0,0200778870,2020-01-08,68592.51,0.949,1,High
1930371954.0,0200434439,2020-01-08,53474.9,0.554,1,Medium
1930372136.0,0200729942,2020-01-08,3019.32,0.1798,0,Low
1930372209.0,0200769623,2020-01-08,18492.14,0.2535,0,Low
1930372251.0,0200974851,2020-01-08,2588.37,0.0853,0,Low
1930372260.0,0200726979,2020-01-08,55.35,0.3578,0,Medium
1930372294.0,0200353024,2020-01-08,20312.45,0.7063,1,High
1930372312.0,0200769623,2020-01-08,31147.14,0.2372,0,Low
1930372322.0,0200792734,2020-01-08,20076.74,0.2368,0,Low
1930372333.0,0100032284,2020-01-08,29345.05,0.7752,1,High
1930372453.0,0200353024,2020-01-08,129.6,0.0093,0,Low
1930372468.0,0200353024,2020-01-08,2127.6,0.013,0,Low
1930372607.0,200353024,2020-01-08,245.52,0.1366,0,Low
1930372625.0,0200353024,2020-01-08,10538.55,0.4828,1,Medium
1930372627.0,200353024,2020-01-08,349.44,0.1322,0,Low
1930373016.0,0200792734,2020-01-08,32422.32,0.2572,0,Low
1930373022.0,0200777735,2020-01-08,53143.39,0.1174,0,Low
1930373100.0,0100001222,2020-01-08,227.17,0.5037,1,Medium
1930373188.0,0100030014,2020-01-08,85602.0,0.1182,0,Low
1930376079.0,0200726979,2020-01-08,460.28,0.3033,0,Medium
1930376201.0,0200778355,2020-01-08,1041.04,0.7572,1,High
1930376376.0,200726979,2020-01-08,595.55,0.2135,0,Low
1930376538.0,0200337148,2020-01-08,65824.37,0.1025,0,Low
1930376604.0,0200780383,2020-01-08,119860.32,0.3203,0,Medium
1930376618.0,0200705089,2020-01-08,3469.92,0.1994,0,Low
1930376637.0,0200762301,2020-01-08,9212.97,0.2552,0,Low
1930377023.0,0200794332,2020-01-08,22125.92,0.13,0,Low
1930377043.0,0200974851,2020-01-08,2062.03,0.1609,0,Low
1930377308.0,0200714710,2020-01-08,1648.36,0.6119,1,Medium
1930377341.0,0200974851,2020-01-08,1318.06,0.1741,0,Low
1930377817.0,0200337148,2020-01-08,58336.88,0.1146,0,Low
1930377833.0,0200726979,2020-01-08,86.97,0.3629,0,Medium
1930377837.0,0200726979,2020-01-08,31.62,0.3578,0,Medium
1930377901.0,0200186937,2020-01-08,50939.87,0.763,1,High
1930378390.0,0200797452,2020-01-08,44672.41,0.7451,1,High
1930379520.0,0200752302,2020-01-08,37248.54,0.3036,0,Medium
1930379724.0,0200793513,2020-01-08,49615.35,0.2154,0,Low
1930380181.0,0200769623,2020-01-08,54954.14,0.1991,0,Low
1930381846.0,200726979,2020-01-08,1468.51,0.1767,0,Low
1930382764.0,0200726979,2020-01-08,286.02,0.3509,0,Medium
1930386062.0,0200726979,2020-01-08,520.21,0.3103,0,Medium
1930386453.0,0200555117,2020-01-08,557.61,0.4123,0,Medium
2960605350.0,0140104440,2020-01-08,70248.53,0.9562,1,High
2960605822.0,0140104472,2020-01-08,35443.44,0.9542,1,High
1930324973.0,0200763814,2020-01-09,886.08,0.5014,1,Medium
1930352206.0,0200769623,2020-01-09,6059.06,0.1999,0,Low
1930352700.0,0200780825,2020-01-09,11986.68,0.8518,1,High
1930353722.0,0200714710,2020-01-09,6010.41,0.6281,1,Medium
1930356785.0,0200418007,2020-01-09,7109.12,0.2895,0,Low
1930364717.0,0100013947,2020-01-09,8089.2,0.4074,0,Medium
1930364803.0,0200418007,2020-01-09,12730.44,0.2832,0,Low
1930364847.0,0200779111,2020-01-09,32661.01,0.2295,0,Low
1930365779.0,0200769623,2020-01-09,68406.09,0.1711,0,Low
1930368752.0,0200705742,2020-01-09,10535.24,0.1176,0,Low
1930369066.0,0200399141,2020-01-09,10579.75,0.9172,1,High
1930369077.0,0200759878,2020-01-09,5364.0,0.5943,1,Medium
1930369249.0,0100031704,2020-01-09,46658.16,0.4232,0,Medium
1930369277.0,CCU013,2020-01-09,6853.28,0.9984,1,High
1930369574.0,0200705742,2020-01-09,52711.53,0.0941,0,Low
1930370896.0,0200769623,2020-01-09,42310.22,0.0892,0,Low
1930371033.0,0100001196,2020-01-09,31624.41,0.763,1,High
1930371036.0,0200820380,2020-01-09,81553.06,0.2532,0,Low
1930371081.0,0200764795,2020-01-09,26571.2,0.7602,1,High
1930371114.0,0100043936,2020-01-09,18145.19,0.8647,1,High
1930371172.0,0200780383,2020-01-09,3509.56,0.4362,0,Medium
1930371360.0,0200122145,2020-01-09,48128.18,0.4192,0,Medium
1930371383.0,200705372,2020-01-09,44020.68,0.2698,0,Low
1930371440.0,0200777735,2020-01-09,25674.14,0.114,0,Low
1930371459.0,0200769623,2020-01-09,10071.62,0.3316,0,Medium
1930371466.0,0200706844,2020-01-09,7265.81,0.2149,0,Low
1930371587.0,0200794332,2020-01-09,34761.5,0.1108,0,Low
1930371804.0,0200337148,2020-01-09,20746.53,0.1004,0,Low
1930371865.0,0200704858,2020-01-09,94799.95,0.1063,0,Low
1930376606.0,0200555117,2020-01-09,87546.6,0.3267,0,Medium
1930377018.0,0200769623,2020-01-09,58503.55,0.1901,0,Low
1930377055.0,CCCA02,2020-01-09,13948.2,0.8249,1,High
1930377326.0,0200555117,2020-01-09,85086.29,0.3267,0,Medium
1930377344.0,0200781803,2020-01-09,7978.78,0.2088,0,Low
1930377434.0,0200769623,2020-01-09,11268.33,0.3373,0,Medium
1930377460.0,0200739534,2020-01-09,9148.05,0.501,1,Medium
1930377478.0,0100043962,2020-01-09,22897.41,0.4235,0,Medium
1930377484.0,CCU013,2020-01-09,9450.74,0.9984,1,High
1930377664.0,0200778870,2020-01-09,9320.54,0.94,1,High
1930378047.0,200229974,2020-01-09,14404.24,0.3265,0,Medium
1930378186.0,0200783734,2020-01-09,144290.9,0.0399,0,Low
1930378711.0,0200769623,2020-01-09,58128.87,0.1901,0,Low
1930379078.0,0200353024,2020-01-09,10433.91,0.0278,0,Low
1930379084.0,0200803720,2020-01-09,13621.62,0.5453,1,Medium
1930379086.0,0200803720,2020-01-09,17240.58,0.9818,1,High
1930379388.0,0200762301,2020-01-09,88423.23,0.1416,0,Low
1930379462.0,0200769623,2020-01-09,45710.72,0.0917,0,Low
1930379485.0,0200712187,2020-01-09,11167.98,0.0974,0,Low
1930379684.0,0200793513,2020-01-09,103453.61,0.2045,0,Low
1930379691.0,0200748108,2020-01-09,47181.96,0.3544,0,Medium
1930379735.0,0200706844,2020-01-09,6433.2,0.2107,0,Low
1930379771.0,0100031704,2020-01-09,128831.15,0.342,0,Medium
1930379818.0,0200772670,2020-01-09,1927.9,0.4086,0,Medium
1930379904.0,0200434439,2020-01-09,46505.26,0.5223,1,Medium
1930380123.0,0200741174,2020-01-09,48611.31,0.8568,1,High
1930380601.0,0200803720,2020-01-09,12448.2,0.549,1,Medium
1930380678.0,0200726979,2020-01-09,324.18,0.4022,0,Medium
1930380711.0,0200803720,2020-01-09,382.32,0.019,0,Low
1930380738.0,0200705742,2020-01-09,9801.57,0.0829,0,Low
1930380832.0,0200799367,2020-01-09,84655.43,0.3101,0,Medium
1930380953.0,0200573068,2020-01-09,19020.02,0.2615,0,Low
1930381669.0,0200726979,2020-01-09,679.21,0.395,0,Medium
1930381812.0,0200783734,2020-01-09,178078.61,0.0494,0,Low
1930382727.0,0200794332,2020-01-09,37635.09,0.1036,0,Low
1930382776.0,0200974851,2020-01-09,2641.15,0.0699,0,Low
1930382803.0,0200761734,2020-01-09,681.41,0.1821,0,Low
1930382979.0,0200705742,2020-01-09,58409.56,0.1141,0,Low
1930383170.0,0100004789,2020-01-09,36445.61,0.4225,0,Medium
1930383182.0,0200718130,2020-01-09,782.04,0.6182,1,Medium
1930383468.0,0200762301,2020-01-09,51267.54,0.1866,0,Low
1930383602.0,0200705742,2020-01-09,3413.98,0.1239,0,Low
1930383618.0,0200793830,2020-01-09,93657.75,0.3887,0,Medium
1930383726.0,0200743123,2020-01-09,46314.53,0.189,0,Low
1930383786.0,0200775094,2020-01-09,96992.53,0.295,0,Low
1930384107.0,200769623,2020-01-09,36096.29,0.0905,0,Low
1930385347.0,0200396637,2020-01-09,53186.76,0.2309,0,Low
1930390489.0,0100025890,2020-01-09,54467.1,0.646,1,Medium
1930402424.0,0200886415,2020-01-09,6648.48,0.8466,1,High
1991837379.0,CC6000,2020-01-09,8352.69,0.9372,1,High
2960605353.0,0140106434,2020-01-09,31793.75,0.5106,1,Medium
2960605578.0,0140104429,2020-01-09,29537.1,0.8548,1,High
2960605877.0,0140104440,2020-01-09,9210.56,0.9843,1,High
2960606004.0,0140106408,2020-01-09,1940.24,0.9787,1,High
1930346679.0,0100028413,2020-01-10,12174.6,0.8377,1,High
1930349517.0,0200279964,2020-01-10,27267.94,0.8407,1,High
1930354814.0,0200769623,2020-01-10,9359.03,0.435,0,Medium
1930356894.0,0200668077,2020-01-10,26582.4,0.9268,1,High
1930357179.0,0200778870,2020-01-10,7589.38,0.9665,1,High
1930357230.0,CCU013,2020-01-10,14760.0,0.9985,1,High
1930359484.0,0100043949,2020-01-10,17157.25,0.4795,1,Medium
1930364759.0,0200731999,2020-01-10,39880.04,0.6664,1,Medium
1930365502.0,0200707822,2020-01-10,6282.99,0.8594,1,High
1930365908.0,0100028450,2020-01-10,28778.75,0.9476,1,High
1930368331.0,0100001452,2020-01-10,1277.82,0.4826,1,Medium
1930368645.0,0100054867,2020-01-10,97058.25,0.3839,0,Medium
1930369020.0,0200759878,2020-01-10,14883.63,0.9326,1,High
1930371356.0,0200707005,2020-01-10,50572.34,0.8702,1,High
1930371480.0,0200769623,2020-01-10,9664.87,0.4746,1,Medium
1930371669.0,0200759878,2020-01-10,91074.24,0.194,0,Low
1930371794.0,0200418007,2020-01-10,50697.83,0.7972,1,High
1930372300.0,0200772595,2020-01-10,126702.14,0.8825,1,High
1930372496.0,0200769623,2020-01-10,53429.76,0.2228,0,Low
1930372506.0,0200769623,2020-01-10,13281.06,0.3776,0,Medium
1930373275.0,0200759878,2020-01-10,13891.02,0.9353,1,High
1930377036.0,CCU013,2020-01-10,2702.78,0.9969,1,High
1930377561.0,0200769623,2020-01-10,45944.78,0.1219,0,Low
1930377608.0,0200782669,2020-01-10,2708.06,0.8951,1,High
1930377919.0,0200769623,2020-01-10,15585.6,0.2267,0,Low
1930378121.0,0200762301,2020-01-10,14880.43,0.8498,1,High
1930378185.0,0100043936,2020-01-10,18145.19,0.9194,1,High
1930378487.0,0200769623,2020-01-10,38369.91,0.1187,0,Low
1930378548.0,0200759878,2020-01-10,14149.93,0.9353,1,High
1930378774.0,0200769623,2020-01-10,14967.42,0.2505,0,Low
1930378792.0,0200794332,2020-01-10,15284.38,0.2846,0,Low
1930379000.0,0200936373,2020-01-10,80910.53,0.9069,1,High
1930379159.0,0200769623,2020-01-10,4120.76,0.2962,0,Low
1930379164.0,0200769623,2020-01-10,1626.73,0.3356,0,Medium
1930379738.0,0200762301,2020-01-10,1535.38,0.8796,1,High
1930379762.0,0200704858,2020-01-10,14623.95,0.723,1,High
1930379803.0,0200769623,2020-01-10,32266.79,0.3083,0,Medium
1930380010.0,0200744019,2020-01-10,3585.9,0.8674,1,High
1930380020.0,0200756072,2020-01-10,39084.55,0.7495,1,High
1930380207.0,0200769623,2020-01-10,15602.03,0.2267,0,Low
1930380365.0,200769623,2020-01-10,2373.96,0.2091,0,Low
1930380643.0,0200759878,2020-01-10,73674.08,0.6409,1,Medium
1930380674.0,200769623,2020-01-10,5126.33,0.2102,0,Low
1930380796.0,0200769623,2020-01-10,1747.44,0.3285,0,Medium
1930380798.0,CCU013,2020-01-10,29713.28,0.9984,1,High
1930380848.0,0200769623,2020-01-10,984.54,0.4363,0,Medium
1930381489.0,0200772670,2020-01-10,107762.23,0.8627,1,High
1930381490.0,0200744019,2020-01-10,15329.09,0.863,1,High
1930381494.0,200744019,2020-01-10,11883.98,0.8718,1,High
1930381697.0,0200875006,2020-01-10,106708.84,0.7693,1,High
1930381823.0,0200891601,2020-01-10,40104.53,0.9873,1,High
1930381833.0,0200029010,2020-01-10,9171.89,0.7496,1,High
1930382773.0,0200769623,2020-01-10,59918.1,0.2502,0,Low
1930382807.0,0200726979,2020-01-10,122.5,0.949,1,High
1930382879.0,0200729828,2020-01-10,56272.19,0.8739,1,High
1930382962.0,0200794332,2020-01-10,18396.75,0.2677,0,Low
1930383027.0,0200726979,2020-01-10,391.25,0.9377,1,High
1930383172.0,0100033268,2020-01-10,23478.15,0.3315,0,Medium
1930383248.0,0200761734,2020-01-10,2517.5,0.4088,0,Medium
1930383439.0,0200769623,2020-01-10,30770.87,0.3132,0,Medium
1930383445.0,0200744019,2020-01-10,4230.07,0.8705,1,High
1930383453.0,0200795490,2020-01-10,40624.88,0.9753,1,High
1930383478.0,0200769623,2020-01-10,26059.95,0.367,0,Medium
1930383479.0,0200769623,2020-01-10,809.08,0.4429,0,Medium
1930383524.0,0200794332,2020-01-10,8518.13,0.3706,0,Medium
1930383565.0,0200711029,2020-01-10,40998.83,0.7789,1,High
1930383634.0,0200739534,2020-01-10,67764.41,0.9106,1,High
1930383641.0,0200769623,2020-01-10,18220.36,0.3278,0,Medium
1930383670.0,0200799367,2020-01-10,55256.37,0.861,1,High
1930383682.0,0200769623,2020-01-10,51711.74,0.2186,0,Low
1930383700.0,0200726979,2020-01-10,188.28,0.949,1,High
1930383712.0,0200782001,2020-01-10,66208.91,0.4831,1,Medium
1930383744.0,0200769623,2020-01-10,6997.57,0.42,0,Medium
1930383820.0,0200780383,2020-01-10,61746.54,0.9205,1,High
1930383889.0,0200772670,2020-01-10,40408.8,0.8953,1,High
1930383895.0,0200726979,2020-01-10,722.59,0.9389,1,High
1930383906.0,0200769623,2020-01-10,19.96,0.4085,0,Medium
1930383913.0,0200769623,2020-01-10,2684.26,0.2901,0,Low
1930383919.0,200744019,2020-01-10,5129.49,0.8671,1,High
1930383982.0,0200769623,2020-01-10,50180.34,0.1666,0,Low
1930384117.0,0200759878,2020-01-10,38809.38,0.9056,1,High
1930384206.0,0200782001,2020-01-10,31675.44,0.6223,1,Medium
1930384325.0,200769623,2020-01-10,57903.3,0.1499,0,Low
1930384433.0,200769623,2020-01-10,56706.08,0.1438,0,Low
1930384441.0,0200705742,2020-01-10,3401.62,0.2526,0,Low
1930384459.0,0200050554,2020-01-10,16022.25,0.71,1,High
1930384516.0,0200726979,2020-01-10,287.93,0.9448,1,High
1930384537.0,200769623,2020-01-10,3227.43,0.2039,0,Low
1930384613.0,0200769623,2020-01-10,1898.9,0.2028,0,Low
1930384998.0,0200780383,2020-01-10,147022.46,0.8732,1,High
1930385202.0,0200762301,2020-01-10,598.37,0.906,1,High
1930385239.0,0200776463,2020-01-10,134511.41,0.8625,1,High
1930385971.0,0200895843,2020-01-10,30778.16,0.875,1,High
1930385975.0,0200772670,2020-01-10,68866.51,0.8943,1,High
1930386432.0,0200769623,2020-01-10,46940.32,0.1248,0,Low
1930386433.0,0200769623,2020-01-10,11478.06,0.5554,1,Medium
1930386445.0,0200397082,2020-01-10,765.12,0.7603,1,High
1930387824.0,0200799180,2020-01-10,995.52,0.8889,1,High
1930388003.0,0200752302,2020-01-10,92154.41,0.8667,1,High
1930388605.0,0200126819,2020-01-10,18879.84,0.7759,1,High
1930388607.0,0200769623,2020-01-10,32181.63,0.3083,0,Medium
1930389206.0,200992849,2020-01-10,31026.0,0.5853,1,Medium
1930389245.0,0200794332,2020-01-10,20102.37,0.2677,0,Low
1930389805.0,0200966888,2020-01-10,4884.0,0.9336,1,High
1930390565.0,0200700919,2020-01-10,10691.78,0.8806,1,High
1930395572.0,0200769623,2020-01-10,45623.98,0.1219,0,Low
1991837175.0,CC6000,2020-01-10,21403.91,0.9587,1,High
2960604884.0,0140104423,2020-01-10,17398.27,0.5442,1,Medium
2960605364.0,0140106379,2020-01-10,113629.88,0.9343,1,High
2960606162.0,0140104530,2020-01-10,5957.75,0.7355,1,High
2960606702.0,0140105686,2020-01-10,39950.38,0.9671,1,High
1930346838.0,CCCA02,2020-01-11,61095.65,0.8227,1,High
1930349439.0,0100013335,2020-01-11,6790.56,0.831,1,High
1930369275.0,0200794332,2020-01-11,31279.11,0.4368,0,Medium
1930369284.0,0200786288,2020-01-11,83731.41,0.4014,0,Medium
1930374719.0,0200707822,2020-01-11,134855.84,0.9157,1,High
1930376615.0,0200793568,2020-01-11,28400.12,0.9484,1,High
1930378169.0,0200769623,2020-01-11,24755.82,0.4037,0,Medium
1930378196.0,0200769623,2020-01-11,18056.37,0.3704,0,Medium
1930379381.0,0200762301,2020-01-11,23877.77,0.9431,1,High
1930380826.0,0200762301,2020-01-11,76074.52,0.9356,1,High
1930381467.0,0200769623,2020-01-11,39899.21,0.1213,0,Low
1930381826.0,CCU013,2020-01-11,52818.96,0.9969,1,High
1930381873.0,0200759878,2020-01-11,14883.63,0.9591,1,High
1930382874.0,0200752302,2020-01-11,76138.89,0.9498,1,High
1930383080.0,0200729290,2020-01-11,19436.31,0.9469,1,High
1930383212.0,CCCA02,2020-01-11,24000.0,0.8324,1,High
1930383653.0,0200769623,2020-01-11,2828.8,0.3031,0,Medium
1930383676.0,0200729290,2020-01-11,17119.67,0.947,1,High
1930383963.0,0200769623,2020-01-11,433.09,0.4325,0,Medium
1930383964.0,0200769623,2020-01-11,50933.29,0.2369,0,Low
1930384037.0,0200748108,2020-01-11,87281.73,0.9461,1,High
1930384125.0,0200744019,2020-01-11,2237.66,0.9157,1,High
1930384308.0,200769623,2020-01-11,50242.82,0.1227,0,Low
1930384409.0,0200762301,2020-01-11,3868.54,0.9431,1,High
1930384848.0,0100058041,2020-01-11,4155.87,0.852,1,High
1930384872.0,0200793513,2020-01-11,19436.31,0.9293,1,High
1930386047.0,0200704858,2020-01-11,51346.28,0.836,1,High
1930386381.0,0200769623,2020-01-11,49501.09,0.1608,0,Low
1930386393.0,0200769623,2020-01-11,859.02,0.452,1,Medium
1930386477.0,0200704045,2020-01-11,17283.51,0.9434,1,High
1930386494.0,0200769623,2020-01-11,3309.31,0.2963,0,Low
1930386498.0,0200769623,2020-01-11,24959.63,0.4037,0,Medium
1930387294.0,0200759878,2020-01-11,97040.68,0.1958,0,Low
1930387834.0,0200769623,2020-01-11,27195.56,0.4154,0,Medium
1930387842.0,0200769623,2020-01-11,4338.1,0.3093,0,Medium
1930387844.0,0200769623,2020-01-11,1898.2,0.2074,0,Low
1930387882.0,0200769623,2020-01-11,4675.49,0.3093,0,Medium
1930388072.0,200769623,2020-01-11,26005.74,0.1825,0,Low
1930388078.0,0200769623,2020-01-11,1078.82,0.4384,0,Medium
1930388636.0,0200769623,2020-01-11,55367.7,0.2663,0,Low
1930388680.0,0200875006,2020-01-11,128274.89,0.9145,1,High
1930389263.0,0200769623,2020-01-11,15462.02,0.2438,0,Low
1930389264.0,0200769623,2020-01-11,32.36,0.3957,0,Medium
1930389337.0,0200704045,2020-01-11,7908.45,0.9407,1,High
1930389353.0,0200769623,2020-01-11,1898.9,0.2074,0,Low
1930389354.0,0200769623,2020-01-11,4528.7,0.3093,0,Medium
1930389384.0,0200726979,2020-01-11,336.8,0.9587,1,High
1930389407.0,0200769623,2020-01-11,323.59,0.4325,0,Medium
1930389430.0,0200744019,2020-01-11,1480.17,0.9118,1,High
1930389518.0,0200769623,2020-01-11,44259.96,0.1213,0,Low
1930389522.0,0200769623,2020-01-11,27084.46,0.4154,0,Medium
1930390137.0,0200741174,2020-01-11,9960.12,0.9536,1,High
1930390256.0,0200769623,2020-01-11,50499.49,0.1701,0,Low
1930390512.0,0200726979,2020-01-11,555.1,0.9564,1,High
1930390589.0,0200772670,2020-01-11,52396.08,0.9461,1,High
1930390600.0,0200769623,2020-01-11,2064.49,0.3193,0,Medium
1930390601.0,0200769623,2020-01-11,688.15,0.4475,0,Medium
1930390736.0,0200769623,2020-01-11,4980.01,0.3197,0,Medium
1930391838.0,0200726979,2020-01-11,391.54,0.9587,1,High
1930395347.0,0200726979,2020-01-11,821.38,0.9603,1,High
1991836694.0,0100046482,2020-01-11,21094.8,0.9209,1,High
1991836856.0,0140103293,2020-01-11,19752.44,0.4319,0,Medium
1991837617.0,0100053554,2020-01-11,5683.5,0.5493,1,Medium
1991837619.0,0140103311,2020-01-11,1131.2,0.5246,1,Medium
2960600483.0,140104423,2020-01-11,173200.67,0.2302,0,Low
2960606177.0,0140106408,2020-01-11,5679.6,0.99,1,High
1930383435.0,0200761734,2020-01-12,107600.84,0.4009,0,Medium
1930383881.0,0200705372,2020-01-12,81703.39,0.6435,1,Medium
1930384690.0,0200762301,2020-01-12,101280.14,0.7585,1,High
1930385019.0,0200769623,2020-01-12,8362.52,0.4361,0,Medium
1930385020.0,0200769623,2020-01-12,264.45,0.4195,0,Medium
1930386055.0,0200769623,2020-01-12,11709.63,0.4111,0,Medium
1930386248.0,0200769623,2020-01-12,10493.6,0.491,1,Medium
1930387646.0,0200769623,2020-01-12,14301.13,0.2898,0,Low
1930387913.0,0200769623,2020-01-12,1185.74,0.3946,0,Medium
1930387959.0,0200759878,2020-01-12,13891.02,0.9181,1,High
1930387981.0,0200769623,2020-01-12,54346.16,0.2311,0,Low
1930387984.0,0200769623,2020-01-12,1898.2,0.2115,0,Low
1930387985.0,0200769623,2020-01-12,57106.35,0.2396,0,Low
1930388049.0,200744019,2020-01-12,18063.72,0.79,1,High
1930388540.0,0200762301,2020-01-12,85097.42,0.7545,1,High
1930388549.0,0200769623,2020-01-12,6580.74,0.341,0,Medium
1930388569.0,0200769623,2020-01-12,22491.48,0.3718,0,Medium
1930389220.0,0200936373,2020-01-12,68.25,0.8897,1,High
1930389323.0,0200769623,2020-01-12,14050.77,0.2891,0,Low
1930389448.0,0200759878,2020-01-12,55990.43,0.8365,1,High
1930389663.0,0200769623,2020-01-12,356.39,0.421,0,Medium
1930389683.0,0200769623,2020-01-12,656.69,0.4358,0,Medium
1930389684.0,0200769623,2020-01-12,29659.67,0.377,0,Medium
1930389920.0,0200769623,2020-01-12,21795.65,0.3662,0,Medium
1930390041.0,0200790107,2020-01-12,127298.24,0.4182,0,Medium
1930390144.0,0200759878,2020-01-12,30710.74,0.9163,1,High
1930390224.0,0200769623,2020-01-12,826.01,0.4334,0,Medium
1930390314.0,0200769369,2020-01-12,173070.52,0.6494,1,Medium
1930390344.0,0200759082,2020-01-12,114549.22,0.8556,1,High
1930390348.0,0200769623,2020-01-12,1356.55,0.326,0,Medium
1930390353.0,0200769623,2020-01-12,15821.8,0.2322,0,Low
1930390651.0,0200780383,2020-01-12,24885.75,0.874,1,High
1930390719.0,0200769623,2020-01-12,6532.6,0.341,0,Medium
1930391427.0,0200769623,2020-01-12,469.69,0.415,0,Medium
1930391516.0,0200769623,2020-01-12,52168.31,0.2089,0,Low
1930391851.0,0200726979,2020-01-12,417.05,0.6476,1,Medium
1930425964.0,0200726979,2020-01-12,564.81,0.6344,1,Medium
1930425976.0,0200726979,2020-01-12,535.83,0.6384,1,Medium
1930427609.0,0200726979,2020-01-12,859.59,0.6569,1,Medium
2960603889.0,0140104409,2020-01-12,88433.88,0.2233,0,Low
2960605793.0,0100034822,2020-01-12,10655.1,0.8989,1,High
2960606903.0,0140104429,2020-01-12,13167.54,0.7894,1,High
1930379526.0,0200769623,2020-01-13,561.34,0.2765,0,Low
1930384687.0,0200769623,2020-01-13,6881.68,0.3238,0,Medium
1930385044.0,0200769623,2020-01-13,52979.39,0.1958,0,Low
1930385061.0,0200769623,2020-01-13,13123.66,0.3457,0,Medium
1930385099.0,0200769623,2020-01-13,1898.2,0.127,0,Low
1930385272.0,0200707005,2020-01-13,16808.41,0.2739,0,Low
1930387299.0,0200769623,2020-01-13,7550.92,0.3514,0,Medium
1930387629.0,0200396637,2020-01-13,53186.76,0.255,0,Low
1930387861.0,0200152991,2020-01-13,8174.45,0.2383,0,Low
1930388052.0,0200794332,2020-01-13,5147.45,0.2594,0,Low
1930388088.0,0200769623,2020-01-13,10210.46,0.4034,0,Medium
1930388573.0,0200762301,2020-01-13,5233.56,0.2958,0,Low
1930388618.0,0200762301,2020-01-13,15824.07,0.254,0,Low
1930389546.0,0200769623,2020-01-13,15444.45,0.1732,0,Low
1930389572.0,0200769623,2020-01-13,28387.85,0.2729,0,Low
1930389584.0,0200769623,2020-01-13,835.47,0.2982,0,Low
1930389643.0,0200769623,2020-01-13,142.22,0.2672,0,Low
1930389689.0,0200762301,2020-01-13,8940.2,0.3368,0,Medium
1930389697.0,0200744019,2020-01-13,47888.89,0.6136,1,Medium
1930389769.0,0200769623,2020-01-13,23848.09,0.2817,0,Low
1930389840.0,0200762301,2020-01-13,13424.42,0.3155,0,Medium
1930389986.0,0200743123,2020-01-13,56629.13,0.2306,0,Low
1930390025.0,0200707741,2020-01-13,5682.24,0.3407,0,Medium
1930390262.0,0200357714,2020-01-13,79904.71,0.8099,1,High
1930390280.0,0200794332,2020-01-13,14204.38,0.2301,0,Low
1930390295.0,0200769623,2020-01-13,4380.73,0.2127,0,Low
1930390335.0,0200769623,2020-01-13,11212.05,0.4095,0,Medium
1930390381.0,0200762301,2020-01-13,36414.05,0.2751,0,Low
1930390394.0,0200769623,2020-01-13,15008.99,0.1895,0,Low
1930390412.0,0200794332,2020-01-13,13821.85,0.2414,0,Low
1930390439.0,0200769623,2020-01-13,51536.34,0.181,0,Low
1930390594.0,0200956366,2020-01-13,15313.46,0.2152,0,Low
1930390628.0,0200769623,2020-01-13,19688.89,0.2588,0,Low
1930390630.0,0200769623,2020-01-13,44892.56,0.1011,0,Low
1930390689.0,0200769623,2020-01-13,1898.2,0.127,0,Low
1930390691.0,0200769623,2020-01-13,37550.38,0.0983,0,Low
1930391123.0,0200705742,2020-01-13,880.28,0.1258,0,Low
1930391142.0,0200769623,2020-01-13,40698.6,0.0983,0,Low
1930391257.0,0200769623,2020-01-13,32260.93,0.2458,0,Low
1930391313.0,0200769623,2020-01-13,65166.54,0.1981,0,Low
1930391326.0,0200794332,2020-01-13,12641.99,0.288,0,Low
1930391330.0,0200769623,2020-01-13,688.15,0.3016,0,Medium
1930391395.0,0200797452,2020-01-13,2789.0,0.735,1,High
1930391420.0,0100036066,2020-01-13,35619.47,0.2996,0,Low
1930391461.0,0200795490,2020-01-13,391.16,0.8188,1,High
1930391476.0,0200712187,2020-01-13,151258.99,0.0614,0,Low
1930391612.0,0200769623,2020-01-13,37231.3,0.0983,0,Low
1930391674.0,0200729942,2020-01-13,4053.19,0.2686,0,Low
1930391726.0,0200763489,2020-01-13,117814.43,0.1929,0,Low
1930391750.0,0200778870,2020-01-13,3804.56,0.9481,1,High
1930391765.0,0200799367,2020-01-13,49762.81,0.476,1,Medium
1930391813.0,0100032284,2020-01-13,13504.5,0.8857,1,High
1930391848.0,0100031704,2020-01-13,89708.85,0.4506,1,Medium
1930391909.0,0200707822,2020-01-13,52414.66,0.1494,0,Low
1930391944.0,0200769623,2020-01-13,45235.94,0.1011,0,Low
1930391983.0,0200748108,2020-01-13,18919.63,0.415,0,Medium
1930392021.0,0200418007,2020-01-13,50278.31,0.4419,0,Medium
1930392033.0,0200331749,2020-01-13,3881.52,0.828,1,High
1930392038.0,0200769623,2020-01-13,15237.81,0.1895,0,Low
1930392042.0,0200965912,2020-01-13,140496.06,0.2317,0,Low
1930392045.0,0200592182,2020-01-13,2487.78,0.0474,0,Low
1930392046.0,0200592182,2020-01-13,3710.66,0.0504,0,Low
1930392135.0,0200769623,2020-01-13,52236.46,0.1868,0,Low
1930392172.0,0200780383,2020-01-13,44485.3,0.5116,1,Medium
1930392216.0,0200769623,2020-01-13,10256.54,0.4034,0,Medium
1930392347.0,0200726979,2020-01-13,545.13,0.4463,0,Medium
1930392384.0,0200148860,2020-01-13,38087.7,0.1433,0,Low
1930392389.0,0200793568,2020-01-13,7848.56,0.6293,1,Medium
1930392430.0,0200729942,2020-01-13,2647.58,0.2573,0,Low
1930392529.0,0200705742,2020-01-13,27450.99,0.1579,0,Low
1930392650.0,0200764795,2020-01-13,41258.73,0.8133,1,High
1930392652.0,0200764795,2020-01-13,65.09,0.565,1,Medium
1930392700.0,0200729942,2020-01-13,5396.01,0.2727,0,Low
1930392713.0,0200759082,2020-01-13,89668.04,0.5042,1,Medium
1930392741.0,0200772670,2020-01-13,12264.13,0.6825,1,Medium
1930393489.0,0200772670,2020-01-13,70091.27,0.5557,1,Medium
1930393598.0,0200729942,2020-01-13,4084.22,0.2686,0,Low
1930395246.0,0200726979,2020-01-13,383.74,0.4824,1,Medium
1930395272.0,0200750051,2020-01-13,54801.2,0.1988,0,Low
1930395276.0,0200797452,2020-01-13,15945.03,0.8477,1,High
1930395433.0,0200704045,2020-01-13,3429.32,0.4022,0,Medium
1930395807.0,0200900909,2020-01-13,14563.56,0.6714,1,Medium
1930396144.0,0200875006,2020-01-13,115586.12,0.1633,0,Low
1930396537.0,0200779051,2020-01-13,137827.39,0.051,0,Low
1930396615.0,0200769623,2020-01-13,1898.9,0.127,0,Low
1930396830.0,0200726979,2020-01-13,340.6,0.4848,1,Medium
1930396926.0,0200726979,2020-01-13,334.44,0.4848,1,Medium
2960600497.0,0140104429,2020-01-13,77530.05,0.7001,1,High
2960603896.0,0140104423,2020-01-13,79075.79,0.6088,1,Medium
2960606086.0,0140105686,2020-01-13,59816.26,0.9617,1,High
2960606270.0,0140104429,2020-01-13,13167.54,0.799,1,High
2960606272.0,0140104429,2020-01-13,141808.52,0.7069,1,High
2960606407.0,0140104440,2020-01-13,24060.37,0.9445,1,High
2960606657.0,0140104429,2020-01-13,35637.1,0.7635,1,High
2960606745.0,0140104429,2020-01-13,70130.9,0.5795,1,Medium
2960606806.0,0140105686,2020-01-13,25025.65,0.9776,1,High
2960606811.0,0140106408,2020-01-13,21784.4,0.994,1,High
2960606817.0,0140105480,2020-01-13,3527.3,0.7259,1,High
2960606835.0,0140105686,2020-01-13,6895.4,0.9794,1,High
2960606917.0,140105000,2020-01-13,173.0,0.6308,1,Medium
1930350185.0,0200782001,2020-01-14,24552.92,0.352,0,Medium
1930363802.0,0200435191,2020-01-14,107321.76,0.1178,0,Low
1930378175.0,0200331749,2020-01-14,12146.96,0.8322,1,High
1930379173.0,0200799367,2020-01-14,17448.29,0.3555,0,Medium
1930379527.0,0100047527,2020-01-14,13331.48,0.2017,0,Low
1930382975.0,CCU013,2020-01-14,6829.98,0.9987,1,High
1930382981.0,0200418007,2020-01-14,657.06,0.3517,0,Medium
1930383442.0,CCU013,2020-01-14,2127.68,0.9975,1,High
1930385031.0,0200794332,2020-01-14,23152.21,0.1525,0,Low
1930385092.0,0100004536,2020-01-14,132581.25,0.0588,0,Low
1930387662.0,0200891601,2020-01-14,27853.74,0.9778,1,High
1930388585.0,0200769623,2020-01-14,58394.98,0.2119,0,Low
1930389377.0,0200762301,2020-01-14,25616.3,0.2085,0,Low
1930389687.0,0200790710,2020-01-14,19624.22,0.9558,1,High
1930389723.0,0200769623,2020-01-14,15476.99,0.1646,0,Low
1930389876.0,0200769623,2020-01-14,173.29,0.2828,0,Low
1930390057.0,0200759878,2020-01-14,33055.16,0.6702,1,Medium
1930390063.0,0200769369,2020-01-14,145520.79,0.1443,0,Low
1930390110.0,0100024776,2020-01-14,7214.57,0.3504,0,Medium
1930390427.0,0200769623,2020-01-14,2915.61,0.1926,0,Low
1930390788.0,0200769623,2020-01-14,11779.17,0.3033,0,Medium
1930390837.0,0200769623,2020-01-14,60875.73,0.2133,0,Low
1930390855.0,0200793568,2020-01-14,60325.27,0.4622,1,Medium
1930391114.0,0200769623,2020-01-14,1679.03,0.2273,0,Low
1930391181.0,0200455322,2020-01-14,79222.28,0.8889,1,High
1930391221.0,0200705372,2020-01-14,9990.24,0.2529,0,Low
1930391226.0,0200769623,2020-01-14,1376.32,0.2316,0,Low
1930391673.0,0200770567,2020-01-14,47387.76,0.0981,0,Low
1930391739.0,0200769623,2020-01-14,1124.0,0.2779,0,Low
1930391878.0,0200769623,2020-01-14,19321.28,0.2531,0,Low
1930392166.0,0200744019,2020-01-14,10993.27,0.6071,1,Medium
1930392309.0,0200744019,2020-01-14,6360.77,0.5758,1,Medium
1930392311.0,0200744019,2020-01-14,63975.89,0.5279,1,Medium
1930392345.0,0200726979,2020-01-14,960.35,0.3928,0,Medium
1930392369.0,0200780825,2020-01-14,27642.91,0.8094,1,High
1930392676.0,0200769623,2020-01-14,11989.36,0.2966,0,Low
1930392678.0,0200769623,2020-01-14,19889.52,0.2531,0,Low
1930392774.0,0200741174,2020-01-14,19919.09,0.8865,1,High
1930393184.0,0200704858,2020-01-14,53419.81,0.1486,0,Low
1930393871.0,0200744019,2020-01-14,9334.65,0.5915,1,Medium
1930394974.0,0200794332,2020-01-14,30220.01,0.1626,0,Low
1930395052.0,0200794332,2020-01-14,46116.53,0.1272,0,Low
1930395072.0,0200769623,2020-01-14,46304.87,0.1001,0,Low
1930395090.0,0200769623,2020-01-14,71008.69,0.0664,0,Low
1930395259.0,0200769623,2020-01-14,52895.71,0.1802,0,Low
1930395301.0,0200794332,2020-01-14,20462.92,0.1474,0,Low
1930395374.0,0200769623,2020-01-14,37030.2,0.0974,0,Low
1930395541.0,0200761734,2020-01-14,116381.54,0.0834,0,Low
1930395566.0,0200749225,2020-01-14,22657.15,0.2629,0,Low
1930395567.0,0200726979,2020-01-14,779.66,0.3928,0,Medium
1930395619.0,0200769623,2020-01-14,63913.88,0.1992,0,Low
1930395722.0,0200769623,2020-01-14,3594.58,0.1926,0,Low
1930395777.0,0200726979,2020-01-14,660.64,0.3912,0,Medium
1930395778.0,0200783609,2020-01-14,20306.46,0.9538,1,High
1930395804.0,0200777735,2020-01-14,2614.48,0.1661,0,Low
1930395824.0,0200759878,2020-01-14,26411.07,0.7057,1,High
1930396105.0,0200743129,2020-01-14,106196.93,0.1628,0,Low
1930396119.0,0200771157,2020-01-14,116848.79,0.2328,0,Low
1930396312.0,0200793319,2020-01-14,14707.59,0.245,0,Low
1930396314.0,0200793319,2020-01-14,4206.82,0.3323,0,Medium
1930396315.0,0200793319,2020-01-14,6153.34,0.3264,0,Medium
1930396406.0,0200769623,2020-01-14,39438.88,0.0974,0,Low
1930396490.0,0200936373,2020-01-14,1584.93,0.481,1,Medium
1930396524.0,0200793122,2020-01-14,80737.85,0.0456,0,Low
1930396561.0,0200769623,2020-01-14,471.56,0.2904,0,Low
1930396617.0,0200974851,2020-01-14,3601.71,0.167,0,Low
1930396648.0,0200769623,2020-01-14,33606.93,0.1666,0,Low
1930396651.0,0200093491,2020-01-14,103125.0,0.3839,0,Medium
1930396924.0,0200719300,2020-01-14,43624.81,0.9071,1,High
1930397042.0,0200797452,2020-01-14,27546.81,0.7612,1,High
1930397058.0,0200772670,2020-01-14,33925.1,0.5046,1,Medium
1930397212.0,0200769623,2020-01-14,1898.9,0.1307,0,Low
1930397213.0,0200769623,2020-01-14,37354.09,0.0974,0,Low
1930397336.0,0200580232,2020-01-14,25961.25,0.1431,0,Low
1930397433.0,0200712105,2020-01-14,104919.05,0.6745,1,Medium
1930398326.0,0200705742,2020-01-14,9962.22,0.1116,0,Low
1930399404.0,0200515231,2020-01-14,39573.44,0.7588,1,High
1930399742.0,200571849,2020-01-14,1456.2,0.7982,1,High
1930399968.0,0200236570,2020-01-14,65598.6,0.6537,1,Medium
1930400104.0,0200714710,2020-01-14,6166.14,0.6736,1,Medium
1930400207.0,0200752393,2020-01-14,2112.58,0.1646,0,Low
1930400788.0,0200759878,2020-01-14,35473.71,0.6236,1,Medium
1930400908.0,0200780383,2020-01-14,54781.23,0.4395,0,Medium
1930401036.0,0200712105,2020-01-14,120062.18,0.6842,1,Medium
1930402426.0,0200886415,2020-01-14,6648.48,0.7638,1,High
1991837173.0,0100031686,2020-01-14,11488.52,0.5914,1,Medium
1991837466.0,0140103423,2020-01-14,3973.28,0.0734,0,Low
1991837539.0,0140101904,2020-01-14,45108.78,0.2708,0,Low
2960603899.0,0140105686,2020-01-14,7486.24,0.9595,1,High
2960605384.0,0140106408,2020-01-14,17267.23,0.9916,1,High
2960605386.0,0140104340,2020-01-14,23795.29,0.7657,1,High
2960606689.0,0140105686,2020-01-14,11288.45,0.9606,1,High
2960606762.0,0140104409,2020-01-14,44461.0,0.2699,0,Low
2960607031.0,0140106408,2020-01-14,65035.98,0.9899,1,High
2960607106.0,0140104409,2020-01-14,120.9,0.394,0,Medium
1930379730.0,0100031704,2020-01-15,14820.54,0.4528,1,Medium
1930381060.0,0200827835,2020-01-15,5916.0,0.5247,1,Medium
1930383624.0,0200769623,2020-01-15,4151.87,0.2098,0,Low
1930384390.0,0200357714,2020-01-15,26163.17,0.7988,1,High
1930385093.0,0200764795,2020-01-15,26948.34,0.8617,1,High
1930388076.0,0200759878,2020-01-15,14135.59,0.7045,1,High
1930390468.0,0200769623,2020-01-15,20296.65,0.2547,0,Low
1930391042.0,0200707822,2020-01-15,23840.77,0.1738,0,Low
1930391389.0,0200705742,2020-01-15,793.35,0.1874,0,Low
1930391440.0,0200769623,2020-01-15,6319.41,0.234,0,Low
1930391457.0,0200701314,2020-01-15,12606.72,0.947,1,High
1930391536.0,0200936373,2020-01-15,16172.35,0.4354,0,Medium
1930391549.0,0200769623,2020-01-15,3227.43,0.1998,0,Low
1930391552.0,0200769623,2020-01-15,29954.6,0.2529,0,Low
1930391691.0,0200794332,2020-01-15,1501.27,0.215,0,Low
1930391907.0,0200759878,2020-01-15,12668.17,0.7046,1,High
1930392217.0,0200762301,2020-01-15,51049.51,0.2016,0,Low
1930392321.0,0200794332,2020-01-15,16709.1,0.1448,0,Low
1930392647.0,0200779111,2020-01-15,40303.4,0.1878,0,Low
1930393787.0,0200744019,2020-01-15,56042.07,0.5408,1,Medium
1930393818.0,0200772595,2020-01-15,22406.21,0.2516,0,Low
1930394809.0,0200793088,2020-01-15,152793.0,0.0482,0,Low
1930395164.0,0200126819,2020-01-15,18193.91,0.2881,0,Low
1930395292.0,0200769623,2020-01-15,5884.11,0.2297,0,Low
1930395768.0,0200744019,2020-01-15,8479.47,0.5989,1,Medium
1930395880.0,0200794332,2020-01-15,21156.78,0.1468,0,Low
1930396036.0,0200769623,2020-01-15,4839.91,0.2179,0,Low
1930396059.0,0200744019,2020-01-15,7664.54,0.5989,1,Medium
1930396227.0,0200762301,2020-01-15,26196.25,0.1972,0,Low
1930396368.0,CCCA02,2020-01-15,15176.64,0.8322,1,High
1930396374.0,0200749782,2020-01-15,99238.29,0.205,0,Low
1930396462.0,0200148860,2020-01-15,51669.22,0.1226,0,Low
1930396507.0,0200762301,2020-01-15,11857.0,0.2197,0,Low
1930396511.0,0200778355,2020-01-15,51859.12,0.5927,1,Medium
1930396816.0,CCCA02,2020-01-15,8496.0,0.824,1,High
1930397430.0,0200759878,2020-01-15,15725.29,0.6722,1,Medium
1930397980.0,0100043936,2020-01-15,18135.88,0.8839,1,High
1930398292.0,0200769623,2020-01-15,71.11,0.3162,0,Medium
1930399487.0,0200399141,2020-01-15,33312.72,0.8461,1,High
1930399643.0,0200772670,2020-01-15,97499.54,0.3985,0,Medium
1930399699.0,0200769623,2020-01-15,317.52,0.319,0,Medium
1930399750.0,0200743129,2020-01-15,17605.87,0.179,0,Low
1930399799.0,0100030443,2020-01-15,1787.45,0.3317,0,Medium
1930399990.0,0200782001,2020-01-15,19612.07,0.158,0,Low
1930400079.0,0200744019,2020-01-15,7664.54,0.5989,1,Medium
1930400080.0,0200744019,2020-01-15,24012.37,0.5493,1,Medium
1930400164.0,0200779051,2020-01-15,114679.54,0.045,0,Low
1930400171.0,0200771157,2020-01-15,69233.06,0.2185,0,Low
1930400181.0,0200769623,2020-01-15,45459.36,0.1009,0,Low
1930400187.0,0200984794,2020-01-15,45693.31,0.5423,1,Medium
1930400264.0,0200729290,2020-01-15,74242.83,0.4979,1,Medium
1930400308.0,0200769623,2020-01-15,1898.2,0.1359,0,Low
1930400579.0,0200762301,2020-01-15,72219.83,0.1652,0,Low
1930400678.0,0200974851,2020-01-15,2590.58,0.1768,0,Low
1930400726.0,0200761734,2020-01-15,46021.77,0.1072,0,Low
1930400743.0,0200515231,2020-01-15,33618.15,0.8441,1,High
1930400828.0,0200744410,2020-01-15,54992.14,0.4553,1,Medium
1930400914.0,0200761734,2020-01-15,56308.56,0.1214,0,Low
1930400936.0,0200769623,2020-01-15,25747.2,0.2819,0,Low
1930400968.0,0200769623,2020-01-15,5126.33,0.225,0,Low
1930401077.0,0200780383,2020-01-15,1037.77,0.4954,1,Medium
1930401117.0,0200769623,2020-01-15,56718.74,0.2051,0,Low
1930401180.0,0200769623,2020-01-15,6663.09,0.2422,0,Low
1930401211.0,0200726979,2020-01-15,887.81,0.3902,0,Medium
1930401213.0,0100044010,2020-01-15,46238.85,0.0936,0,Low
1930401262.0,0200712102,2020-01-15,84571.83,0.9139,1,High
1930401340.0,0200707741,2020-01-15,42602.35,0.2879,0,Low
1930401366.0,0200750051,2020-01-15,3898.44,0.2145,0,Low
1930401382.0,0200792734,2020-01-15,74776.34,0.2092,0,Low
1930401487.0,0200078795,2020-01-15,2485.35,0.2431,0,Low
1930401632.0,0200762301,2020-01-15,22134.76,0.1923,0,Low
1930401639.0,0200772595,2020-01-15,125717.34,0.1992,0,Low
1930401679.0,0200375138,2020-01-15,81990.01,0.6349,1,Medium
1930401789.0,0200707822,2020-01-15,101566.58,0.1288,0,Low
1930401802.0,0200707822,2020-01-15,22444.14,0.1548,0,Low
1930401917.0,0200769623,2020-01-15,15351.61,0.1816,0,Low
1930401936.0,0200769623,2020-01-15,2321.7,0.2017,0,Low
1930402238.0,0100036292,2020-01-15,20858.79,0.8937,1,High
1930402314.0,0200762301,2020-01-15,105060.54,0.1546,0,Low
1930402484.0,0200702946,2020-01-15,21403.88,0.9136,1,High
1930402640.0,0200622385,2020-01-15,63045.43,0.7124,1,High
1930402791.0,0200759082,2020-01-15,104167.19,0.4992,1,Medium
1930402926.0,0200071186,2020-01-15,41318.64,0.3897,0,Medium
1930403302.0,0200900909,2020-01-15,40461.71,0.6122,1,Medium
1930403422.0,0200799367,2020-01-15,88943.42,0.315,0,Medium
1930406023.0,0200752302,2020-01-15,104925.43,0.2539,0,Low
1930406298.0,0200955827,2020-01-15,33654.32,0.9331,1,High
1930406842.0,0200705742,2020-01-15,11645.56,0.1423,0,Low
1930407452.0,0200721330,2020-01-15,50212.0,0.9018,1,High
1990569076.0,0200501669,2020-01-15,15522.71,0.9671,1,High
1991837638.0,CC6530,2020-01-15,18151.76,0.9257,1,High
2960606416.0,0140104423,2020-01-15,8296.58,0.4516,1,Medium
2960606526.0,0140105847,2020-01-15,52282.5,0.7298,1,High
2960607119.0,0140106408,2020-01-15,7529.51,0.9914,1,High
2960608597.0,0140105686,2020-01-15,1060.8,0.8842,1,High
1930380212.0,0100052692,2020-01-16,4460.8,0.94,1,High
1930383043.0,0200418007,2020-01-16,13482.85,0.2957,0,Low
1930384066.0,0200739006,2020-01-16,4087.74,0.198,0,Low
1930384869.0,0200725393,2020-01-16,21535.84,0.8301,1,High
1930385074.0,0200331749,2020-01-16,22002.46,0.8326,1,High
1930391401.0,0200794332,2020-01-16,9791.33,0.202,0,Low
1930391763.0,0200769623,2020-01-16,15939.09,0.1446,0,Low
1930391917.0,0200769623,2020-01-16,15581.07,0.1336,0,Low
1930392744.0,0200764795,2020-01-16,7910.55,0.7172,1,High
1930395296.0,0200744019,2020-01-16,13465.64,0.5202,1,Medium
1930395298.0,0200744019,2020-01-16,12916.16,0.5202,1,Medium
1930395672.0,0200769623,2020-01-16,20752.7,0.2131,0,Low
1930395750.0,0200744019,2020-01-16,18035.45,0.4726,1,Medium
1930396000.0,0200752302,2020-01-16,15756.03,0.2378,0,Low
1930396021.0,0200413833,2020-01-16,27946.64,0.233,0,Low
1930396029.0,0200769623,2020-01-16,15224.72,0.1495,0,Low
1930396068.0,0200759878,2020-01-16,18900.99,0.6208,1,Medium
1930396244.0,0200762950,2020-01-16,194879.36,0.2134,0,Low
1930396336.0,CCU013,2020-01-16,6207.42,0.9987,1,High
1930397093.0,CCU013,2020-01-16,14916.0,0.9989,1,High
1930399749.0,0200763229,2020-01-16,4837.32,0.2899,0,Low
1930399922.0,0200820380,2020-01-16,64181.45,0.2295,0,Low
1930399980.0,0200769623,2020-01-16,14297.49,0.1698,0,Low
1930400134.0,0200769623,2020-01-16,15113.64,0.1495,0,Low
1930400159.0,0200700919,2020-01-16,7108.16,0.6609,1,Medium
1930400300.0,0200761734,2020-01-16,14242.47,0.1226,0,Low
1930400555.0,0100031704,2020-01-16,90791.47,0.3656,0,Medium
1930400609.0,0200769623,2020-01-16,17233.27,0.1731,0,Low
1930400740.0,0200749782,2020-01-16,82961.5,0.1734,0,Low
1930400809.0,0200762301,2020-01-16,13703.4,0.1723,0,Low
1930400906.0,0200744019,2020-01-16,64040.0,0.5022,1,Medium
1930401012.0,0200794332,2020-01-16,43375.0,0.1092,0,Low
1930401022.0,0200769623,2020-01-16,14700.51,0.1567,0,Low
1930401142.0,0200794332,2020-01-16,12420.43,0.1851,0,Low
1930401304.0,0200761734,2020-01-16,14242.46,0.1226,0,Low
1930401353.0,0200761734,2020-01-16,38879.96,0.0975,0,Low
1930401531.0,0200762301,2020-01-16,13087.49,0.1886,0,Low
1930401668.0,0200726979,2020-01-16,59.16,0.3669,0,Medium
1930401676.0,0200769623,2020-01-16,12307.98,0.249,0,Low
1930401769.0,0200769623,2020-01-16,61371.69,0.1887,0,Low
1930401808.0,0200769623,2020-01-16,44480.39,0.0847,0,Low
1930401811.0,0200769623,2020-01-16,7866.86,0.2799,0,Low
1930401896.0,CCCA02,2020-01-16,15908.4,0.8036,1,High
1930401923.0,0200769623,2020-01-16,1322.22,0.2328,0,Low
1930401929.0,0200771157,2020-01-16,53236.41,0.2109,0,Low
1930401980.0,0200403651,2020-01-16,4608.21,0.2443,0,Low
1930402047.0,0200847305,2020-01-16,24249.6,0.9761,1,High
1930402187.0,0200705089,2020-01-16,5491.85,0.1875,0,Low
1930402199.0,0200759878,2020-01-16,24346.19,0.6389,1,Medium
1930402244.0,0200748108,2020-01-16,68732.34,0.3212,0,Medium
1930402261.0,0200726979,2020-01-16,245.02,0.3599,0,Medium
1930402268.0,0200769623,2020-01-16,14453.86,0.1698,0,Low
1930402330.0,0200794332,2020-01-16,8041.59,0.1938,0,Low
1930402433.0,0200769623,2020-01-16,14774.06,0.1567,0,Low
1930402465.0,0200769623,2020-01-16,63292.18,0.1814,0,Low
1930402556.0,0200891601,2020-01-16,42491.33,0.9704,1,High
1930402778.0,0200799342,2020-01-16,132641.68,0.106,0,Low
1930403036.0,CCCA02,2020-01-16,13948.2,0.8179,1,High
1930403213.0,0200794332,2020-01-16,18232.93,0.1291,0,Low
1930403228.0,0200780383,2020-01-16,152072.07,0.2269,0,Low
1930405995.0,0200744019,2020-01-16,14228.41,0.5181,1,Medium
1930406107.0,0200761734,2020-01-16,90552.16,0.0768,0,Low
1930406202.0,0200769623,2020-01-16,1897.39,0.1365,0,Low
1930406211.0,0200723794,2020-01-16,51723.12,0.1295,0,Low
1930406357.0,0200375138,2020-01-16,85384.62,0.5973,1,Medium
1930406476.0,0200769623,2020-01-16,37310.72,0.0847,0,Low
1930406515.0,0200706844,2020-01-16,35970.04,0.1939,0,Low
1930406568.0,0200704045,2020-01-16,10887.46,0.3027,0,Medium
1930406599.0,0200704045,2020-01-16,37738.45,0.2915,0,Low
1930406612.0,0200772670,2020-01-16,43105.4,0.4572,1,Medium
1930406657.0,0200711029,2020-01-16,18549.03,0.1915,0,Low
1930407107.0,0200799367,2020-01-16,52821.59,0.3353,0,Medium
1930407122.0,0200779051,2020-01-16,143385.58,0.0367,0,Low
1930407164.0,0200777735,2020-01-16,30769.75,0.1193,0,Low
1930407302.0,0200769623,2020-01-16,16115.69,0.1446,0,Low
1930407318.0,0200700919,2020-01-16,3719.69,0.5667,1,Medium
1930409018.0,0200229974,2020-01-16,3627.47,0.2663,0,Low
1930409070.0,0200943457,2020-01-16,60294.03,0.8408,1,High
1930409222.0,0200769623,2020-01-16,943.12,0.2719,0,Low
1930409376.0,0200965912,2020-01-16,76585.53,0.1807,0,Low
1930409440.0,0200756072,2020-01-16,47779.1,0.2311,0,Low
1930409457.0,0200792293,2020-01-16,24170.08,0.4665,1,Medium
1930409706.0,0200372070,2020-01-16,10072.4,0.7125,1,High
1930409727.0,0200707741,2020-01-16,17729.31,0.2595,0,Low
1930409823.0,0200974851,2020-01-16,1475.88,0.0671,0,Low
1930409842.0,0200779051,2020-01-16,99598.61,0.0327,0,Low
1930409907.0,0200783734,2020-01-16,21594.68,0.0614,0,Low
1930410320.0,0200769623,2020-01-16,40507.69,0.0847,0,Low
1930422266.0,0200726979,2020-01-16,102.19,0.3721,0,Medium
1930424270.0,0200726979,2020-01-16,241.4,0.3599,0,Medium
1930424564.0,0200726979,2020-01-16,121.58,0.3599,0,Medium
2960605968.0,0140104429,2020-01-16,58625.86,0.6989,1,Medium
2960607082.0,0140104429,2020-01-16,19794.9,0.7362,1,High
2960607408.0,0140105686,2020-01-16,20994.3,0.976,1,High
2960607528.0,0140106408,2020-01-16,36940.82,0.9875,1,High
2960607606.0,0140106181,2020-01-16,9182.4,0.9966,1,High
2960607827.0,0140104440,2020-01-16,105891.21,0.908,1,High
1930365123.0,0200719300,2020-01-17,27817.2,0.9658,1,High
1930378630.0,0200126819,2020-01-17,4712.23,0.8008,1,High
1930380064.0,0200799367,2020-01-17,8152.74,0.8766,1,High
1930383413.0,0200331749,2020-01-17,2482.35,0.9041,1,High
1930386160.0,0200782001,2020-01-17,17090.01,0.5987,1,Medium
1930395517.0,CCU002,2020-01-17,9054.72,0.8709,1,High
1930396582.0,0200307138,2020-01-17,58506.0,0.1058,0,Low
1930397065.0,0200900909,2020-01-17,2684.6,0.7071,1,High
1930397445.0,0200706844,2020-01-17,40895.94,0.7854,1,High
1930400558.0,0200719300,2020-01-17,14644.8,0.9375,1,High
1930401122.0,0200769623,2020-01-17,949.45,0.4139,0,Medium
1930401153.0,0200739534,2020-01-17,173796.91,0.8939,1,High
1930401219.0,0200706844,2020-01-17,14893.06,0.7944,1,High
1930401313.0,0200769623,2020-01-17,37818.43,0.1103,0,Low
1930401798.0,0200407025,2020-01-17,20526.53,0.811,1,High
1930401939.0,0200396637,2020-01-17,53186.76,0.3532,0,Medium
1930402660.0,0200779051,2020-01-17,19211.14,0.1217,0,Low
1930402818.0,0200769623,2020-01-17,388.29,0.4083,0,Medium
1930403218.0,0200769623,2020-01-17,1513.74,0.3199,0,Medium
1930403248.0,0200772595,2020-01-17,16936.48,0.903,1,High
1930403281.0,0200769623,2020-01-17,3147.71,0.2692,0,Low
1930403437.0,0200749782,2020-01-17,43830.0,0.8229,1,High
1930403480.0,0200744019,2020-01-17,67639.74,0.8894,1,High
1930404533.0,0200777735,2020-01-17,87381.11,0.1533,0,Low
1930404534.0,0200777735,2020-01-17,60868.8,0.2357,0,Low
1930404875.0,CCCA02,2020-01-17,14151.51,0.8262,1,High
1930406044.0,0200769623,2020-01-17,5625.41,0.3085,0,Medium
1930406404.0,0200769623,2020-01-17,3916.94,0.2815,0,Low
1930406411.0,0200769623,2020-01-17,58542.47,0.2404,0,Low
1930406678.0,CCCA02,2020-01-17,7896.0,0.8059,1,High
1930406758.0,0200769623,2020-01-17,65081.5,0.23,0,Low
1930406760.0,0200705372,2020-01-17,59718.7,0.8811,1,High
1930407165.0,0200781803,2020-01-17,15843.88,0.6565,1,Medium
1930407447.0,0200769623,2020-01-17,23306.2,0.3428,0,Medium
1930407999.0,0200418007,2020-01-17,12974.57,0.8243,1,High
1930408924.0,0200769623,2020-01-17,13929.73,0.2762,0,Low
1930408979.0,0200779906,2020-01-17,114002.77,0.9621,1,High
1930408997.0,0100021540,2020-01-17,48160.62,0.878,1,High
1930409076.0,0200794332,2020-01-17,5749.64,0.3767,0,Medium
1930409252.0,0200769623,2020-01-17,21935.17,0.3185,0,Medium
1930409272.0,0200744019,2020-01-17,6010.36,0.8916,1,High
1930409346.0,0200744019,2020-01-17,15718.29,0.8655,1,High
1930409362.0,0200707822,2020-01-17,22133.66,0.8709,1,High
1930409391.0,0200769623,2020-01-17,64414.57,0.2333,0,Low
1930409398.0,0200769623,2020-01-17,26578.97,0.3524,0,Medium
1930409422.0,0200743996,2020-01-17,86746.81,0.9133,1,High
1930409428.0,0200769623,2020-01-17,1898.2,0.1884,0,Low
1930409452.0,0200726979,2020-01-17,35.73,0.9402,1,High
1930409456.0,0200779906,2020-01-17,21652.02,0.9702,1,High
1930409610.0,0200769623,2020-01-17,18150.54,0.3159,0,Medium
1930409611.0,0200769623,2020-01-17,14966.48,0.2404,0,Low
1930409622.0,0200399141,2020-01-17,23343.87,0.8725,1,High
1930409679.0,0200881076,2020-01-17,3358.04,0.8119,1,High
1930409899.0,0200704045,2020-01-17,17266.35,0.8884,1,High
1930410064.0,0200759878,2020-01-17,27715.56,0.9271,1,High
1930410298.0,0200749225,2020-01-17,18521.54,0.8529,1,High
1930410306.0,0200769623,2020-01-17,29236.8,0.3257,0,Medium
1930410307.0,0200769623,2020-01-17,7040.6,0.4027,0,Medium
1930410383.0,0100012638,2020-01-17,38092.53,0.9804,1,High
1930410420.0,0200561861,2020-01-17,23846.91,0.4954,1,Medium
1930410538.0,0100047674,2020-01-17,5040.04,0.117,0,Low
1930410619.0,0200776463,2020-01-17,1191.28,0.9085,1,High
1930410723.0,0200761342,2020-01-17,30960.78,0.3387,0,Medium
1930410811.0,0200769623,2020-01-17,19255.49,0.3159,0,Medium
1930410815.0,0200778355,2020-01-17,12892.52,0.7908,1,High
1930410958.0,0200769623,2020-01-17,12849.41,0.3657,0,Medium
1930411050.0,0200739534,2020-01-17,23999.7,0.9043,1,High
1930411085.0,0200782001,2020-01-17,22405.88,0.6001,1,Medium
1930411276.0,0200777735,2020-01-17,51870.06,0.2057,0,Low
1930411277.0,0200777735,2020-01-17,7361.61,0.3307,0,Medium
1930411294.0,0200772595,2020-01-17,106396.04,0.896,1,High
1930411320.0,0200762301,2020-01-17,139522.06,0.8198,1,High
1930411432.0,0200776463,2020-01-17,63462.15,0.8646,1,High
1930411799.0,0200769623,2020-01-17,471.56,0.4022,0,Medium
1930415467.0,0200769623,2020-01-17,471.56,0.4022,0,Medium
1930421597.0,0200847305,2020-01-17,19776.4,0.9839,1,High
1930426826.0,0200794332,2020-01-17,18710.43,0.2898,0,Low
2960606945.0,0100050567,2020-01-17,1546.25,0.9047,1,High
2960606956.0,0140104409,2020-01-17,40538.46,0.5735,1,Medium
2960607131.0,0140104409,2020-01-17,53403.87,0.7417,1,High
2960607444.0,0140118168,2020-01-17,28704.0,0.7703,1,High
2960607540.0,0140106408,2020-01-17,14193.63,0.9928,1,High
2960607851.0,0140104409,2020-01-17,279271.86,0.8541,1,High
2960607858.0,0140104429,2020-01-17,2758.17,0.5973,1,Medium
2960607925.0,0140104995,2020-01-17,20424.55,0.778,1,High
2960607927.0,0100031970,2020-01-17,11121.69,0.8969,1,High
1930401617.0,0200769623,2020-01-18,16423.71,0.2557,0,Low
1930402135.0,0200704858,2020-01-18,130464.61,0.8177,1,High
1930402365.0,CCU013,2020-01-18,113248.8,0.998,1,High
1930403236.0,0200714710,2020-01-18,57546.45,0.8668,1,High
1930406075.0,0200769623,2020-01-18,3270.04,0.287,0,Low
1930406079.0,0200769623,2020-01-18,3797.1,0.2998,0,Low
1930406526.0,0200769623,2020-01-18,46013.64,0.119,0,Low
1930407127.0,0200769623,2020-01-18,22868.44,0.3744,0,Medium
1930407177.0,0200769623,2020-01-18,50702.84,0.1628,0,Low
1930407405.0,0200744019,2020-01-18,19213.93,0.9061,1,High
1930408991.0,0200726979,2020-01-18,102.31,0.959,1,High
1930409236.0,CCCA02,2020-01-18,56639.09,0.7989,1,High
1930409305.0,CCU013,2020-01-18,14229.72,0.9989,1,High
1930409742.0,0200769623,2020-01-18,56258.86,0.2637,0,Low
1930409873.0,0200769623,2020-01-18,59115.6,0.2775,0,Low
1930410027.0,0200769623,2020-01-18,690.91,0.429,0,Medium
1930410045.0,0200769623,2020-01-18,1898.2,0.1969,0,Low
1930410120.0,0200744019,2020-01-18,61463.16,0.9237,1,High
1930410179.0,0200726979,2020-01-18,170.31,0.9579,1,High
1930410274.0,0200744019,2020-01-18,14315.6,0.9197,1,High
1930410309.0,0200769623,2020-01-18,5413.53,0.3278,0,Medium
1930410357.0,0200769623,2020-01-18,33132.17,0.2443,0,Low
1930410419.0,0200744019,2020-01-18,62044.58,0.9237,1,High
1930410451.0,0200726979,2020-01-18,102.47,0.959,1,High
1930410726.0,0200769623,2020-01-18,1898.59,0.1969,0,Low
1930410885.0,0200769623,2020-01-18,29855.31,0.3664,0,Medium
1930410963.0,0200769623,2020-01-18,30228.28,0.342,0,Medium
1930411281.0,0200331749,2020-01-18,1099.82,0.9097,1,High
1930411346.0,0200769623,2020-01-18,10464.67,0.4776,1,Medium
1930411356.0,0200769623,2020-01-18,56230.75,0.2637,0,Low
1930411795.0,0200759878,2020-01-18,84879.2,0.7456,1,High
1930411815.0,0200769623,2020-01-18,36793.58,0.1158,0,Low
1930411838.0,0200769623,2020-01-18,15831.27,0.2349,0,Low
1930412303.0,0200759878,2020-01-18,14380.16,0.9586,1,High
1930412304.0,0200759878,2020-01-18,13646.45,0.9575,1,High
1930412427.0,0200769623,2020-01-18,30.64,0.375,0,Medium
1930412429.0,0200769623,2020-01-18,22358.15,0.3723,0,Medium
1930412513.0,0200744019,2020-01-18,4781.98,0.9241,1,High
1930412703.0,0200769623,2020-01-18,5126.33,0.3189,0,Medium
1930412754.0,0200711029,2020-01-18,48947.16,0.8927,1,High
1930412918.0,0200792734,2020-01-18,99567.88,0.8643,1,High
1930413040.0,0200707822,2020-01-18,18521.5,0.9317,1,High
1930413079.0,0200772595,2020-01-18,138997.94,0.9444,1,High
1930413171.0,0200780383,2020-01-18,36948.76,0.9558,1,High
1930413313.0,0200729290,2020-01-18,119752.45,0.9498,1,High
1930413420.0,0200741174,2020-01-18,24418.23,0.9574,1,High
1930413423.0,0200741174,2020-01-18,8640.81,0.9504,1,High
1930413475.0,0200769623,2020-01-18,15538.36,0.2349,0,Low
1930413549.0,0200761734,2020-01-18,71416.79,0.4757,1,Medium
1930414484.0,0200331749,2020-01-18,32679.17,0.9587,1,High
1930423258.0,0200726979,2020-01-18,90.73,0.959,1,High
1991837541.0,0100053554,2020-01-18,5872.95,0.8498,1,High
2960607873.0,0140106408,2020-01-18,80579.62,0.9932,1,High
2960607875.0,0140106473,2020-01-18,27181.06,0.516,1,Medium
2960608218.0,0140105847,2020-01-18,30644.5,0.904,1,High
1930409952.0,0200769623,2020-01-19,17775.42,0.3465,0,Medium
1930410036.0,0200769623,2020-01-19,68630.47,0.219,0,Low
1930410715.0,CCU002,2020-01-19,9151.68,0.875,1,High
1930410735.0,0200759878,2020-01-19,38899.31,0.87,1,High
1930410968.0,0200769623,2020-01-19,1626.33,0.292,0,Low
1930411078.0,0200769623,2020-01-19,59967.39,0.2442,0,Low
1930411575.0,0200769623,2020-01-19,15817.06,0.2223,0,Low
1930411576.0,0200769623,2020-01-19,14661.88,0.2561,0,Low
1930411902.0,0200769623,2020-01-19,69712.26,0.219,0,Low
1930411905.0,CCCA02,2020-01-19,21488.0,0.8,1,High
1930412189.0,0200707822,2020-01-19,117821.92,0.3473,0,Medium
1930412339.0,0200769623,2020-01-19,5625.41,0.3148,0,Medium
1930412503.0,0200769623,2020-01-19,28568.06,0.363,0,Medium
1930412717.0,0200761734,2020-01-19,68290.54,0.5012,1,Medium
1930412815.0,0200747369,2020-01-19,27377.29,0.394,0,Medium
1930412859.0,0200769623,2020-01-19,49871.58,0.141,0,Low
1930412864.0,0200769623,2020-01-19,26793.03,0.3999,0,Medium
1930412947.0,0200769623,2020-01-19,5434.91,0.3148,0,Medium
1930412969.0,0200769623,2020-01-19,42078.4,0.1058,0,Low
1930412971.0,0200769623,2020-01-19,1563.29,0.293,0,Low
1930413013.0,0200769623,2020-01-19,23592.44,0.3786,0,Medium
1930413032.0,0200769623,2020-01-19,13835.15,0.2934,0,Low
1930413049.0,0200769623,2020-01-19,23557.58,0.3786,0,Medium
1930413189.0,0200776463,2020-01-19,16811.37,0.6276,1,Medium
1930413219.0,0200769623,2020-01-19,16971.78,0.2491,0,Low
1930413246.0,0200769623,2020-01-19,71412.91,0.0863,0,Low
1930413249.0,0200769623,2020-01-19,11498.4,0.5418,1,Medium
1930413335.0,0200769623,2020-01-19,597.98,0.3892,0,Medium
1930413363.0,0200769623,2020-01-19,568.94,0.3892,0,Medium
1930413386.0,0200769623,2020-01-19,14029.97,0.2742,0,Low
1930413387.0,0200769623,2020-01-19,661.11,0.4058,0,Medium
1930413429.0,0200769623,2020-01-19,14148.33,0.2742,0,Low
1930413454.0,0200769623,2020-01-19,18344.1,0.3503,0,Medium
1930413517.0,0200769623,2020-01-19,37521.47,0.1058,0,Low
1930413548.0,0200761734,2020-01-19,51514.07,0.5094,1,Medium
1930413797.0,0200704045,2020-01-19,19823.48,0.6422,1,Medium
1930413829.0,0200704045,2020-01-19,28883.69,0.671,1,Medium
1930413883.0,0200772595,2020-01-19,143103.25,0.5405,1,Medium
1930414115.0,0200769623,2020-01-19,8210.86,0.4181,0,Medium
1930414362.0,0200769623,2020-01-19,4721.65,0.2875,0,Low
1930414363.0,0200769623,2020-01-19,12248.77,0.3814,0,Medium
1930414414.0,0200769623,2020-01-19,4751.05,0.2875,0,Low
1930414425.0,0200707822,2020-01-19,25414.37,0.4383,0,Medium
1930414433.0,0200769623,2020-01-19,67375.35,0.2277,0,Low
1930414900.0,0200759878,2020-01-19,26293.42,0.9011,1,High
1930426993.0,0200726979,2020-01-19,243.97,0.636,1,Medium
1990569937.0,0200978592,2020-01-19,18680.5,0.8799,1,High
2960608307.0,0140106408,2020-01-19,109045.45,0.9915,1,High
2960608608.0,0100031920,2020-01-19,12959.35,0.1382,0,Low
2960608907.0,0140105785,2020-01-19,34417.49,0.9789,1,High
2960608913.0,0140104423,2020-01-19,58896.74,0.2356,0,Low
1930383054.0,0200786288,2020-01-20,13650.53,0.1391,0,Low
1930391767.0,0200891601,2020-01-20,81972.0,0.9644,1,High
1930398408.0,0200707822,2020-01-20,30743.95,0.147,0,Low
1930400565.0,0200229974,2020-01-20,1254.4,0.465,1,Medium
1930406268.0,0200778870,2020-01-20,8452.38,0.9425,1,High
1930407458.0,0200275115,2020-01-20,57622.01,0.1524,0,Low
1930409188.0,CCCA02,2020-01-20,15828.96,0.8076,1,High
1930409217.0,0200915438,2020-01-20,25780.0,0.2564,0,Low
1930411540.0,0200790543,2020-01-20,51509.54,0.3461,0,Medium
1930411580.0,CCU013,2020-01-20,7304.88,0.9984,1,High
1930411617.0,0200794332,2020-01-20,3288.37,0.2127,0,Low
1930411824.0,0200769623,2020-01-20,16102.61,0.1566,0,Low
1930411901.0,0200762301,2020-01-20,19802.57,0.2005,0,Low
1930412306.0,0200759878,2020-01-20,73574.2,0.1818,0,Low
1930412515.0,0200769623,2020-01-20,16493.87,0.1566,0,Low
1930412664.0,0200769623,2020-01-20,6663.73,0.195,0,Low
1930412829.0,0200794332,2020-01-20,15340.95,0.1756,0,Low
1930412863.0,0200769623,2020-01-20,15683.66,0.1449,0,Low
1930413073.0,0200769623,2020-01-20,542.54,0.2563,0,Low
1930413262.0,0200707005,2020-01-20,14744.13,0.2587,0,Low
1930413404.0,0200735528,2020-01-20,122330.58,0.8875,1,High
1930413459.0,0200726979,2020-01-20,35.73,0.3731,0,Medium
1930413555.0,0200769623,2020-01-20,15500.54,0.1475,0,Low
1930413599.0,0200780383,2020-01-20,178432.43,0.335,0,Medium
1930413736.0,0200793088,2020-01-20,109949.35,0.0557,0,Low
1930413768.0,0200769623,2020-01-20,29942.14,0.2307,0,Low
1930413818.0,0200799538,2020-01-20,75903.79,0.5572,1,Medium
1930413828.0,0200792293,2020-01-20,165235.31,0.424,0,Medium
1930414006.0,0200778870,2020-01-20,7793.91,0.9417,1,High
1930414137.0,0200769623,2020-01-20,20742.01,0.224,0,Low
1930414277.0,0200769623,2020-01-20,65239.28,0.1652,0,Low
1930414631.0,0200775094,2020-01-20,5920.9,0.3489,0,Medium
1930414676.0,0200729942,2020-01-20,10590.91,0.2206,0,Low
1930414730.0,0200769623,2020-01-20,38093.99,0.0842,0,Low
1930415059.0,0200797452,2020-01-20,60090.97,0.6445,1,Medium
1930415107.0,0200472708,2020-01-20,23474.55,0.8584,1,High
1930415307.0,CCCA02,2020-01-20,25858.0,0.8295,1,High
1930415489.0,0200858049,2020-01-20,4129.0,0.4279,0,Medium
1930415544.0,0200761734,2020-01-20,71815.63,0.0949,0,Low
1930415855.0,0200739534,2020-01-20,34244.74,0.5662,1,Medium
1930415959.0,0200679800,2020-01-20,42786.23,0.2237,0,Low
1930416049.0,0200780383,2020-01-20,17516.65,0.5048,1,Medium
1930416206.0,0200741174,2020-01-20,17180.65,0.8839,1,High
1930416251.0,0200794332,2020-01-20,34388.33,0.1461,0,Low
1930416519.0,0200772670,2020-01-20,118374.1,0.4429,0,Medium
1930420900.0,0200777735,2020-01-20,177004.96,0.0698,0,Low
1930421257.0,0200619670,2020-01-20,7947.72,0.8002,1,High
1930421258.0,0200580232,2020-01-20,42391.3,0.1315,0,Low
1930423278.0,0200726979,2020-01-20,454.7,0.3808,0,Medium
1930424707.0,0200726979,2020-01-20,140.45,0.3661,0,Medium
1930424908.0,0200726979,2020-01-20,281.06,0.387,0,Medium
1930425003.0,0200726979,2020-01-20,82.82,0.3731,0,Medium
1930430007.0,0200726979,2020-01-20,424.63,0.3808,0,Medium
1930430301.0,0200726979,2020-01-20,659.96,0.3726,0,Medium
1991837231.0,0140103983,2020-01-20,43751.23,0.9535,1,High
2960608248.0,0140104429,2020-01-20,13208.3,0.7014,1,High
2960608567.0,0140104225,2020-01-20,2240.6,0.7241,1,High
2960608569.0,0140104423,2020-01-20,214806.93,0.2107,0,Low
2960608573.0,0140106181,2020-01-20,13993.2,0.985,1,High
2960608612.0,0140105785,2020-01-20,1663.2,0.9655,1,High
2960608629.0,0140104409,2020-01-20,56042.28,0.4522,1,Medium
2960609304.0,0140104423,2020-01-20,77417.96,0.2159,0,Low
1930399687.0,0200718130,2020-01-21,27344.08,0.8467,1,High
1930399720.0,0200508557,2020-01-21,3840.34,0.6682,1,Medium
1930399940.0,0200739006,2020-01-21,8732.3,0.25,0,Low
1930406276.0,0200210681,2020-01-21,14050.5,0.5844,1,Medium
1930406529.0,0200696090,2020-01-21,6658.47,0.5437,1,Medium
1930406752.0,0140142846,2020-01-21,1108.2,0.8746,1,High
1930407206.0,0200782001,2020-01-21,13338.14,0.167,0,Low
1930409165.0,0200096390,2020-01-21,8546.81,0.8815,1,High
1930409901.0,0200418007,2020-01-21,6560.13,0.368,0,Medium
1930411120.0,0200290370,2020-01-21,9111.0,0.9457,1,High
1930412854.0,0200794332,2020-01-21,1072.58,0.231,0,Low
1930412930.0,0200759878,2020-01-21,13524.16,0.7088,1,High
1930413058.0,0200769623,2020-01-21,16345.39,0.1646,0,Low
1930413187.0,0200778870,2020-01-21,14348.62,0.9493,1,High
1930413382.0,0200769623,2020-01-21,16188.08,0.1646,0,Low
1930413666.0,0200794332,2020-01-21,12807.38,0.225,0,Low
1930413750.0,0200762301,2020-01-21,91102.25,0.1417,0,Low
1930413765.0,0200794332,2020-01-21,5697.56,0.1982,0,Low
1930413856.0,0200705372,2020-01-21,2081.53,0.2572,0,Low
1930413895.0,CCU002,2020-01-21,10248.0,0.8448,1,High
1930413931.0,0200762301,2020-01-21,4536.4,0.1897,0,Low
1930414045.0,0200794332,2020-01-21,52961.67,0.1558,0,Low
1930414095.0,0200759878,2020-01-21,15034.61,0.6906,1,Medium
1930414151.0,0200769623,2020-01-21,45293.81,0.0956,0,Low
1930414186.0,0200769623,2020-01-21,17502.01,0.2368,0,Low
1930414385.0,0200781803,2020-01-21,9730.2,0.2064,0,Low
1930414408.0,0200920735,2020-01-21,84038.75,0.15,0,Low
1930414435.0,0200794332,2020-01-21,81613.7,0.1059,0,Low
1930414437.0,0200726979,2020-01-21,17301.37,0.3839,0,Medium
1930414611.0,0200705089,2020-01-21,5045.62,0.2093,0,Low
1930414782.0,0200769623,2020-01-21,12213.85,0.2834,0,Low
1930415035.0,0200761734,2020-01-21,94829.03,0.0829,0,Low
1930415056.0,0200749782,2020-01-21,22085.14,0.191,0,Low
1930415143.0,0200770567,2020-01-21,47709.1,0.1149,0,Low
1930415147.0,0200799367,2020-01-21,64968.02,0.3671,0,Medium
1930415168.0,0100044010,2020-01-21,46238.85,0.0946,0,Low
1930415185.0,0200769623,2020-01-21,2373.96,0.1769,0,Low
1930415400.0,0200861551,2020-01-21,49110.35,0.1114,0,Low
1930415654.0,0200780849,2020-01-21,22238.21,0.1481,0,Low
1930415830.0,0200769623,2020-01-21,661.11,0.288,0,Low
1930415883.0,0100044010,2020-01-21,42589.68,0.0977,0,Low
1930415949.0,0200418007,2020-01-21,57770.75,0.3763,0,Medium
1930416187.0,0200782669,2020-01-21,7594.04,0.7544,1,High
1930416230.0,0200726979,2020-01-21,267.54,0.3642,0,Medium
1930416280.0,0200793568,2020-01-21,85455.01,0.4226,0,Medium
1930416420.0,0200780383,2020-01-21,141205.69,0.285,0,Low
1930416526.0,0200793568,2020-01-21,72239.21,0.445,0,Medium
1930416554.0,0200778870,2020-01-21,33378.0,0.952,1,High
1930416606.0,CCCA02,2020-01-21,15908.4,0.7943,1,High
1930416628.0,0200793568,2020-01-21,23011.15,0.5738,1,Medium
1930420732.0,0200561861,2020-01-21,93787.44,0.0973,0,Low
1930420747.0,0200769623,2020-01-21,11417.14,0.426,0,Medium
1930420822.0,0200769623,2020-01-21,1118.71,0.2481,0,Low
1930420922.0,0200769623,2020-01-21,49740.08,0.1246,0,Low
1930420958.0,0200794332,2020-01-21,9987.21,0.2375,0,Low
1930421106.0,0200769623,2020-01-21,39365.46,0.093,0,Low
1930421194.0,0200769623,2020-01-21,30705.47,0.2276,0,Low
1930421313.0,0200704045,2020-01-21,39836.12,0.2692,0,Low
1930421561.0,0200974851,2020-01-21,2409.93,0.1764,0,Low
1930421608.0,0200792734,2020-01-21,22146.36,0.2241,0,Low
1930422050.0,0200797452,2020-01-21,51236.64,0.6698,1,Medium
1930422203.0,0200794332,2020-01-21,20102.37,0.1493,0,Low
1930422212.0,0200739941,2020-01-21,10181.86,0.5243,1,Medium
1930422263.0,0200739534,2020-01-21,10558.75,0.5288,1,Medium
1930422267.0,0200900909,2020-01-21,46237.82,0.5845,1,Medium
1930422794.0,0200279964,2020-01-21,34070.19,0.751,1,High
1930423206.0,0200974851,2020-01-21,2612.1,0.1764,0,Low
1930424243.0,0200782001,2020-01-21,90541.1,0.3027,0,Medium
1930424426.0,0200772670,2020-01-21,60573.41,0.5025,1,Medium
1930424462.0,0200739534,2020-01-21,19894.37,0.5048,1,Medium
1930424700.0,0200726979,2020-01-21,417.86,0.3582,0,Medium
1930424803.0,0200752393,2020-01-21,21499.31,0.1295,0,Low
1930424890.0,0200186937,2020-01-21,19155.55,0.8626,1,High
1930424917.0,0200729942,2020-01-21,14959.04,0.1781,0,Low
1930425058.0,0200762301,2020-01-21,94240.45,0.1417,0,Low
1930425194.0,0200782669,2020-01-21,24519.66,0.8106,1,High
1930432671.0,0200726979,2020-01-21,404.3,0.3582,0,Medium
1930443670.0,0200724999,2020-01-21,49042.8,0.9879,1,High
1991838704.0,CC6000,2020-01-21,17497.75,0.9488,1,High
2960608147.0,0140106408,2020-01-21,142535.75,0.9328,1,High
2960608340.0,0140105686,2020-01-21,12244.15,0.9664,1,High
2960608720.0,0140118172,2020-01-21,72712.32,0.0331,0,Low
2960608723.0,0140118172,2020-01-21,76881.18,0.0331,0,Low
2960609018.0,0140118168,2020-01-21,28704.0,0.6335,1,Medium
1930401221.0,0200435191,2020-01-22,32669.4,0.1656,0,Low
1930401790.0,0200741174,2020-01-22,11150.94,0.876,1,High
1930402423.0,0200756072,2020-01-22,8872.92,0.263,0,Low
1930406249.0,0200718130,2020-01-22,2065.55,0.6144,1,Medium
1930409839.0,0200418007,2020-01-22,6076.84,0.3335,0,Medium
1930411306.0,0200782001,2020-01-22,1872.9,0.1581,0,Low
1930411415.0,0200782669,2020-01-22,7448.63,0.7388,1,High
1930413299.0,0200763152,2020-01-22,40627.19,0.4324,0,Medium
1930413626.0,0200386051,2020-01-22,1555.38,0.2886,0,Low
1930414099.0,0200794332,2020-01-22,100889.81,0.0958,0,Low
1930414465.0,0200769623,2020-01-22,15482.2,0.1458,0,Low
1930414605.0,0200761734,2020-01-22,18336.95,0.1463,0,Low
1930414903.0,0200418007,2020-01-22,1172.96,0.3148,0,Medium
1930414917.0,0100043955,2020-01-22,18392.58,0.8336,1,High
1930415019.0,0200769623,2020-01-22,36601.22,0.0896,0,Low
1930415156.0,0200761734,2020-01-22,136040.9,0.0903,0,Low
1930415305.0,0200769623,2020-01-22,9048.16,0.3236,0,Medium
1930415312.0,0200337148,2020-01-22,54714.07,0.1301,0,Low
1930416205.0,0200769623,2020-01-22,1443.29,0.2152,0,Low
1930416271.0,0200793088,2020-01-22,59634.16,0.0947,0,Low
1930416474.0,0200769623,2020-01-22,35680.77,0.1227,0,Low
1930416532.0,0200772595,2020-01-22,23035.76,0.2895,0,Low
1930416593.0,0200769623,2020-01-22,661.11,0.3034,0,Medium
1930418291.0,0200726979,2020-01-22,359.74,0.3514,0,Medium
1930418360.0,0200705089,2020-01-22,16942.73,0.186,0,Low
1930418450.0,0200126819,2020-01-22,19775.53,0.2888,0,Low
1930420618.0,0200418007,2020-01-22,3485.08,0.3143,0,Medium
1930420701.0,0200706844,2020-01-22,19497.84,0.2176,0,Low
1930420907.0,0200773364,2020-01-22,6450.38,0.1625,0,Low
1930420908.0,0200773364,2020-01-22,78834.85,0.109,0,Low
1930420919.0,0200794332,2020-01-22,8707.39,0.2199,0,Low
1930420951.0,0200769623,2020-01-22,2181.1,0.179,0,Low
1930420990.0,0200769623,2020-01-22,34992.73,0.1278,0,Low
1930421078.0,0200769623,2020-01-22,64421.64,0.1819,0,Low
1930421166.0,0200778870,2020-01-22,3146.76,0.9126,1,High
1930421192.0,0200761734,2020-01-22,100126.3,0.0878,0,Low
1930421212.0,0200794332,2020-01-22,95091.48,0.0947,0,Low
1930421213.0,0200519201,2020-01-22,233360.37,0.2335,0,Low
1930421235.0,0200769623,2020-01-22,1147.72,0.2576,0,Low
1930421301.0,0200769623,2020-01-22,1322.22,0.2437,0,Low
1930421442.0,0200126819,2020-01-22,95.94,0.4489,0,Medium
1930421504.0,0200704858,2020-01-22,89709.54,0.1209,0,Low
1930421511.0,0200418007,2020-01-22,49649.3,0.311,0,Medium
1930421514.0,0200418007,2020-01-22,2417.14,0.3168,0,Medium
1930421550.0,0200756072,2020-01-22,15047.9,0.2403,0,Low
1930421565.0,0200762301,2020-01-22,14228.67,0.1731,0,Low
1930421698.0,0200749782,2020-01-22,133712.86,0.1713,0,Low
1930422075.0,0200769623,2020-01-22,20287.15,0.2324,0,Low
1930422102.0,0200769623,2020-01-22,16151.2,0.1589,0,Low
1930422492.0,0200416837,2020-01-22,5517.71,0.7264,1,High
1930422777.0,0200769623,2020-01-22,27556.35,0.271,0,Low
1930423090.0,0200769623,2020-01-22,17719.73,0.2294,0,Low
1930423093.0,0200762301,2020-01-22,20853.32,0.1677,0,Low
1930423248.0,0200782001,2020-01-22,29690.13,0.1655,0,Low
1930424250.0,0200756072,2020-01-22,63596.99,0.2443,0,Low
1930424368.0,0200002965,2020-01-22,14525.74,0.4195,0,Medium
1930424440.0,0200769623,2020-01-22,47392.8,0.1139,0,Low
1930424441.0,0200769623,2020-01-22,776.58,0.2903,0,Low
1930424444.0,0200769623,2020-01-22,162.36,0.2677,0,Low
1930424514.0,0100056244,2020-01-22,57420.0,0.6036,1,Medium
1930424526.0,0200418007,2020-01-22,143460.02,0.2362,0,Low
1930424632.0,0200779719,2020-01-22,15970.51,0.1233,0,Low
1930424728.0,0200726979,2020-01-22,506.79,0.3366,0,Medium
1930424827.0,0200762301,2020-01-22,11443.16,0.2602,0,Low
1930424949.0,0200797984,2020-01-22,151412.12,0.1535,0,Low
1930424984.0,0200486270,2020-01-22,9506.24,0.198,0,Low
1930424997.0,0200762301,2020-01-22,97783.91,0.141,0,Low
1930425083.0,0200769623,2020-01-22,27217.31,0.261,0,Low
1930425573.0,0200769623,2020-01-22,1001.87,0.2848,0,Low
1930425664.0,0200769623,2020-01-22,9028.27,0.3236,0,Medium
1930425690.0,0200974851,2020-01-22,442.37,0.2474,0,Low
1930425693.0,0200148860,2020-01-22,17483.09,0.1562,0,Low
1930425695.0,0200729290,2020-01-22,46994.53,0.5323,1,Medium
1930425726.0,0200769623,2020-01-22,117.67,0.2757,0,Low
1930425815.0,0200795490,2020-01-22,88407.36,0.8775,1,High
1930425846.0,0200743129,2020-01-22,8529.7,0.1993,0,Low
1930425879.0,0200712102,2020-01-22,39135.0,0.9192,1,High
1930425903.0,0200769623,2020-01-22,46665.94,0.0944,0,Low
1930425966.0,0200714710,2020-01-22,23712.92,0.6301,1,Medium
1930426112.0,0200769623,2020-01-22,13614.19,0.212,0,Low
1930426148.0,0200936373,2020-01-22,37353.06,0.4539,1,Medium
1930426157.0,0100013928,2020-01-22,7168.96,0.8145,1,High
1930426291.0,0200756072,2020-01-22,26970.22,0.2557,0,Low
1930426361.0,0200230690,2020-01-22,3210.82,0.0103,0,Low
1930426402.0,0200707822,2020-01-22,87973.43,0.1237,0,Low
1930426442.0,0200416837,2020-01-22,6315.33,0.0153,0,Low
1930426470.0,0200230690,2020-01-22,42920.24,0.4451,0,Medium
1930426555.0,0200230690,2020-01-22,118.2,0.0079,0,Low
1930426560.0,0200416837,2020-01-22,1913.44,0.0104,0,Low
1930426565.0,0200416837,2020-01-22,1121.1,0.0119,0,Low
1930426633.0,0200759878,2020-01-22,22914.63,0.6495,1,Medium
1930426736.0,0200974851,2020-01-22,5456.92,0.2114,0,Low
1930426810.0,0200152991,2020-01-22,3678.63,0.1145,0,Low
1930426813.0,0100043936,2020-01-22,16823.17,0.8904,1,High
1930426829.0,0200769623,2020-01-22,27301.94,0.271,0,Low
1930426942.0,0200416837,2020-01-22,286.7,0.0103,0,Low
1930426971.0,0200020431,2020-01-22,349.44,0.0089,0,Low
1930427032.0,0200416837,2020-01-22,3923.88,0.7298,1,High
1930427035.0,0200416837,2020-01-22,22256.61,0.4857,1,Medium
1930427039.0,0100043902,2020-01-22,1719.12,0.2299,0,Low
1930427061.0,0200020431,2020-01-22,5534.3,0.0135,0,Low
1930427108.0,0200416837,2020-01-22,1667.09,0.4295,0,Medium
1930427118.0,0200230690,2020-01-22,154.92,0.0079,0,Low
1930427138.0,0200772595,2020-01-22,102552.91,0.2434,0,Low
1930427202.0,0200020431,2020-01-22,2958.7,0.0109,0,Low
1930427307.0,0200020431,2020-01-22,667.08,0.0104,0,Low
1930427315.0,0200592182,2020-01-22,8123.57,0.3735,0,Medium
1930428518.0,0200789077,2020-01-22,40065.82,0.6644,1,Medium
1930428522.0,0200152991,2020-01-22,2138.17,0.2089,0,Low
1930428530.0,0200980828,2020-01-22,1903.74,0.0846,0,Low
1930429965.0,0200984794,2020-01-22,17902.79,0.5327,1,Medium
1930430068.0,0200769623,2020-01-22,26085.67,0.258,0,Low
1930430105.0,0200152991,2020-01-22,157.07,0.2944,0,Low
1930430109.0,0200714710,2020-01-22,31195.84,0.634,1,Medium
1930430133.0,0200833713,2020-01-22,147.47,0.4457,0,Medium
1930430346.0,0200820380,2020-01-22,1012.02,0.3557,0,Medium
1930430419.0,0200781803,2020-01-22,550.41,0.1697,0,Low
1930430528.0,0200833713,2020-01-22,669.37,0.4533,1,Medium
1930430536.0,0200743129,2020-01-22,1447.5,0.2567,0,Low
1930430607.0,0200726979,2020-01-22,348.14,0.3514,0,Medium
1930430706.0,CCCA02,2020-01-22,14242.77,0.7624,1,High
1930430867.0,0100032284,2020-01-22,28136.25,0.8686,1,High
1930430918.0,0200795490,2020-01-22,57598.45,0.8905,1,High
1930431042.0,0200733702,2020-01-22,32121.23,0.2951,0,Low
1930431130.0,0200750051,2020-01-22,135223.6,0.1707,0,Low
1930433510.0,0200726979,2020-01-22,436.53,0.3492,0,Medium
1930439702.0,0200833713,2020-01-22,753.17,0.4554,1,Medium
1991838415.0,CC6600,2020-01-22,22120.76,0.969,1,High
2960608270.0,0140106421,2020-01-22,13502.75,0.8563,1,High
2960608344.0,0140106181,2020-01-22,12593.88,0.9943,1,High
2960608348.0,0140104440,2020-01-22,340063.6,0.9298,1,High
2960608735.0,0140106181,2020-01-22,15890.4,0.9943,1,High
2960609520.0,0140104429,2020-01-22,1824.43,0.7204,1,High
2960609524.0,0140106408,2020-01-22,17746.47,0.9894,1,High
2960609555.0,0140104429,2020-01-22,4402.77,0.7292,1,High
2960609615.0,0140106181,2020-01-22,9594.73,0.9829,1,High
1930401409.0,0200799367,2020-01-23,49990.23,0.3352,0,Medium
1930401950.0,0200331749,2020-01-23,797.48,0.5297,1,Medium
1930409445.0,0200799367,2020-01-23,5911.89,0.3467,0,Medium
1930410157.0,0100050364,2020-01-23,3475.69,0.4173,0,Medium
1930411621.0,0200769623,2020-01-23,13326.18,0.23,0,Low
1930416437.0,0200769623,2020-01-23,14467.83,0.1516,0,Low
1930416562.0,0200555117,2020-01-23,93679.51,0.3493,0,Medium
1930416657.0,0200782669,2020-01-23,17580.56,0.746,1,High
1930418455.0,0200762301,2020-01-23,15159.46,0.1486,0,Low
1930418678.0,0200769623,2020-01-23,77198.9,0.0515,0,Low
1930420889.0,0200769623,2020-01-23,1898.2,0.0986,0,Low
1930420945.0,0200761734,2020-01-23,65970.41,0.1244,0,Low
1930421120.0,0200744019,2020-01-23,13556.41,0.5254,1,Medium
1930421502.0,0200769623,2020-01-23,14673.07,0.1397,0,Low
1930421616.0,0200759878,2020-01-23,29960.1,0.6462,1,Medium
1930421825.0,CCCA02,2020-01-23,19264.0,0.7125,1,High
1930421934.0,0200769623,2020-01-23,1057.79,0.2408,0,Low
1930422211.0,0200759878,2020-01-23,10134.54,0.6586,1,Medium
1930423187.0,0200129450,2020-01-23,43631.14,0.9047,1,High
1930424338.0,0200744019,2020-01-23,24533.31,0.5164,1,Medium
1930424422.0,0200756072,2020-01-23,28156.8,0.2481,0,Low
1930424428.0,0200806580,2020-01-23,3792.0,0.0696,0,Low
1930424687.0,0200794332,2020-01-23,1477.56,0.1795,0,Low
1930424800.0,0200761734,2020-01-23,89307.94,0.0857,0,Low
1930424835.0,0200752302,2020-01-23,16592.16,0.2098,0,Low
1930424836.0,0200769623,2020-01-23,6664.28,0.1749,0,Low
1930424958.0,0200773364,2020-01-23,423.4,0.256,0,Low
1930424988.0,0200769623,2020-01-23,9802.64,0.3063,0,Medium
1930425041.0,0200769623,2020-01-23,16336.24,0.1322,0,Low
1930425196.0,0200881076,2020-01-23,17760.5,0.171,0,Low
1930425340.0,0200780383,2020-01-23,114573.03,0.2738,0,Low
1930425486.0,0200707005,2020-01-23,79554.05,0.2099,0,Low
1930425557.0,0200769623,2020-01-23,59360.47,0.1867,0,Low
1930425566.0,0200744019,2020-01-23,62137.27,0.5519,1,Medium
1930425746.0,0200764795,2020-01-23,3513.99,0.6264,1,Medium
1930425764.0,0200769623,2020-01-23,57465.38,0.1867,0,Low
1930425909.0,0200759878,2020-01-23,86724.9,0.1089,0,Low
1930425953.0,0200704858,2020-01-23,94393.8,0.113,0,Low
1930426229.0,0200769623,2020-01-23,276.52,0.2413,0,Low
1930426322.0,0200290370,2020-01-23,19114.33,0.932,1,High
1930426495.0,0200759878,2020-01-23,37918.03,0.5453,1,Medium
1930426538.0,0200769623,2020-01-23,47853.3,0.0955,0,Low
1930426795.0,0200769369,2020-01-23,1055.35,0.2594,0,Low
1930426930.0,0200769623,2020-01-23,15440.59,0.1209,0,Low
1930427140.0,0200759878,2020-01-23,18099.38,0.6073,1,Medium
1930427473.0,0200230690,2020-01-23,25.92,0.007,0,Low
1930427489.0,0200230690,2020-01-23,47.28,0.007,0,Low
1930427614.0,0200762301,2020-01-23,1670.85,0.1775,0,Low
1930428451.0,CCCA02,2020-01-23,47517.62,0.685,1,Medium
1930428498.0,0200705089,2020-01-23,13538.39,0.181,0,Low
1930428632.0,CCCA02,2020-01-23,14612.4,0.7309,1,High
1930430098.0,0200230690,2020-01-23,715.88,0.0065,0,Low
1930430172.0,0200799538,2020-01-23,90473.16,0.4719,1,Medium
1930430276.0,0200592182,2020-01-23,6892.2,0.0092,0,Low
1930430291.0,0200020431,2020-01-23,665.43,0.311,0,Medium
1930430294.0,0200020431,2020-01-23,2606.32,0.0083,0,Low
1930430368.0,0200230690,2020-01-23,6923.03,0.3503,0,Medium
1930430382.0,0200020431,2020-01-23,103.92,0.0074,0,Low
1930430396.0,0200020431,2020-01-23,311.88,0.007,0,Low
1930430460.0,0200230690,2020-01-23,964.24,0.2654,0,Low
1930430462.0,0200230690,2020-01-23,330.9,0.2325,0,Low
1930430463.0,0200592182,2020-01-23,5134.58,0.008,0,Low
1930430465.0,0200230690,2020-01-23,103.92,0.0064,0,Low
1930430480.0,0200020431,2020-01-23,2800.43,0.0083,0,Low
1930430510.0,0200705742,2020-01-23,348.64,0.0961,0,Low
1930430611.0,0200759878,2020-01-23,20365.76,0.6073,1,Medium
1930430637.0,0200726979,2020-01-23,497.47,0.3068,0,Medium
1930430669.0,0200230690,2020-01-23,1782.59,0.8154,1,High
1930430675.0,0200230690,2020-01-23,17160.63,0.8577,1,High
1930430680.0,0200230690,2020-01-23,134.56,0.0062,0,Low
1930430704.0,CCCA02,2020-01-23,14612.4,0.7309,1,High
1930430855.0,0200230690,2020-01-23,3871.36,0.0086,0,Low
1930430886.0,0200743129,2020-01-23,147786.35,0.1392,0,Low
1930430935.0,0200782001,2020-01-23,58590.56,0.2944,0,Low
1930431010.0,0200020431,2020-01-23,10273.52,0.383,0,Medium
1930431123.0,0200793568,2020-01-23,11262.8,0.4973,1,Medium
1930431151.0,0200778870,2020-01-23,7480.06,0.9407,1,High
1930431158.0,0200794332,2020-01-23,3990.38,0.1643,0,Low
1930431291.0,0200749782,2020-01-23,1191.28,0.2636,0,Low
1930431319.0,0200776463,2020-01-23,38201.76,0.218,0,Low
1930431494.0,0200775094,2020-01-23,62583.77,0.388,0,Medium
1930431534.0,0100026939,2020-01-23,998.6,0.7841,1,High
1930431537.0,0100026939,2020-01-23,2505.47,0.8003,1,High
1930431556.0,0200705742,2020-01-23,16848.4,0.0907,0,Low
1930431663.0,0200974851,2020-01-23,95.13,0.2262,0,Low
1930431672.0,0200759082,2020-01-23,92019.29,0.3766,0,Medium
1930431723.0,0200769623,2020-01-23,42200.7,0.0785,0,Low
1930431954.0,0200705742,2020-01-23,48503.95,0.073,0,Low
1930431959.0,0200794332,2020-01-23,32715.47,0.1225,0,Low
1930432001.0,0200974851,2020-01-23,2561.19,0.1663,0,Low
1930432030.0,0200776463,2020-01-23,52725.92,0.2139,0,Low
1930432136.0,0200609331,2020-01-23,15370.73,0.1893,0,Low
1930432157.0,0200761734,2020-01-23,89382.66,0.0857,0,Low
1930432245.0,0200712187,2020-01-23,12012.73,0.1126,0,Low
1930432312.0,0200769623,2020-01-23,859.02,0.251,0,Low
1930432334.0,0100031704,2020-01-23,113658.92,0.3552,0,Medium
1930432360.0,0200750051,2020-01-23,3505.95,0.1893,0,Low
1930432368.0,0200705742,2020-01-23,52922.96,0.0957,0,Low
1930432455.0,0200769623,2020-01-23,1898.2,0.0986,0,Low
1930432600.0,0200779906,2020-01-23,37070.91,0.887,1,High
1930432665.0,0200726979,2020-01-23,259.96,0.3256,0,Medium
1930432679.0,0200778355,2020-01-23,32196.81,0.5121,1,Medium
1930432691.0,0200718130,2020-01-23,586.53,0.5434,1,Medium
1930432696.0,0200357714,2020-01-23,10604.67,0.6535,1,Medium
1930432808.0,0200721330,2020-01-23,88400.25,0.8723,1,High
1930432813.0,0200727272,2020-01-23,70349.39,0.5909,1,Medium
1930432847.0,0200726979,2020-01-23,224.92,0.3256,0,Medium
1930432876.0,0200229974,2020-01-23,2511.1,0.2219,0,Low
1930432943.0,0200974851,2020-01-23,3147.62,0.0574,0,Low
1930433200.0,0200794332,2020-01-23,33778.35,0.1188,0,Low
1930433422.0,0200726979,2020-01-23,477.34,0.2998,0,Low
1930433435.0,0200865666,2020-01-23,2199.59,0.0896,0,Low
1930433516.0,0200726979,2020-01-23,320.62,0.322,0,Medium
1930433732.0,0200920735,2020-01-23,68790.89,0.1598,0,Low
1930434482.0,0200739534,2020-01-23,76337.26,0.4444,0,Medium
1930435323.0,0200705742,2020-01-23,53038.64,0.1079,0,Low
1930435685.0,0100032284,2020-01-23,21031.5,0.8541,1,High
1930435711.0,0200769623,2020-01-23,3232.69,0.1479,0,Low
1930435713.0,0200769623,2020-01-23,1355.24,0.1792,0,Low
1930435933.0,0200769623,2020-01-23,33230.24,0.1263,0,Low
1930435954.0,0200769623,2020-01-23,15391.44,0.1209,0,Low
1990571601.0,0200978592,2020-01-23,43060.89,0.843,1,High
2960608664.0,0140105847,2020-01-23,67110.85,0.5065,1,Medium
2960608748.0,0140118172,2020-01-23,85623.81,0.0329,0,Low
2960608972.0,0140105686,2020-01-23,78248.68,0.9675,1,High
2960609317.0,0140106372,2020-01-23,5840.28,0.6243,1,Medium
2960609902.0,0140104423,2020-01-23,385042.34,0.3741,0,Medium
2960610218.0,0140104409,2020-01-23,11193.0,0.1673,0,Low
1930391920.0,0100043933,2020-01-24,49885.92,0.4451,0,Medium
1930412333.0,0200435191,2020-01-24,49842.36,0.203,0,Low
1930412757.0,0200516657,2020-01-24,10904.7,0.9374,1,High
1930413147.0,0200696090,2020-01-24,3899.95,0.8801,1,High
1930413972.0,0200915438,2020-01-24,20163.82,0.7731,1,High
1930416405.0,CCU013,2020-01-24,6811.24,0.9979,1,High
1930421121.0,0200799367,2020-01-24,35615.31,0.8693,1,High
1930421646.0,0200759878,2020-01-24,14013.3,0.9167,1,High
1930422445.0,0200769623,2020-01-24,47493.9,0.1205,0,Low
1930424635.0,0200769623,2020-01-24,27387.82,0.3032,0,Medium
1930424667.0,0200706844,2020-01-24,11547.94,0.8654,1,High
1930425180.0,0200769623,2020-01-24,50919.34,0.1788,0,Low
1930425607.0,0200936373,2020-01-24,11333.84,0.9227,1,High
1930425918.0,0100030964,2020-01-24,6940.96,0.1389,0,Low
1930425998.0,0200936373,2020-01-24,184187.77,0.8896,1,High
1930426144.0,CCCA02,2020-01-24,17181.45,0.4699,1,Medium
1930426501.0,0200769623,2020-01-24,1983.35,0.2524,0,Low
1930428278.0,CCU013,2020-01-24,39.77,0.9901,1,High
1930428578.0,0200793088,2020-01-24,122538.65,0.2014,0,Low
1930428594.0,0200148860,2020-01-24,193577.13,0.4199,0,Medium
1930428626.0,0200769623,2020-01-24,57396.24,0.2247,0,Low
1930428685.0,0200769623,2020-01-24,16178.17,0.1951,0,Low
1930428686.0,0200769623,2020-01-24,42097.41,0.0949,0,Low
1930428694.0,0200769623,2020-01-24,19103.86,0.2522,0,Low
1930428763.0,0200148860,2020-01-24,191878.36,0.4199,0,Medium
1930430112.0,0100031704,2020-01-24,97145.51,0.8892,1,High
1930430142.0,0200455322,2020-01-24,31519.75,0.8712,1,High
1930430353.0,0200396637,2020-01-24,52767.0,0.3112,0,Medium
1930430994.0,0200769623,2020-01-24,14761.86,0.2053,0,Low
1930431149.0,0200772595,2020-01-24,4497.97,0.9192,1,High
1930431304.0,0200769623,2020-01-24,11307.78,0.445,0,Medium
1930431452.0,0200769623,2020-01-24,47504.19,0.1205,0,Low
1930431464.0,0200762301,2020-01-24,1778.34,0.8565,1,High
1930431707.0,0200769623,2020-01-24,14384.43,0.2214,0,Low
1930431773.0,0100030964,2020-01-24,23230.0,0.144,0,Low
1930431861.0,0200769623,2020-01-24,33164.58,0.168,0,Low
1930431912.0,0200769623,2020-01-24,813.81,0.3706,0,Medium
1930431998.0,0200785971,2020-01-24,2812.48,0.9258,1,High
1930432011.0,0200769623,2020-01-24,68106.88,0.1826,0,Low
1930432062.0,0200791792,2020-01-24,53597.03,0.4581,1,Medium
1930432063.0,0200759878,2020-01-24,90404.74,0.5746,1,Medium
1930432069.0,0200769623,2020-01-24,57658.91,0.2247,0,Low
1930432303.0,0200769623,2020-01-24,9013.0,0.3852,0,Medium
1930432379.0,0200424504,2020-01-24,31835.39,0.9595,1,High
1930432435.0,0200794332,2020-01-24,35756.9,0.2231,0,Low
1930432476.0,0200726979,2020-01-24,625.62,0.9245,1,High
1930432499.0,0200803720,2020-01-24,534.6,0.048,0,Low
1930432639.0,0200769623,2020-01-24,16119.8,0.1951,0,Low
1930432656.0,0200769623,2020-01-24,2416.07,0.2383,0,Low
1930432684.0,0200769623,2020-01-24,58223.81,0.2247,0,Low
1930432689.0,CCCA02,2020-01-24,18844.8,0.4669,1,Medium
1930432697.0,0200705742,2020-01-24,46136.01,0.0683,0,Low
1930432843.0,0200769623,2020-01-24,4272.86,0.2475,0,Low
1930432882.0,0200353024,2020-01-24,96.02,0.4213,0,Medium
1930432952.0,0200769623,2020-01-24,8984.8,0.3852,0,Medium
1930432961.0,0200761734,2020-01-24,114635.37,0.2723,0,Low
1930432969.0,0200353024,2020-01-24,2545.52,0.5006,1,Medium
1930432974.0,0200353024,2020-01-24,255.6,0.0443,0,Low
1930432985.0,0200803720,2020-01-24,10971.62,0.074,0,Low
1930432995.0,0200803720,2020-01-24,17093.34,0.5828,1,Medium
1930433053.0,0200799538,2020-01-24,69045.23,0.8968,1,High
1930433486.0,0200803720,2020-01-24,502.02,0.0461,0,Low
1930433525.0,0200726979,2020-01-24,364.17,0.9247,1,High
1930433605.0,0200726979,2020-01-24,587.44,0.9183,1,High
1930433777.0,0200434439,2020-01-24,772.19,0.9366,1,High
1930433904.0,0200353024,2020-01-24,103.92,0.0418,0,Low
1930433930.0,0200353024,2020-01-24,19969.02,0.5709,1,Medium
1930433935.0,0200353024,2020-01-24,858.24,0.049,0,Low
1930434251.0,0200775660,2020-01-24,12723.7,0.8629,1,High
1930434282.0,0200769623,2020-01-24,5056.87,0.259,0,Low
1930434362.0,0200769623,2020-01-24,4949.22,0.259,0,Low
1930434440.0,0200555117,2020-01-24,79729.46,0.8242,1,High
1930434598.0,0200762950,2020-01-24,78028.37,0.6648,1,Medium
1930435384.0,0200152991,2020-01-24,573.97,0.3768,0,Medium
1930435415.0,0200803720,2020-01-24,6704.33,0.5926,1,Medium
1930435448.0,0200592182,2020-01-24,18264.04,0.4636,1,Medium
1930435503.0,0200353024,2020-01-24,3766.19,0.5146,1,Medium
1930435520.0,0200803720,2020-01-24,103.92,0.0436,0,Low
1930435525.0,0200803720,2020-01-24,1299.93,0.0549,0,Low
1930435528.0,0200803720,2020-01-24,3319.94,0.5292,1,Medium
1930435530.0,0200803720,2020-01-24,1320.76,0.0549,0,Low
1930435551.0,0200769623,2020-01-24,943.13,0.3644,0,Medium
1930435557.0,0200769623,2020-01-24,21744.2,0.2596,0,Low
1930435726.0,0200707822,2020-01-24,81113.37,0.8476,1,High
1930435923.0,0200769623,2020-01-24,878.49,0.3772,0,Medium
1930436022.0,0200769623,2020-01-24,886.67,0.3772,0,Medium
1930436165.0,0200875006,2020-01-24,38705.48,0.8051,1,High
1930436173.0,0200769623,2020-01-24,54396.99,0.1997,0,Low
1930436308.0,0200780383,2020-01-24,47613.18,0.9097,1,High
1930436432.0,0100036062,2020-01-24,23847.8,0.2467,0,Low
1930436437.0,0200796828,2020-01-24,31040.68,0.2413,0,Low
1930436705.0,0200762301,2020-01-24,101178.39,0.8175,1,High
1930436745.0,0100006311,2020-01-24,21011.32,0.2103,0,Low
1930436833.0,0200705742,2020-01-24,43401.18,0.1649,0,Low
1930437007.0,0200774000,2020-01-24,106601.62,0.1802,0,Low
1930437086.0,0200772670,2020-01-24,7566.6,0.9119,1,High
1930437216.0,0100031704,2020-01-24,4094.67,0.912,1,High
1930437221.0,0200705742,2020-01-24,18889.84,0.2332,0,Low
1930437429.0,0200772595,2020-01-24,173755.57,0.9133,1,High
1930437611.0,0200794332,2020-01-24,3402.12,0.356,0,Medium
1930438435.0,0200739534,2020-01-24,54404.97,0.9102,1,High
1930438462.0,0200769623,2020-01-24,53349.54,0.1883,0,Low
1930438480.0,0200782772,2020-01-24,54645.29,0.1449,0,Low
1930440108.0,0200794332,2020-01-24,42526.79,0.2029,0,Low
1930440110.0,0200705742,2020-01-24,66431.38,0.1014,0,Low
1930440637.0,0200711029,2020-01-24,23010.44,0.7968,1,High
1930441521.0,0200769623,2020-01-24,14457.17,0.2214,0,Low
1930443751.0,0200705742,2020-01-24,1389.72,0.109,0,Low
1930445086.0,0200769623,2020-01-24,471.56,0.3532,0,Medium
1991838800.0,0140101584,2020-01-24,8719.58,0.5312,1,Medium
1991839205.0,0100046479,2020-01-24,13886.0,0.1966,0,Low
2960609325.0,0140106408,2020-01-24,186427.66,0.9926,1,High
2960609759.0,0140105847,2020-01-24,39234.36,0.8167,1,High
2960610011.0,0140106231,2020-01-24,42099.83,0.9014,1,High
2960610031.0,0140105847,2020-01-24,9.22,0.8723,1,High
2960610216.0,0140106408,2020-01-24,155436.17,0.9944,1,High
1930420968.0,0200752302,2020-01-25,18230.74,0.9195,1,High
1930425835.0,0200759878,2020-01-25,5903.19,0.9254,1,High
1930425943.0,0200759878,2020-01-25,78094.37,0.0895,0,Low
1930430166.0,0200387240,2020-01-25,8582.04,0.9244,1,High
1930431146.0,0200769623,2020-01-25,14834.19,0.2057,0,Low
1930431759.0,CCCA02,2020-01-25,17390.06,0.4287,0,Medium
1930432104.0,0200148860,2020-01-25,15419.25,0.7954,1,High
1930432258.0,0200769623,2020-01-25,70076.33,0.0879,0,Low
1930432265.0,0200769623,2020-01-25,7934.3,0.3733,0,Medium
1930433599.0,0200744019,2020-01-25,6665.43,0.9121,1,High
1930433832.0,0200744019,2020-01-25,22993.63,0.8932,1,High
1930433948.0,0200761734,2020-01-25,100535.91,0.4559,1,Medium
1930433952.0,0200744019,2020-01-25,12697.45,0.9049,1,High
1930433981.0,0200769623,2020-01-25,18688.04,0.2857,0,Low
1930434375.0,0200769623,2020-01-25,51350.49,0.1985,0,Low
1930434449.0,0200769623,2020-01-25,35101.35,0.1443,0,Low
1930434451.0,0200769623,2020-01-25,430.24,0.3527,0,Medium
1930434459.0,0200769623,2020-01-25,25195.88,0.3183,0,Medium
1930434494.0,0200769623,2020-01-25,9460.66,0.3824,0,Medium
1930435342.0,0200769623,2020-01-25,12975.23,0.3257,0,Medium
1930435343.0,0200759878,2020-01-25,12668.17,0.9493,1,High
1930435695.0,0200769623,2020-01-25,35381.25,0.1443,0,Low
1930435696.0,0200769623,2020-01-25,1081.78,0.3272,0,Medium
1930435697.0,0200769623,2020-01-25,4087.57,0.2526,0,Low
1930435732.0,0200769623,2020-01-25,29774.1,0.2982,0,Low
1930435735.0,0200769623,2020-01-25,12080.21,0.3408,0,Medium
1930435736.0,0200769623,2020-01-25,14264.68,0.2222,0,Low
1930435761.0,0200769623,2020-01-25,44460.03,0.0968,0,Low
1930436210.0,0200769623,2020-01-25,29060.59,0.2975,0,Low
1930436313.0,0200762301,2020-01-25,20251.65,0.9288,1,High
1930436335.0,0200769623,2020-01-25,26406.72,0.3297,0,Medium
1930436643.0,0200769623,2020-01-25,4088.45,0.2526,0,Low
1930436682.0,0200726979,2020-01-25,357.15,0.9483,1,High
1930436817.0,0200769623,2020-01-25,3934.14,0.2526,0,Low
1930436885.0,CCU013,2020-01-25,19420.8,0.9977,1,High
1930437323.0,0200726979,2020-01-25,345.68,0.9483,1,High
1930438469.0,0200762301,2020-01-25,15293.63,0.9253,1,High
1930438599.0,0200759878,2020-01-25,18064.81,0.9405,1,High
1930440136.0,0200744019,2020-01-25,4592.55,0.9067,1,High
1930440250.0,0200769623,2020-01-25,1322.22,0.3051,0,Medium
1930440251.0,0200769623,2020-01-25,40419.7,0.0968,0,Low
1930440844.0,0200759878,2020-01-25,14027.64,0.9467,1,High
1930441380.0,0100031704,2020-01-25,115318.87,0.9375,1,High
1930441391.0,0200769623,2020-01-25,39534.92,0.0968,0,Low
1930441479.0,0200769623,2020-01-25,61504.08,0.2749,0,Low
1930441505.0,0200769623,2020-01-25,55799.63,0.2314,0,Low
1930441840.0,0200526831,2020-01-25,97324.41,0.8542,1,High
1930441920.0,0200769623,2020-01-25,2867.1,0.2411,0,Low
1930442101.0,0200769623,2020-01-25,15243.61,0.2057,0,Low
1930442201.0,0200772670,2020-01-25,58710.94,0.9487,1,High
1930445014.0,0200726979,2020-01-25,1038.37,0.9503,1,High
1991838903.0,0100053763,2020-01-25,20317.66,0.5156,1,Medium
2960609438.0,0140106379,2020-01-25,48286.99,0.9654,1,High
2960609658.0,0140104409,2020-01-25,26971.96,0.7031,1,High
2960610119.0,0100030194,2020-01-25,15077.44,0.9364,1,High
2960610267.0,0140106408,2020-01-25,15219.23,0.9943,1,High
2960610333.0,0140105678,2020-01-25,22055.85,0.8644,1,High
1930425982.0,CCU002,2020-01-26,90455.08,0.6382,1,Medium
1930425983.0,CCU013,2020-01-26,879.26,0.9902,1,High
1930431735.0,0200794332,2020-01-26,46223.57,0.2934,0,Low
1930432039.0,0200707822,2020-01-26,147523.29,0.3314,0,Medium
1930432900.0,0200769623,2020-01-26,12430.45,0.3422,0,Medium
1930435729.0,0200769623,2020-01-26,1898.2,0.1649,0,Low
1930435755.0,0200769623,2020-01-26,6664.38,0.2731,0,Low
1930436320.0,0200769623,2020-01-26,7949.69,0.3651,0,Medium
1930436510.0,0200761734,2020-01-26,15047.41,0.5579,1,Medium
1930436937.0,0200769623,2020-01-26,16438.08,0.2,0,Low
1930436938.0,0200769623,2020-01-26,16191.91,0.1967,0,Low
1930437080.0,0200769623,2020-01-26,2807.37,0.2348,0,Low
1930437135.0,CCCA02,2020-01-26,14100.24,0.4117,0,Medium
1930437308.0,0200769623,2020-01-26,14196.72,0.2141,0,Low
1930438491.0,0200769623,2020-01-26,54273.28,0.1959,0,Low
1930439764.0,0200759878,2020-01-26,11774.61,0.8794,1,High
1930439770.0,0200769623,2020-01-26,49119.11,0.1209,0,Low
1930439978.0,0200707822,2020-01-26,148446.24,0.3314,0,Medium
1930439991.0,0200761734,2020-01-26,14709.65,0.5579,1,Medium
1930440182.0,0200769623,2020-01-26,7040.18,0.3728,0,Medium
1930440333.0,0200769623,2020-01-26,9644.99,0.4221,0,Medium
1930440372.0,0200769623,2020-01-26,9825.82,0.4221,0,Medium
1930440490.0,0200769623,2020-01-26,44965.42,0.0898,0,Low
1930440949.0,0200769623,2020-01-26,23310.39,0.3122,0,Medium
1930440960.0,0200769623,2020-01-26,51548.27,0.1763,0,Low
1930441308.0,0200769623,2020-01-26,106.67,0.3194,0,Medium
1930441389.0,0200744019,2020-01-26,4966.63,0.851,1,High
1930441459.0,0200769623,2020-01-26,43198.72,0.0874,0,Low
1930441514.0,0200769623,2020-01-26,13938.18,0.2361,0,Low
1930441656.0,0200466603,2020-01-26,151169.6,0.6147,1,Medium
1930441678.0,0200769623,2020-01-26,34090.99,0.1389,0,Low
1930441817.0,0200769623,2020-01-26,42880.57,0.0874,0,Low
1930441818.0,0200769623,2020-01-26,55650.41,0.2001,0,Low
1930441845.0,0200769623,2020-01-26,55926.19,0.2001,0,Low
1930441875.0,0200769623,2020-01-26,66091.21,0.1891,0,Low
1930441876.0,0200769623,2020-01-26,43981.79,0.0874,0,Low
1930441933.0,0200769623,2020-01-26,15452.65,0.1811,0,Low
1930442047.0,0200769623,2020-01-26,38346.73,0.0874,0,Low
1930442156.0,0200769623,2020-01-26,17258.3,0.2456,0,Low
1930442165.0,0200762301,2020-01-26,130230.06,0.734,1,High
1930442167.0,0200706844,2020-01-26,9969.14,0.6463,1,Medium
1930442401.0,0200148860,2020-01-26,15513.09,0.5819,1,Medium
1930442502.0,0200769623,2020-01-26,25318.82,0.3139,0,Medium
1930442664.0,0200769623,2020-01-26,48601.93,0.1095,0,Low
1930442828.0,CCCA02,2020-01-26,14242.77,0.4117,0,Medium
1930442929.0,0200793830,2020-01-26,109917.26,0.7201,1,High
1930443154.0,0200707822,2020-01-26,51638.04,0.3783,0,Medium
1930443167.0,0200707822,2020-01-26,82955.85,0.3489,0,Medium
1930443276.0,0200769623,2020-01-26,8181.05,0.3803,0,Medium
1930443614.0,0200772670,2020-01-26,94017.25,0.7754,1,High
1930443620.0,0200739534,2020-01-26,25435.0,0.8292,1,High
1930444494.0,0200726979,2020-01-26,753.34,0.6114,1,Medium
1930444599.0,0200726979,2020-01-26,239.93,0.6054,1,Medium
1930444661.0,0200726979,2020-01-26,238.51,0.6054,1,Medium
1930445032.0,0200726979,2020-01-26,366.73,0.6016,1,Medium
1930445141.0,0200726979,2020-01-26,141.99,0.6054,1,Medium
2960609342.0,0140104409,2020-01-26,122986.33,0.2123,0,Low
2960609685.0,0140106408,2020-01-26,168943.54,0.9891,1,High
2960609794.0,0140104429,2020-01-26,44179.27,0.712,1,High
2960609796.0,0140104409,2020-01-26,275055.0,0.3878,0,Medium
2960609954.0,0140104429,2020-01-26,133567.53,0.5194,1,Medium
2960609973.0,0140105713,2020-01-26,31872.25,0.3464,0,Medium
2960610279.0,0140106181,2020-01-26,12813.75,0.9832,1,High
2960610284.0,0140106408,2020-01-26,5473.86,0.9937,1,High
2960610404.0,0140105847,2020-01-26,121.92,0.6926,1,Medium
1930402277.0,0100017545,2020-01-27,21473.59,0.1776,0,Low
1930421007.0,0200865160,2020-01-27,35208.76,0.2785,0,Low
1930428289.0,0200793888,2020-01-27,23311.84,0.7644,1,High
1930432473.0,0200762301,2020-01-27,549.68,0.2597,0,Low
1930433944.0,0200762301,2020-01-27,20172.66,0.2028,0,Low
1930434389.0,0200769623,2020-01-27,16208.02,0.1565,0,Low
1930436825.0,0200759878,2020-01-27,91769.85,0.1062,0,Low
1930437379.0,0200097356,2020-01-27,26988.2,0.3971,0,Medium
1930440370.0,0200742521,2020-01-27,16752.11,0.2164,0,Low
1930440487.0,0200769623,2020-01-27,36211.47,0.1068,0,Low
1930440685.0,0200705372,2020-01-27,114664.23,0.2175,0,Low
1930440858.0,0200396637,2020-01-27,52767.0,0.1931,0,Low
1930440873.0,0200762301,2020-01-27,3012.87,0.1829,0,Low
1930440875.0,0200762301,2020-01-27,37393.72,0.1893,0,Low
1930440907.0,0100056666,2020-01-27,22689.58,0.9068,1,High
1930441515.0,0200076137,2020-01-27,12398.4,0.3991,0,Medium
1930441535.0,0200736337,2020-01-27,4223.28,0.814,1,High
1930441621.0,0200769623,2020-01-27,15891.2,0.1565,0,Low
1930441706.0,0200794332,2020-01-27,20557.14,0.1552,0,Low
1930441953.0,0200762301,2020-01-27,5078.41,0.1897,0,Low
1930441977.0,0200780383,2020-01-27,4756.24,0.4859,1,Medium
1930442053.0,0200762301,2020-01-27,5047.22,0.1897,0,Low
1930442086.0,0200726979,2020-01-27,119.95,0.335,0,Medium
1930442112.0,0200772595,2020-01-27,74620.44,0.2653,0,Low
1930442173.0,0200936373,2020-01-27,52883.99,0.5064,1,Medium
1930442343.0,0200769623,2020-01-27,2940.01,0.1494,0,Low
1930442365.0,0200772670,2020-01-27,11997.08,0.564,1,Medium
1930442373.0,0200777735,2020-01-27,88876.45,0.0732,0,Low
1930442474.0,0200778870,2020-01-27,104844.88,0.9142,1,High
1930442475.0,0200778870,2020-01-27,10307.52,0.9247,1,High
1930442531.0,0200726979,2020-01-27,35.73,0.3418,0,Medium
1930442551.0,0200769623,2020-01-27,1328.89,0.188,0,Low
1930442563.0,0200778870,2020-01-27,195.17,0.766,1,High
1930442580.0,0200769623,2020-01-27,6466.27,0.1799,0,Low
1930442741.0,0200353024,2020-01-27,533.2,0.9159,1,High
1930442783.0,0200592182,2020-01-27,83.88,0.0234,0,Low
1930442951.0,0200769623,2020-01-27,37904.66,0.0806,0,Low
1930442971.0,0200705742,2020-01-27,12281.14,0.1074,0,Low
1930443126.0,0200769623,2020-01-27,31961.15,0.1973,0,Low
1930443291.0,0200714710,2020-01-27,44831.92,0.7578,1,High
1930443358.0,0200772670,2020-01-27,50435.15,0.5418,1,Medium
1930443365.0,0200711029,2020-01-27,37810.07,0.2367,0,Low
1930443419.0,0200769623,2020-01-27,53991.66,0.1686,0,Low
1930443451.0,0200769623,2020-01-27,420.65,0.289,0,Low
1930443509.0,0200769623,2020-01-27,14613.93,0.1607,0,Low
1930443605.0,0200769623,2020-01-27,47628.39,0.1012,0,Low
1930443810.0,0200763814,2020-01-27,11415.47,0.6542,1,Medium
1930443943.0,0200774000,2020-01-27,106209.43,0.0627,0,Low
1930443954.0,0200729290,2020-01-27,83103.03,0.5161,1,Medium
1930443964.0,0200793513,2020-01-27,127612.56,0.2046,0,Low
1930443974.0,0200353024,2020-01-27,671.76,0.0277,0,Low
1930443979.0,0200353024,2020-01-27,981.48,0.9207,1,High
1930443990.0,0200353024,2020-01-27,27921.27,0.9337,1,High
1930444025.0,0200759878,2020-01-27,33257.8,0.673,1,Medium
1930444067.0,0200875006,2020-01-27,72733.84,0.1412,0,Low
1930444083.0,0200124634,2020-01-27,29419.74,0.933,1,High
1930444205.0,0200854853,2020-01-27,20379.6,0.7933,1,High
1930444215.0,0200286074,2020-01-27,2612.5,0.5409,1,Medium
1930444218.0,0200743123,2020-01-27,66828.82,0.1773,0,Low
1930444281.0,0200900909,2020-01-27,38319.45,0.5686,1,Medium
1930444315.0,0200743129,2020-01-27,152845.48,0.1556,0,Low
1930444403.0,0200803720,2020-01-27,105.36,0.0314,0,Low
1930444405.0,0200803720,2020-01-27,3190.6,0.9712,1,High
1930444409.0,0200353024,2020-01-27,19250.34,0.9392,1,High
1930444431.0,0200803720,2020-01-27,2021.75,0.0398,0,Low
1930444432.0,0200803720,2020-01-27,367.8,0.0371,0,Low
1930444434.0,0200803720,2020-01-27,208.56,0.0304,0,Low
1930444436.0,0200803720,2020-01-27,2419.76,0.9707,1,High
1930444442.0,0200592182,2020-01-27,1757.09,0.029,0,Low
1930444452.0,0200799538,2020-01-27,48581.1,0.5742,1,Medium
1930444462.0,0200772670,2020-01-27,45546.75,0.5308,1,Medium
1930444522.0,0200416837,2020-01-27,18671.24,0.9671,1,High
1930444533.0,0200803720,2020-01-27,8518.44,0.9772,1,High
1930444738.0,0200378310,2020-01-27,2580.12,0.5896,1,Medium
1930444812.0,0200803720,2020-01-27,3157.94,0.9712,1,High
1930444817.0,0200592182,2020-01-27,9742.92,0.0332,0,Low
1930444820.0,0200592182,2020-01-27,6232.42,0.0305,0,Low
1930444824.0,0200592182,2020-01-27,6404.44,0.0307,0,Low
1930444964.0,0200780383,2020-01-27,183499.97,0.3474,0,Medium
1930445156.0,0200337148,2020-01-27,32461.45,0.1321,0,Low
1930445856.0,0200726979,2020-01-27,340.94,0.3514,0,Medium
1930446253.0,0200707822,2020-01-27,62083.18,0.1446,0,Low
1930446261.0,0200792200,2020-01-27,40710.53,0.6101,1,Medium
1930446294.0,0200769623,2020-01-27,1329.23,0.188,0,Low
1930446393.0,0200434439,2020-01-27,3344.76,0.4904,1,Medium
1930446452.0,0200797452,2020-01-27,12363.26,0.7613,1,High
1930446494.0,0200337148,2020-01-27,2626.41,0.1607,0,Low
1930446496.0,0200337148,2020-01-27,54670.59,0.1173,0,Low
1930447594.0,0200705742,2020-01-27,24843.73,0.0945,0,Low
1930447603.0,0200772670,2020-01-27,10330.16,0.5743,1,Medium
1930447614.0,0200772670,2020-01-27,14912.44,0.5575,1,Medium
1930447724.0,0200331749,2020-01-27,18906.02,0.7336,1,High
1930447791.0,0200739534,2020-01-27,59166.07,0.5494,1,Medium
1930448476.0,0200762301,2020-01-27,9448.48,0.2293,0,Low
1991838904.0,0140103423,2020-01-27,6890.82,0.0646,0,Low
2960609059.0,0140104409,2020-01-27,85776.8,0.2001,0,Low
2960609671.0,0140105785,2020-01-27,43445.51,0.952,1,High
2960609694.0,0140104472,2020-01-27,11641.68,0.9444,1,High
2960609988.0,0140104429,2020-01-27,19812.45,0.6477,1,Medium
2960610429.0,0140104429,2020-01-27,3648.85,0.6074,1,Medium
2960610430.0,0140104429,2020-01-27,14677.22,0.6532,1,Medium
1930421186.0,0200435191,2020-01-28,95437.07,0.1117,0,Low
1930425877.0,0200124052,2020-01-28,1430.4,0.323,0,Medium
1930428285.0,0200769623,2020-01-28,8380.76,0.2868,0,Low
1930431374.0,0200714710,2020-01-28,552.77,0.5046,1,Medium
1930432077.0,0200714710,2020-01-28,2329.43,0.5254,1,Medium
1930438486.0,0200915438,2020-01-28,29722.75,0.2806,0,Low
1930439799.0,0200769623,2020-01-28,15085.59,0.1378,0,Low
1930440442.0,0200275115,2020-01-28,143229.14,0.1061,0,Low
1930441378.0,0200418007,2020-01-28,75287.88,0.3207,0,Medium
1930441647.0,0200418007,2020-01-28,113579.03,0.3096,0,Medium
1930441712.0,0200769623,2020-01-28,3629.22,0.1477,0,Low
1930442071.0,0200741174,2020-01-28,22182.23,0.84,1,High
1930442430.0,0100001196,2020-01-28,8413.8,0.7382,1,High
1930442431.0,0100001196,2020-01-28,7852.88,0.7382,1,High
1930442451.0,0200793088,2020-01-28,70853.09,0.0484,0,Low
1930442923.0,0200762301,2020-01-28,25874.98,0.1834,0,Low
1930443523.0,CCU002,2020-01-28,10248.0,0.6398,1,Medium
1930443710.0,0200781803,2020-01-28,5492.08,0.1661,0,Low
1930444113.0,0200769623,2020-01-28,15481.9,0.1378,0,Low
1930444290.0,0200762301,2020-01-28,111278.22,0.1645,0,Low
1930444352.0,0200769623,2020-01-28,44500.0,0.0817,0,Low
1930444666.0,0200794332,2020-01-28,49375.87,0.1177,0,Low
1930444932.0,0200732755,2020-01-28,51868.51,0.1168,0,Low
1930445046.0,0200749782,2020-01-28,62519.98,0.161,0,Low
1930445057.0,0200769623,2020-01-28,2323.47,0.1558,0,Low
1930445573.0,0200769623,2020-01-28,17400.67,0.2017,0,Low
1930445579.0,0200769623,2020-01-28,14581.06,0.1544,0,Low
1930446439.0,0200418007,2020-01-28,5439.5,0.3453,0,Medium
1930447623.0,0200726979,2020-01-28,30583.99,0.3768,0,Medium
1930447653.0,0200759878,2020-01-28,91011.48,0.1461,0,Low
1930447726.0,0200767520,2020-01-28,28002.6,0.633,1,Medium
1930447731.0,0200472566,2020-01-28,13599.06,0.7871,1,High
1930447769.0,0200769623,2020-01-28,23454.89,0.2133,0,Low
1930447863.0,0200705742,2020-01-28,2257.18,0.1516,0,Low
1930447929.0,0200700919,2020-01-28,63698.84,0.5546,1,Medium
1930448057.0,0200772670,2020-01-28,122392.92,0.3572,0,Medium
1930448105.0,0200726979,2020-01-28,892.53,0.2932,0,Low
1930448155.0,0200434439,2020-01-28,64440.95,0.4436,0,Medium
1930448249.0,0200794332,2020-01-28,36273.03,0.1064,0,Low
1930448389.0,0200744019,2020-01-28,109011.15,0.4374,0,Medium
1930448439.0,0200769623,2020-01-28,71.11,0.2522,0,Low
1930448500.0,0200761734,2020-01-28,109882.26,0.0728,0,Low
1930448633.0,0200769623,2020-01-28,17623.18,0.2017,0,Low
1930448704.0,0200778355,2020-01-28,58886.51,0.4498,0,Medium
1930448724.0,0200761734,2020-01-28,60060.67,0.1274,0,Low
1930448812.0,0200772670,2020-01-28,124.5,0.494,1,Medium
1930448849.0,0200769623,2020-01-28,45588.01,0.084,0,Low
1930448922.0,0200726979,2020-01-28,1286.37,0.2857,0,Low
1930449009.0,0200794332,2020-01-28,32715.47,0.1286,0,Low
1930449106.0,0200955827,2020-01-28,33654.32,0.8855,1,High
1930449187.0,0200936373,2020-01-28,25959.21,0.4158,0,Medium
1930449192.0,0200704045,2020-01-28,62338.09,0.2043,0,Low
1930449209.0,0200769623,2020-01-28,1886.25,0.1273,0,Low
1930449214.0,0200149567,2020-01-28,73316.88,0.439,0,Medium
1930449425.0,0200592182,2020-01-28,38.88,0.0353,0,Low
1930449454.0,0200726979,2020-01-28,409.74,0.3131,0,Medium
1930449676.0,0200707741,2020-01-28,17648.76,0.2779,0,Low
1930449721.0,0200772670,2020-01-28,14318.92,0.4955,1,Medium
1930449742.0,0200434439,2020-01-28,84129.25,0.577,1,Medium
1930449749.0,0200769623,2020-01-28,4342.03,0.1573,0,Low
1930449768.0,0200705742,2020-01-28,123517.36,0.0327,0,Low
1930450388.0,0200750051,2020-01-28,32150.78,0.1825,0,Low
1930450566.0,0100021540,2020-01-28,3520.0,0.3957,0,Medium
1930450588.0,0200661137,2020-01-28,16091.15,0.1304,0,Low
1930450659.0,0100043936,2020-01-28,17232.81,0.8363,1,High
1930450664.0,0200337148,2020-01-28,31216.52,0.1009,0,Low
1930450778.0,0200771157,2020-01-28,69954.3,0.2002,0,Low
1930451681.0,0200706844,2020-01-28,830.97,0.2692,0,Low
1930451685.0,0200337148,2020-01-28,5939.4,0.1118,0,Low
1930451694.0,0200875006,2020-01-28,50673.56,0.1431,0,Low
1930451759.0,0200707741,2020-01-28,17498.31,0.2779,0,Low
1930451792.0,0100030964,2020-01-28,11607.0,0.0365,0,Low
1930451932.0,0200780849,2020-01-28,23036.75,0.0955,0,Low
1930452002.0,0200772670,2020-01-28,95700.48,0.3565,0,Medium
1930452055.0,0200714710,2020-01-28,12989.32,0.6728,1,Medium
1930452221.0,0200779051,2020-01-28,44549.57,0.0533,0,Low
1930452421.0,0200714710,2020-01-28,9391.61,0.605,1,Medium
1930452600.0,CCU013,2020-01-28,18242.46,0.9976,1,High
1990571402.0,0200978592,2020-01-28,18680.5,0.7586,1,High
1991838820.0,0140103409,2020-01-28,5935.65,0.0536,0,Low
1991838906.0,0140101682,2020-01-28,1565.26,0.6757,1,Medium
1991838910.0,CC6000,2020-01-28,8389.69,0.7978,1,High
2960609065.0,0140105847,2020-01-28,556.0,0.6057,1,Medium
2960609444.0,0140104409,2020-01-28,34492.76,0.2005,0,Low
2960610168.0,0140104429,2020-01-28,23094.05,0.5229,1,Medium
2960610182.0,0140105847,2020-01-28,13921.18,0.5611,1,Medium
2960610466.0,0140104429,2020-01-28,24215.22,0.689,1,Medium
2960610553.0,0140106408,2020-01-28,1082.69,0.9727,1,High
2960610562.0,0140104225,2020-01-28,10997.18,0.2837,0,Low
1930426682.0,0200799180,2020-01-29,18718.76,0.7768,1,High
1930430349.0,0200978899,2020-01-29,27081.6,0.8011,1,High
1930430550.0,0200763814,2020-01-29,7455.0,0.6112,1,Medium
1930431445.0,0200782669,2020-01-29,13822.71,0.7563,1,High
1930433722.0,0100000222,2020-01-29,2403.46,0.1502,0,Low
1930437436.0,0200782669,2020-01-29,366.39,0.588,1,Medium
1930440089.0,0200772595,2020-01-29,78234.34,0.2488,0,Low
1930440129.0,0200706844,2020-01-29,25505.85,0.2459,0,Low
1930442211.0,0100033439,2020-01-29,40713.0,0.2047,0,Low
1930442352.0,0200455322,2020-01-29,31577.23,0.8325,1,High
1930443367.0,0200769623,2020-01-29,15451.74,0.1425,0,Low
1930445158.0,0200696090,2020-01-29,3025.46,0.4489,0,Medium
1930445522.0,0200762301,2020-01-29,90599.56,0.1771,0,Low
1930446166.0,0200778870,2020-01-29,14101.7,0.9108,1,High
1930446246.0,0100004536,2020-01-29,20706.08,0.0888,0,Low
1930446283.0,0200759878,2020-01-29,52919.08,0.4927,1,Medium
1930446489.0,0200769623,2020-01-29,49952.22,0.1173,0,Low
1930447733.0,0200777735,2020-01-29,43737.31,0.0938,0,Low
1930447907.0,0200434439,2020-01-29,4870.56,0.494,1,Medium
1930447923.0,0200769623,2020-01-29,1355.28,0.2053,0,Low
1930447939.0,0200769623,2020-01-29,45565.6,0.0871,0,Low
1930448007.0,0200769623,2020-01-29,53585.21,0.1713,0,Low
1930448128.0,CCU013,2020-01-29,5166.8,0.9976,1,High
1930448221.0,0200769623,2020-01-29,59320.51,0.2112,0,Low
1930448304.0,0200769623,2020-01-29,4112.13,0.1658,0,Low
1930448448.0,0200769623,2020-01-29,78699.76,0.0609,0,Low
1930448451.0,0200769623,2020-01-29,45024.55,0.0871,0,Low
1930448549.0,0200769623,2020-01-29,45204.8,0.0871,0,Low
1930448822.0,0200769623,2020-01-29,1898.2,0.1118,0,Low
1930448859.0,0200726979,2020-01-29,191.53,0.3706,0,Medium
1930448926.0,0100031704,2020-01-29,7492.45,0.4591,1,Medium
1930449206.0,0200697207,2020-01-29,13273.38,0.182,0,Low
1930449250.0,0200759878,2020-01-29,74509.43,0.151,0,Low
1930449278.0,0200762301,2020-01-29,70849.53,0.1843,0,Low
1930449353.0,0200772670,2020-01-29,18167.21,0.4721,1,Medium
1930449371.0,0200712836,2020-01-29,64823.45,0.0779,0,Low
1930449505.0,0200769623,2020-01-29,15015.4,0.1425,0,Low
1930449697.0,0200974851,2020-01-29,1430.89,0.1762,0,Low
1930449786.0,0200771157,2020-01-29,40819.53,0.2295,0,Low
1930449800.0,0200769623,2020-01-29,14719.15,0.1494,0,Low
1930450552.0,0100031704,2020-01-29,69357.34,0.4506,1,Medium
1930450678.0,0200704858,2020-01-29,137769.41,0.1387,0,Low
1930450787.0,0200769623,2020-01-29,14572.71,0.1595,0,Low
1930451736.0,0200974851,2020-01-29,513.89,0.1749,0,Low
1930451875.0,0200726979,2020-01-29,182.23,0.3706,0,Medium
1930451883.0,0200078795,2020-01-29,1716.08,0.2174,0,Low
1930451889.0,0200078795,2020-01-29,675.32,0.3001,0,Medium
1930451939.0,0200726979,2020-01-29,434.2,0.3682,0,Medium
1930451985.0,0200769623,2020-01-29,14302.98,0.1595,0,Low
1930452014.0,0200726979,2020-01-29,777.56,0.3459,0,Medium
1930452042.0,0200337148,2020-01-29,14001.92,0.1106,0,Low
1930452047.0,0200762301,2020-01-29,132444.91,0.155,0,Low
1930452074.0,0200762301,2020-01-29,4965.71,0.1859,0,Low
1930452168.0,0200705742,2020-01-29,5911.03,0.0824,0,Low
1930452182.0,0200078795,2020-01-29,1820.51,0.2133,0,Low
1930452230.0,0200769623,2020-01-29,26812.54,0.2309,0,Low
1930452611.0,0200761734,2020-01-29,101849.53,0.0806,0,Low
1930452688.0,0200769623,2020-01-29,46251.5,0.0871,0,Low
1930452758.0,0200769623,2020-01-29,58741.37,0.2112,0,Low
1930452822.0,0200769623,2020-01-29,226.5,0.304,0,Medium
1930452865.0,0200759878,2020-01-29,53849.76,0.4643,1,Medium
1930452946.0,0200744019,2020-01-29,9630.0,0.5508,1,Medium
1930453064.0,0200794332,2020-01-29,32715.47,0.1317,0,Low
1930453087.0,0200078795,2020-01-29,1999.62,0.2215,0,Low
1930453154.0,CCU013,2020-01-29,33104.39,0.9977,1,High
1930453215.0,0200772670,2020-01-29,7510.5,0.5095,1,Medium
1930453306.0,0200780383,2020-01-29,1091.42,0.4554,1,Medium
1930453308.0,0200780383,2020-01-29,144311.56,0.2531,0,Low
1930453475.0,0200772670,2020-01-29,1895.6,0.4762,1,Medium
1930453919.0,0200743123,2020-01-29,11388.88,0.1991,0,Low
1930453940.0,0200965912,2020-01-29,604.58,0.3298,0,Medium
1930454108.0,0200390794,2020-01-29,19861.05,0.1647,0,Low
1930454155.0,0200772670,2020-01-29,41172.89,0.4808,1,Medium
1930454214.0,0200705742,2020-01-29,47501.42,0.1022,0,Low
1930454228.0,0200744019,2020-01-29,79831.36,0.4515,1,Medium
1930454303.0,0200711029,2020-01-29,50510.02,0.2241,0,Low
1930454391.0,0200726979,2020-01-29,63.43,0.3776,0,Medium
1930454471.0,0200622385,2020-01-29,50787.1,0.6452,1,Medium
1930454494.0,0200684768,2020-01-29,11989.23,0.227,0,Low
1930454521.0,0200726979,2020-01-29,27.67,0.3776,0,Medium
1930454647.0,0200152991,2020-01-29,1021.72,0.2914,0,Low
1930454716.0,0200792734,2020-01-29,40117.13,0.2175,0,Low
1930455019.0,0200700919,2020-01-29,55647.82,0.5654,1,Medium
1930455066.0,0200772670,2020-01-29,19002.25,0.4721,1,Medium
1930455088.0,0200739534,2020-01-29,20057.36,0.486,1,Medium
1930455431.0,0200783734,2020-01-29,50999.32,0.0607,0,Low
1930455677.0,0200769623,2020-01-29,65326.03,0.1806,0,Low
1930458061.0,0200744019,2020-01-29,15351.15,0.4999,1,Medium
1930458132.0,0200692711,2020-01-29,59908.0,0.4334,0,Medium
1930458206.0,0200794332,2020-01-29,23934.31,0.1376,0,Low
1930458344.0,0200455322,2020-01-29,49836.06,0.8142,1,High
2960610195.0,0140105686,2020-01-29,4812.99,0.8902,1,High
2960610393.0,0140106181,2020-01-29,10049.28,0.9858,1,High
2960610653.0,0140106181,2020-01-29,9121.2,0.9887,1,High
2960610655.0,0140104240,2020-01-29,128897.9,0.2387,0,Low
2960610656.0,0140104285,2020-01-29,110.0,0.47,1,Medium
2960610658.0,0140106408,2020-01-29,65127.55,0.991,1,High
2960610740.0,0140104409,2020-01-29,110534.0,0.3264,0,Medium
2960611072.0,0140105686,2020-01-29,76055.02,0.9559,1,High
2960611109.0,0140106181,2020-01-29,50400.0,0.9923,1,High
2960611148.0,0140105686,2020-01-29,8517.16,0.9078,1,High
2960611248.0,0140106181,2020-01-29,13920.0,0.9932,1,High
2960611250.0,0140104429,2020-01-29,24215.22,0.7196,1,High
1930432648.0,0200783189,2020-01-30,22123.32,0.1568,0,Low
1930434344.0,0200418007,2020-01-30,1630.85,0.3026,0,Medium
1930443702.0,0200799367,2020-01-30,20122.14,0.3664,0,Medium
1930443749.0,0200759878,2020-01-30,14516.79,0.5795,1,Medium
1930444376.0,0200769623,2020-01-30,14546.49,0.1281,0,Low
1930445590.0,0100028450,2020-01-30,28778.75,0.9252,1,High
1930446263.0,0200792200,2020-01-30,9479.86,0.6128,1,Medium
1930446377.0,0200847305,2020-01-30,71826.75,0.9759,1,High
1930448139.0,0100054867,2020-01-30,97058.25,0.0924,0,Low
1930448262.0,0200769623,2020-01-30,19136.61,0.1713,0,Low
1930448265.0,0200769623,2020-01-30,1898.9,0.0887,0,Low
1930448325.0,0200936373,2020-01-30,20611.17,0.3986,0,Medium
1930448419.0,0200793088,2020-01-30,20312.6,0.0664,0,Low
1930448598.0,0200794332,2020-01-30,8041.59,0.1533,0,Low
1930448966.0,0200793122,2020-01-30,52682.71,0.0752,0,Low
1930448984.0,0200759878,2020-01-30,124047.42,0.0733,0,Low
1930449237.0,CCU013,2020-01-30,8278.03,0.9975,1,High
1930449282.0,0200744019,2020-01-30,6178.52,0.4109,0,Medium
1930449283.0,0200744019,2020-01-30,18227.29,0.4053,0,Medium
1930449414.0,0200707005,2020-01-30,69266.25,0.2185,0,Low
1930449589.0,0200769623,2020-01-30,5565.46,0.149,0,Low
1930449650.0,0200769623,2020-01-30,1329.23,0.1599,0,Low
1930449691.0,0200769623,2020-01-30,65692.16,0.1597,0,Low
1930450585.0,0200794332,2020-01-30,10236.01,0.1601,0,Low
1930451772.0,0200762301,2020-01-30,1887.0,0.6069,1,Medium
1930451802.0,0200704858,2020-01-30,124071.36,0.1258,0,Low
1930451996.0,0200744019,2020-01-30,9472.05,0.4526,1,Medium
1930452392.0,CCCA02,2020-01-30,14151.51,0.4184,0,Medium
1930452434.0,0200744019,2020-01-30,20116.49,0.4053,0,Medium
1930452518.0,0200769623,2020-01-30,271.06,0.2443,0,Low
1930452612.0,0200726979,2020-01-30,654.14,0.3131,0,Medium
1930452624.0,0200772595,2020-01-30,102262.34,0.2346,0,Low
1930452700.0,CCCA02,2020-01-30,17835.84,0.3992,0,Medium
1930452713.0,0200705742,2020-01-30,1466.39,0.1443,0,Low
1930452786.0,0200726979,2020-01-30,318.21,0.3312,0,Medium
1930452832.0,0200769623,2020-01-30,24397.98,0.1782,0,Low
1930452833.0,0200769623,2020-01-30,1322.22,0.1828,0,Low
1930452904.0,0200744019,2020-01-30,2233.4,0.4225,0,Medium
1930452932.0,0200762301,2020-01-30,19665.2,0.1821,0,Low
1930452933.0,0200762301,2020-01-30,5210.78,0.1674,0,Low
1930452962.0,0100055160,2020-01-30,17776.5,0.5621,1,Medium
1930452975.0,0200769623,2020-01-30,14213.88,0.1297,0,Low
1930453003.0,0200769623,2020-01-30,10381.26,0.281,0,Low
1930453004.0,0200769623,2020-01-30,4906.36,0.1424,0,Low
1930453054.0,0200762301,2020-01-30,79061.67,0.1741,0,Low
1930453108.0,0200705742,2020-01-30,12.27,0.1827,0,Low
1930453137.0,0200759878,2020-01-30,122559.39,0.0733,0,Low
1930453321.0,0200769623,2020-01-30,56938.07,0.1636,0,Low
1930453360.0,0200759878,2020-01-30,32421.9,0.6268,1,Medium
1930453377.0,0200744019,2020-01-30,19084.3,0.4053,0,Medium
1930453379.0,0200744019,2020-01-30,9808.79,0.4687,1,Medium
1930453503.0,0200769623,2020-01-30,52622.33,0.1394,0,Low
1930453545.0,0200759878,2020-01-30,120293.28,0.0758,0,Low
1930453729.0,0200726979,2020-01-30,399.31,0.3291,0,Medium
1930453740.0,0200744019,2020-01-30,11629.56,0.436,0,Medium
1930453974.0,0200486270,2020-01-30,17478.01,0.0937,0,Low
1930453976.0,0200769623,2020-01-30,26544.75,0.19,0,Low
1930454142.0,0200726979,2020-01-30,114311.71,0.2519,0,Low
1930454562.0,0200714710,2020-01-30,24673.49,0.5734,1,Medium
1930454831.0,0200704858,2020-01-30,125673.29,0.1258,0,Low
1930455135.0,0200762301,2020-01-30,24981.98,0.1695,0,Low
1930455173.0,0200794332,2020-01-30,44840.54,0.0939,0,Low
1930455320.0,0200744019,2020-01-30,39626.17,0.3856,0,Medium
1930455421.0,0200761734,2020-01-30,57592.63,0.1191,0,Low
1930455466.0,0200744019,2020-01-30,15329.09,0.4097,0,Medium
1930455481.0,0200792293,2020-01-30,65031.25,0.5084,1,Medium
1930455541.0,0200744019,2020-01-30,859.0,0.4579,1,Medium
1930455596.0,0200759878,2020-01-30,34157.28,0.5536,1,Medium
1930458127.0,0200706844,2020-01-30,50890.75,0.2391,0,Low
1930458152.0,0200744019,2020-01-30,30482.78,0.4578,1,Medium
1930458292.0,0100047674,2020-01-30,4032.0,0.1371,0,Low
1930458310.0,0200793513,2020-01-30,76533.17,0.2003,0,Low
1930458531.0,0200704045,2020-01-30,13641.25,0.1971,0,Low
1930458587.0,0200437182,2020-01-30,59226.77,0.2068,0,Low
1930458684.0,0200769623,2020-01-30,471.56,0.2267,0,Low
1930458720.0,0200780383,2020-01-30,355.76,0.4712,1,Medium
1930458847.0,0200609331,2020-01-30,15704.68,0.1332,0,Low
1930459337.0,0200744019,2020-01-30,20740.04,0.4053,0,Medium
1930459967.0,0200772670,2020-01-30,18732.58,0.4357,0,Medium
1930459968.0,0200706844,2020-01-30,56362.61,0.2381,0,Low
1930459972.0,0200974851,2020-01-30,1319.16,0.0594,0,Low
1930460262.0,0200794332,2020-01-30,33627.85,0.1064,0,Low
1930461119.0,0200865666,2020-01-30,905.22,0.1127,0,Low
1930461153.0,CCU013,2020-01-30,7262.08,0.9975,1,High
1930461478.0,0200769623,2020-01-30,7492.25,0.2442,0,Low
1930461549.0,0200759082,2020-01-30,65087.89,0.4286,0,Medium
1930461600.0,0200705742,2020-01-30,13922.49,0.1161,0,Low
1930461918.0,0200779051,2020-01-30,93682.93,0.0323,0,Low
1930462455.0,0200742521,2020-01-30,44705.56,0.1695,0,Low
1930463210.0,0200236583,2020-01-30,22835.23,0.7798,1,High
1991838824.0,0140103470,2020-01-30,47665.0,0.406,0,Medium
1991839124.0,0100050703,2020-01-30,22899.96,0.5975,1,Medium
1991839427.0,0100011958,2020-01-30,31319.13,0.2536,0,Low
2960609450.0,0140104429,2020-01-30,1466.17,0.6899,1,Medium
2960610852.0,0140106408,2020-01-30,20493.12,0.9735,1,High
2960611191.0,0140106408,2020-01-30,4638.14,0.9863,1,High
2960611264.0,0140105686,2020-01-30,6948.0,0.8662,1,High
2960611556.0,0140104225,2020-01-30,109721.11,0.5078,1,Medium
1930434489.0,0200799367,2020-01-31,34812.52,0.8844,1,High
1930442353.0,CCU013,2020-01-31,10043.04,0.9964,1,High
1930443545.0,0200418007,2020-01-31,3257.56,0.8224,1,High
1930443639.0,0200078795,2020-01-31,8737.58,0.4815,1,Medium
1930444070.0,CCU013,2020-01-31,3429.8,0.9948,1,High
1930445018.0,0200561861,2020-01-31,6480.3,0.5052,1,Medium
1930447798.0,0100043928,2020-01-31,5041.16,0.2402,0,Low
1930447847.0,0200759878,2020-01-31,506.72,0.8367,1,High
1930447917.0,0200712349,2020-01-31,3762.15,0.2514,0,Low
1930448036.0,0200769623,2020-01-31,9161.76,0.3542,0,Medium
1930448475.0,0200186937,2020-01-31,2796.0,0.7134,1,High
1930449032.0,0200769623,2020-01-31,15027.72,0.1768,0,Low
1930449516.0,0200799367,2020-01-31,9967.89,0.8797,1,High
1930452663.0,0200769623,2020-01-31,4590.4,0.2252,0,Low
1930452853.0,0200744019,2020-01-31,8236.05,0.8776,1,High
1930452859.0,0200769623,2020-01-31,48241.56,0.1096,0,Low
1930453189.0,0200789077,2020-01-31,29925.51,0.9023,1,High
1930453219.0,0200769623,2020-01-31,25343.55,0.2642,0,Low
1930453225.0,0200769623,2020-01-31,9192.34,0.3542,0,Medium
1930453924.0,0200769623,2020-01-31,15152.92,0.1768,0,Low
1930454019.0,0200769623,2020-01-31,8863.6,0.351,0,Medium
1930454430.0,0200769623,2020-01-31,56394.25,0.1968,0,Low
1930454432.0,CCU002,2020-01-31,10775.04,0.4269,0,Medium
1930454645.0,CCU013,2020-01-31,52034.52,0.9953,1,High
1930454892.0,0200759878,2020-01-31,13171.65,0.9151,1,High
1930455346.0,0200736337,2020-01-31,44113.92,0.761,1,High
1930455636.0,0200756072,2020-01-31,25221.6,0.7387,1,High
1930455685.0,0200749225,2020-01-31,3379.97,0.8764,1,High
1930456680.0,0200769623,2020-01-31,49443.69,0.1211,0,Low
1930456738.0,0200769623,2020-01-31,637.4,0.3459,0,Medium
1930458093.0,0200769623,2020-01-31,1322.22,0.2957,0,Low
1930458116.0,0200769623,2020-01-31,37144.62,0.0875,0,Low
1930458183.0,0200769623,2020-01-31,1898.9,0.1555,0,Low
1930458193.0,0200726979,2020-01-31,159.85,0.9271,1,High
1930458210.0,0200763229,2020-01-31,20671.17,0.6887,1,Medium
1930458221.0,0200769623,2020-01-31,63442.8,0.1985,0,Low
1930458224.0,0200762301,2020-01-31,16687.74,0.8362,1,High
1930458225.0,0200762301,2020-01-31,5955.76,0.8305,1,High
1930458247.0,0200748108,2020-01-31,6856.27,0.9081,1,High
1930458329.0,0200948009,2020-01-31,59612.08,0.7589,1,High
1930458436.0,0200786288,2020-01-31,71428.11,0.2217,0,Low
1930458468.0,0200744019,2020-01-31,7312.78,0.8776,1,High
1930458549.0,0200744019,2020-01-31,23456.01,0.847,1,High
1930458651.0,0200799367,2020-01-31,7153.51,0.6618,1,Medium
1930458709.0,0200769623,2020-01-31,9903.23,0.4028,0,Medium
1930459017.0,0200744019,2020-01-31,3216.16,0.8701,1,High
1930459332.0,0200726979,2020-01-31,499.96,0.9207,1,High
1930459357.0,0200424504,2020-01-31,2821.29,0.9188,1,High
1930459796.0,0200769623,2020-01-31,30646.49,0.2285,0,Low
1930459982.0,0200769623,2020-01-31,14266.41,0.1916,0,Low
1930460029.0,0200706844,2020-01-31,9479.2,0.8521,1,High
1930460086.0,0200763489,2020-01-31,150121.98,0.8795,1,High
1930460107.0,0200743123,2020-01-31,49458.85,0.7269,1,High
1930460193.0,0200331749,2020-01-31,22114.26,0.887,1,High
1930460236.0,0200726979,2020-01-31,82.82,0.9291,1,High
1930460255.0,0200762301,2020-01-31,18014.98,0.8449,1,High
1930461022.0,0200726979,2020-01-31,173.77,0.9271,1,High
1930461061.0,0200761734,2020-01-31,58662.99,0.3323,0,Medium
1930461090.0,CCU013,2020-01-31,12297.6,0.9967,1,High
1930461177.0,0200769623,2020-01-31,11270.9,0.409,0,Medium
1930461270.0,0200772670,2020-01-31,19215.17,0.8879,1,High
1930461282.0,0200920735,2020-01-31,56383.74,0.7814,1,High
1930461329.0,0200769623,2020-01-31,31490.97,0.2245,0,Low
1930461330.0,0200769623,2020-01-31,43719.39,0.0875,0,Low
1930461449.0,0200726979,2020-01-31,35.73,0.9291,1,High
1930461455.0,0200777735,2020-01-31,95459.23,0.139,0,Low
1930461458.0,0200777735,2020-01-31,43528.47,0.1647,0,Low
1930461461.0,0200722444,2020-01-31,17014.2,0.5654,1,Medium
1930461487.0,0200778355,2020-01-31,50847.36,0.8747,1,High
1930461558.0,0200794332,2020-01-31,32715.47,0.2412,0,Low
1930461580.0,0200705742,2020-01-31,3244.0,0.0837,0,Low
1930461611.0,0200792283,2020-01-31,1007.05,0.9086,1,High
1930461848.0,0200769623,2020-01-31,661.11,0.3685,0,Medium
1930462095.0,0200785971,2020-01-31,20992.32,0.922,1,High
1930462172.0,0200705742,2020-01-31,59734.46,0.0969,0,Low
1930462388.0,0200775094,2020-01-31,73976.72,0.8979,1,High
1930462399.0,0200705742,2020-01-31,19553.08,0.0799,0,Low
1930462514.0,0200772670,2020-01-31,13835.7,0.8975,1,High
1930462569.0,0200703398,2020-01-31,356.4,0.8623,1,High
1930462571.0,0200703398,2020-01-31,190.08,0.8809,1,High
1930462850.0,0100031723,2020-01-31,229803.29,0.1959,0,Low
1930462922.0,0200779051,2020-01-31,49673.11,0.1318,0,Low
1930463012.0,0200152991,2020-01-31,1171.58,0.7217,1,High
1930463068.0,0200762301,2020-01-31,31724.92,0.8567,1,High
1930463205.0,0200974851,2020-01-31,4735.92,0.5699,1,Medium
1930463321.0,CCU013,2020-01-31,11759.6,0.9967,1,High
1930463443.0,0200725393,2020-01-31,40798.62,0.7555,1,High
1930463792.0,CCU013,2020-01-31,10128.3,0.9964,1,High
1930464852.0,0200076137,2020-01-31,11979.6,0.5533,1,Medium
1930465060.0,0200872111,2020-01-31,840.06,0.3053,0,Medium
1930465155.0,0200900909,2020-01-31,3028.91,0.8547,1,High
1930465529.0,0200752302,2020-01-31,109596.07,0.8664,1,High
1930465764.0,0200704045,2020-01-31,38128.47,0.8518,1,High
1930466318.0,0200769623,2020-01-31,41406.77,0.0875,0,Low
1991838723.0,0140101555,2020-01-31,130097.46,0.9134,1,High
1991839435.0,0100043965,2020-01-31,16135.6,0.8984,1,High
2960610866.0,0140104409,2020-01-31,19899.6,0.7813,1,High
2960611740.0,0140105785,2020-01-31,13584.96,0.9425,1,High
1930448750.0,CCU013,2020-02-01,50747.53,0.9971,1,High
1930449426.0,CCU013,2020-02-01,9021.23,0.9984,1,High
1930458122.0,0200769623,2020-02-01,62365.29,0.325,0,Medium
1930458149.0,CCU013,2020-02-01,113248.8,0.9966,1,High
1930458474.0,0200148860,2020-02-01,15181.9,0.8278,1,High
1930458540.0,0200769623,2020-02-01,4924.46,0.3946,0,Medium
1930459344.0,CCU002,2020-02-01,36870.24,0.8733,1,High
1930459360.0,0200769623,2020-02-01,29685.65,0.444,0,Medium
1930460093.0,0100001196,2020-02-01,20217.6,0.9071,1,High
1930461042.0,CCCA02,2020-02-01,12138.72,0.7576,1,High
1930461056.0,0200769623,2020-02-01,15640.68,0.3029,0,Medium
1930461485.0,0200769623,2020-02-01,16300.67,0.3271,0,Medium
1930461585.0,0200769623,2020-02-01,66497.91,0.3102,0,Medium
1930461746.0,0200697207,2020-02-01,35821.96,0.6017,1,Medium
1930461787.0,0200762301,2020-02-01,937.68,0.96,1,High
1930461955.0,0200769623,2020-02-01,36973.01,0.1465,0,Low
1930462188.0,0200148860,2020-02-01,15437.26,0.8278,1,High
1930462239.0,0100001196,2020-02-01,21715.2,0.9072,1,High
1930462844.0,0200769623,2020-02-01,15138.73,0.3029,0,Medium
1930462894.0,0200732755,2020-02-01,106617.11,0.9284,1,High
1930462948.0,0200769623,2020-02-01,38270.74,0.1465,0,Low
1930463062.0,0200744019,2020-02-01,11920.48,0.9231,1,High
1930463323.0,0200769623,2020-02-01,4132.47,0.3814,0,Medium
1930463327.0,0200769623,2020-02-01,21962.39,0.4328,0,Medium
1930463453.0,0200703398,2020-02-01,23.76,0.8656,1,High
1930463534.0,0200769623,2020-02-01,3874.74,0.3814,0,Medium
1930463537.0,0200769623,2020-02-01,284.44,0.5018,1,Medium
1930464033.0,0200769623,2020-02-01,28193.78,0.4892,1,Medium
1930464851.0,0200794332,2020-02-01,36077.56,0.3554,0,Medium
1930464928.0,0200769623,2020-02-01,15264.07,0.3029,0,Medium
1930465004.0,0200769623,2020-02-01,6105.77,0.4143,0,Medium
1930465034.0,0200769623,2020-02-01,5335.13,0.4143,0,Medium
1930465103.0,0200794332,2020-02-01,10904.29,0.5399,1,Medium
1930465129.0,0200762301,2020-02-01,16168.97,0.9377,1,High
1930465171.0,0200769623,2020-02-01,18689.26,0.428,0,Medium
1930465484.0,0200769623,2020-02-01,18961.06,0.428,0,Medium
1930465582.0,0200769623,2020-02-01,16469.0,0.3271,0,Medium
1930466324.0,0200769623,2020-02-01,1322.22,0.4478,0,Medium
1930466326.0,0200794332,2020-02-01,34418.23,0.3636,0,Medium
1930466345.0,0200769623,2020-02-01,6532.6,0.4253,0,Medium
1930466389.0,0200769623,2020-02-01,43411.14,0.1465,0,Low
1930466442.0,0200457993,2020-02-01,14986.09,0.1536,0,Low
1930466750.0,0200769623,2020-02-01,82276.41,0.147,0,Low
1930466885.0,0200726979,2020-02-01,134.95,0.9615,1,High
1930466923.0,0200711029,2020-02-01,29380.94,0.9301,1,High
1930468574.0,0200780383,2020-02-01,19964.1,0.9641,1,High
1930469305.0,0200705742,2020-02-01,1559.18,0.5156,1,Medium
1991838123.0,0140103470,2020-02-01,3437.28,0.691,1,Medium
1991838244.0,CC6530,2020-02-01,19247.38,0.8887,1,High
2960609191.0,0140105686,2020-02-01,714.96,0.955,1,High
2960609249.0,0140104409,2020-02-01,102458.41,0.5418,1,Medium
2960609256.0,0100035505,2020-02-01,7920.0,0.6543,1,Medium
2960610893.0,0100030194,2020-02-01,152948.01,0.9332,1,High
2960611621.0,0140104409,2020-02-01,81082.01,0.893,1,High
1930454918.0,CCU002,2020-02-02,14990.9,0.8966,1,High
1930461684.0,0200769623,2020-02-02,278.33,0.4499,0,Medium
1930462104.0,0200769623,2020-02-02,15693.78,0.268,0,Low
1930462436.0,0200799367,2020-02-02,132.42,0.7818,1,High
1930462574.0,0200769623,2020-02-02,68612.73,0.2424,0,Low
1930462836.0,0200762950,2020-02-02,116879.32,0.6221,1,Medium
1930463315.0,CCCA02,2020-02-02,11625.12,0.8032,1,High
1930464185.0,0200799538,2020-02-02,73362.89,0.9054,1,High
1930465489.0,0200769623,2020-02-02,66270.28,0.2534,0,Low
1930465569.0,0200769623,2020-02-02,72951.93,0.1128,0,Low
1930465623.0,0200743123,2020-02-02,9965.76,0.6947,1,Medium
1930465730.0,0200769623,2020-02-02,15411.21,0.268,0,Low
1930466297.0,0200769623,2020-02-02,29999.8,0.4168,0,Medium
1930466561.0,0200769623,2020-02-02,8293.36,0.4773,1,Medium
1930466564.0,0200769623,2020-02-02,15626.67,0.268,0,Low
1930466570.0,0200769623,2020-02-02,813.81,0.4483,0,Medium
1930466896.0,0200769623,2020-02-02,18598.93,0.3898,0,Medium
1930467153.0,0200761734,2020-02-02,1584.8,0.6099,1,Medium
1930467158.0,0200769623,2020-02-02,7500.29,0.4634,1,Medium
1930467212.0,0200726979,2020-02-02,71.52,0.6741,1,Medium
1930467422.0,0200744019,2020-02-02,18020.25,0.8137,1,High
1930467594.0,0200769623,2020-02-02,46059.1,0.1264,0,Low
1930467597.0,0200769623,2020-02-02,3270.04,0.314,0,Medium
1930467612.0,0200769623,2020-02-02,7639.91,0.4634,1,Medium
1930467801.0,0200769623,2020-02-02,9043.17,0.4773,1,Medium
1930468037.0,0200726979,2020-02-02,130.62,0.6867,1,Medium
1930468193.0,0200769623,2020-02-02,41553.68,0.1231,0,Low
1930468466.0,0200726979,2020-02-02,15350.58,0.6204,1,Medium
1930468485.0,0200794332,2020-02-02,28926.12,0.4377,0,Medium
1930468588.0,0200769623,2020-02-02,3790.55,0.314,0,Medium
1930468692.0,0200772595,2020-02-02,96741.97,0.6335,1,Medium
1930468848.0,0200704045,2020-02-02,79835.36,0.6629,1,Medium
1930469062.0,0200769623,2020-02-02,943.12,0.4553,1,Medium
1930469649.0,0200434439,2020-02-02,19480.48,0.8665,1,High
1930469869.0,0200718130,2020-02-02,25644.16,0.8969,1,High
1930470004.0,0200769623,2020-02-02,45751.51,0.1264,0,Low
1930470118.0,0200795490,2020-02-02,47732.65,0.9828,1,High
1930470609.0,0200769623,2020-02-02,37961.37,0.1231,0,Low
1990570609.0,0200978592,2020-02-02,18587.66,0.8643,1,High
2960609197.0,0140105847,2020-02-02,83772.44,0.6568,1,Medium
2960611644.0,0140106408,2020-02-02,7619.84,0.9962,1,High
2960611953.0,0140105785,2020-02-02,22209.6,0.9829,1,High
2960611968.0,0140104423,2020-02-02,150553.87,0.4006,0,Medium
2960612088.0,0140104423,2020-02-02,118865.43,0.4009,0,Medium
1930449661.0,0200186937,2020-02-03,15707.98,0.8523,1,High
1930451923.0,0100008001,2020-02-03,12382.3,0.2722,0,Low
1930458331.0,0200794332,2020-02-03,3743.98,0.2424,0,Low
1930458690.0,CCU013,2020-02-03,801.26,0.9942,1,High
1930460137.0,0200762301,2020-02-03,41.91,0.7696,1,High
1930461578.0,0200794332,2020-02-03,284.67,0.2584,0,Low
1930461694.0,0200762301,2020-02-03,19157.78,0.2059,0,Low
1930463410.0,0200794332,2020-02-03,14535.58,0.1668,0,Low
1930463507.0,0200782001,2020-02-03,44336.04,0.2296,0,Low
1930464174.0,0200769623,2020-02-03,7024.45,0.3985,0,Medium
1930464175.0,0200769623,2020-02-03,3797.1,0.2664,0,Low
1930465027.0,0200762950,2020-02-03,44345.19,0.2583,0,Low
1930465150.0,0200727272,2020-02-03,55576.19,0.7588,1,High
1930465531.0,0200759878,2020-02-03,144055.07,0.1105,0,Low
1930465685.0,0200742521,2020-02-03,32430.66,0.2816,0,Low
1930465758.0,0200769623,2020-02-03,1898.9,0.1788,0,Low
1930466424.0,0200769623,2020-02-03,14852.15,0.2254,0,Low
1930466687.0,0200786288,2020-02-03,25849.01,0.1645,0,Low
1930466901.0,0200769623,2020-02-03,661.11,0.3911,0,Medium
1930467653.0,0200769623,2020-02-03,55923.77,0.2226,0,Low
1930467655.0,0200769623,2020-02-03,57796.6,0.235,0,Low
1930468126.0,0200759878,2020-02-03,8510.4,0.9127,1,High
1930468135.0,0200769623,2020-02-03,618.85,0.3896,0,Medium
1930468458.0,0200769623,2020-02-03,4887.27,0.2818,0,Low
1930468471.0,0200769623,2020-02-03,3227.43,0.2462,0,Low
1930468476.0,0100004536,2020-02-03,1160.51,0.2526,0,Low
1930468855.0,0200769623,2020-02-03,42192.1,0.1151,0,Low
1930468860.0,0200769623,2020-02-03,38865.5,0.1151,0,Low
1930468899.0,0200772670,2020-02-03,141940.22,0.4887,1,Medium
1930469032.0,0200726979,2020-02-03,230.49,0.5012,1,Medium
1930469053.0,0200756072,2020-02-03,14191.2,0.3111,0,Medium
1930469063.0,0200794332,2020-02-03,33242.6,0.1358,0,Low
1930469065.0,0200759878,2020-02-03,46170.85,0.7102,1,High
1930469066.0,0200759878,2020-02-03,31508.26,0.8279,1,High
1930469096.0,0200230690,2020-02-03,2730.74,0.0211,0,Low
1930469099.0,0200230690,2020-02-03,2091.11,0.0211,0,Low
1930469389.0,0200915438,2020-02-03,14071.5,0.3219,0,Medium
1930469845.0,0200726979,2020-02-03,106.48,0.4772,1,Medium
1930469896.0,0200769623,2020-02-03,35227.37,0.1647,0,Low
1930469938.0,0200769623,2020-02-03,6411.97,0.3047,0,Medium
1930469955.0,CCCA02,2020-02-03,14612.4,0.8817,1,High
1930470073.0,0200357714,2020-02-03,33032.12,0.8374,1,High
1930470103.0,0200769623,2020-02-03,48139.95,0.1389,0,Low
1930470134.0,0200769623,2020-02-03,18325.81,0.3008,0,Medium
1930470173.0,0200762301,2020-02-03,23219.66,0.2235,0,Low
1930470192.0,0200771157,2020-02-03,15008.5,0.2514,0,Low
1930470228.0,0200769623,2020-02-03,16191.83,0.2305,0,Low
1930470315.0,0200418007,2020-02-03,64716.76,0.3917,0,Medium
1930470316.0,0200418007,2020-02-03,7553.28,0.5397,1,Medium
1930470318.0,0200769623,2020-02-03,21568.53,0.3023,0,Medium
1930470416.0,0100031704,2020-02-03,8076.0,0.6077,1,Medium
1930470442.0,0200793568,2020-02-03,22547.24,0.7047,1,High
1930470475.0,0200793830,2020-02-03,53877.02,0.4825,1,Medium
1930470483.0,0200797452,2020-02-03,3578.93,0.7708,1,High
1930470627.0,0200230690,2020-02-03,292.2,0.0183,0,Low
1930470725.0,0100021540,2020-02-03,6453.72,0.8689,1,High
1930470835.0,0200769623,2020-02-03,43148.25,0.1151,0,Low
1930470942.0,0200965912,2020-02-03,132118.09,0.2011,0,Low
1930470946.0,0200230690,2020-02-03,1842.22,0.4903,1,Medium
1930470954.0,0200230690,2020-02-03,2004.6,0.0211,0,Low
1930470995.0,0200772670,2020-02-03,12227.5,0.6995,1,Medium
1930471033.0,0200729942,2020-02-03,4367.28,0.2869,0,Low
1930471200.0,0200230690,2020-02-03,240.72,0.0189,0,Low
1930471351.0,0200721222,2020-02-03,44083.5,0.2267,0,Low
1930471463.0,0200337148,2020-02-03,67318.67,0.1248,0,Low
1930471589.0,0200726979,2020-02-03,15359.39,0.4941,1,Medium
1930472466.0,0200794332,2020-02-03,16522.17,0.4444,0,Medium
1930472641.0,0200792293,2020-02-03,22202.35,0.4997,1,Medium
1930473639.0,0200781803,2020-02-03,3288.69,0.2945,0,Low
1930473703.0,0100003615,2020-02-03,4847.59,0.6358,1,Medium
1930474286.0,0200739534,2020-02-03,31126.57,0.6964,1,Medium
1930474292.0,0200571849,2020-02-03,36989.49,0.6961,1,Medium
1930474471.0,0200771157,2020-02-03,16773.43,0.2514,0,Low
1930474710.0,0100036039,2020-02-03,53984.83,0.2314,0,Low
1930474736.0,0200493614,2020-02-03,63487.86,0.7545,1,High
1930474910.0,0200762301,2020-02-03,8967.08,0.7567,1,High
1930475111.0,0200769623,2020-02-03,10068.41,0.4833,1,Medium
1930475223.0,0200580232,2020-02-03,42391.3,0.2486,0,Low
1930475554.0,0200726979,2020-02-03,348.35,0.4929,1,Medium
1930476327.0,0200726979,2020-02-03,365.36,0.4929,1,Medium
1991838133.0,0100053562,2020-02-03,40370.06,0.7155,1,High
1991838727.0,0140103335,2020-02-03,6657.97,0.2332,0,Low
2960609467.0,0140104423,2020-02-03,155100.71,0.2034,0,Low
2960610949.0,0140105508,2020-02-03,32969.37,0.5124,1,Medium
2960610950.0,0140105508,2020-02-03,62609.9,0.4751,1,Medium
2960611897.0,0140106408,2020-02-03,9298.51,0.9967,1,High
2960611989.0,0140104440,2020-02-03,76161.83,0.961,1,High
2960612114.0,CCU001,2020-02-03,23974.76,0.9327,1,High
2960612209.0,0140104429,2020-02-03,4707.69,0.6968,1,Medium
2960612401.0,0140104440,2020-02-03,11287.9,0.9644,1,High
1930453345.0,0200486270,2020-02-04,11578.4,0.191,0,Low
1930453954.0,0100031704,2020-02-04,7996.35,0.5698,1,Medium
1930454981.0,0200418007,2020-02-04,1904.7,0.2717,0,Low
1930458153.0,0200739006,2020-02-04,29888.5,0.291,0,Low
1930459267.0,0200759878,2020-02-04,2127.6,0.7869,1,High
1930459990.0,0200706844,2020-02-04,9278.88,0.3263,0,Medium
1930460293.0,0200718130,2020-02-04,3053.27,0.6988,1,Medium
1930461219.0,0140142846,2020-02-04,855.6,0.7545,1,High
1930462510.0,0200769623,2020-02-04,69168.58,0.1904,0,Low
1930462901.0,CCU013,2020-02-04,3506.02,0.9984,1,High
1930463024.0,CCU013,2020-02-04,1510.62,0.9968,1,High
1930463047.0,0200742791,2020-02-04,42444.54,0.1509,0,Low
1930463334.0,CCU013,2020-02-04,1641.97,0.9977,1,High
1930464113.0,0200915438,2020-02-04,12720.49,0.2972,0,Low
1930464158.0,0200769623,2020-02-04,14285.43,0.2291,0,Low
1930465487.0,0200978899,2020-02-04,16279.4,0.8266,1,High
1930465630.0,0200759878,2020-02-04,14639.06,0.7832,1,High
1930466586.0,0200407025,2020-02-04,118943.26,0.2383,0,Low
1930467548.0,0200782001,2020-02-04,9521.41,0.2396,0,Low
1930467579.0,0200739006,2020-02-04,21334.1,0.2643,0,Low
1930467668.0,0200769623,2020-02-04,1329.23,0.2565,0,Low
1930468651.0,0100031704,2020-02-04,14653.54,0.5569,1,Medium
1930469073.0,0200762301,2020-02-04,3838.46,0.6262,1,Medium
1930469080.0,0200769623,2020-02-04,49332.2,0.1438,0,Low
1930469586.0,0200769623,2020-02-04,23129.59,0.3028,0,Medium
1930469834.0,0200769623,2020-02-04,45911.96,0.1109,0,Low
1930469839.0,0200769623,2020-02-04,47631.39,0.1305,0,Low
1930470268.0,0100031704,2020-02-04,101545.97,0.4474,0,Medium
1930470430.0,0200769623,2020-02-04,661.11,0.3463,0,Medium
1930470432.0,0200769623,2020-02-04,14076.79,0.2376,0,Low
1930470744.0,0200726979,2020-02-04,116.0,0.4556,1,Medium
1930470808.0,0200769623,2020-02-04,1983.35,0.2284,0,Low
1930471076.0,0200769623,2020-02-04,3797.1,0.2238,0,Low
1930471088.0,0200761734,2020-02-04,86664.24,0.079,0,Low
1930471308.0,0200726979,2020-02-04,27.6,0.463,1,Medium
1930471366.0,0200732755,2020-02-04,17745.75,0.1915,0,Low
1930471484.0,0200769623,2020-02-04,1898.2,0.1459,0,Low
1930472241.0,0200769623,2020-02-04,16095.36,0.2134,0,Low
1930472345.0,0200769623,2020-02-04,24017.33,0.3015,0,Medium
1930473995.0,0200726979,2020-02-04,324.58,0.4473,0,Medium
1930474262.0,0200759878,2020-02-04,14791.46,0.7696,1,High
1930474349.0,0200434439,2020-02-04,61768.33,0.6291,1,Medium
1930474663.0,0200148860,2020-02-04,19469.69,0.2697,0,Low
1930474742.0,0200769623,2020-02-04,106.67,0.332,0,Medium
1930474781.0,0200772595,2020-02-04,44143.31,0.29,0,Low
1930474902.0,0200275115,2020-02-04,138051.06,0.1302,0,Low
1930474949.0,0200769623,2020-02-04,272.08,0.3487,0,Medium
1930475068.0,0200744019,2020-02-04,38083.39,0.569,1,Medium
1930475103.0,0200759878,2020-02-04,27751.02,0.7943,1,High
1930475204.0,0200779719,2020-02-04,19436.32,0.1547,0,Low
1930475302.0,0200759878,2020-02-04,7391.31,0.7953,1,High
1930475339.0,0200759878,2020-02-04,6303.0,0.8245,1,High
1930475512.0,0200769623,2020-02-04,38991.31,0.108,0,Low
1930475609.0,0200782669,2020-02-04,19506.99,0.8751,1,High
1930475795.0,0200881076,2020-02-04,12547.31,0.2282,0,Low
1930476070.0,0200795490,2020-02-04,15931.28,0.9451,1,High
1930476186.0,0200772670,2020-02-04,63812.81,0.549,1,Medium
1930476320.0,0100050962,2020-02-04,6256.0,0.8155,1,High
1930476352.0,0200781803,2020-02-04,2692.78,0.1742,0,Low
1930476733.0,0200769623,2020-02-04,471.56,0.3345,0,Medium
1930476855.0,0200750051,2020-02-04,126649.31,0.1661,0,Low
1930476949.0,CCCA02,2020-02-04,21168.0,0.8524,1,High
1930477133.0,0200705089,2020-02-04,6706.69,0.2633,0,Low
1930478470.0,0200785971,2020-02-04,20809.25,0.8471,1,High
1930478472.0,0200900909,2020-02-04,3906.58,0.6768,1,Medium
1930478627.0,0200750051,2020-02-04,6940.87,0.2132,0,Low
1930479563.0,0200776463,2020-02-04,15522.3,0.2679,0,Low
1930479606.0,0200881076,2020-02-04,61246.26,0.1894,0,Low
1930479607.0,0200881076,2020-02-04,3466.55,0.2874,0,Low
1930479671.0,0200772595,2020-02-04,13771.56,0.632,1,Medium
1930482169.0,0200074164,2020-02-04,10970.0,0.6745,1,Medium
1930490903.0,0200207008,2020-02-04,41505.6,0.6599,1,Medium
1991839233.0,0100046479,2020-02-04,13886.0,0.0886,0,Low
2960610767.0,0140104229,2020-02-04,4612.95,0.6496,1,Medium
2960611482.0,0140104409,2020-02-04,45183.4,0.2339,0,Low
2960611668.0,0140104409,2020-02-04,12733.2,0.1996,0,Low
2960612230.0,0140104409,2020-02-04,18278.7,0.2565,0,Low
2960612420.0,0140104223,2020-02-04,41514.65,0.792,1,High
2960612512.0,0140105000,2020-02-04,35139.42,0.4166,0,Medium
2960612521.0,0140106408,2020-02-04,20684.45,0.9939,1,High
1930454838.0,0200741174,2020-02-05,12838.8,0.8887,1,High
1930455634.0,0200126819,2020-02-05,8059.0,0.3436,0,Medium
1930458923.0,0200036413,2020-02-05,27116.26,0.481,1,Medium
1930459290.0,0200915438,2020-02-05,19571.14,0.3364,0,Medium
1930462386.0,0200374578,2020-02-05,97305.3,0.4188,0,Medium
1930462431.0,0200345943,2020-02-05,22351.2,0.5235,1,Medium
1930462499.0,0200886415,2020-02-05,11761.92,0.8599,1,High
1930462918.0,0200769623,2020-02-05,11146.29,0.4089,0,Medium
1930464183.0,0200759878,2020-02-05,13891.01,0.7593,1,High
1930464902.0,0200763152,2020-02-05,6390.09,0.6404,1,Medium
1930469678.0,0200668077,2020-02-05,26582.4,0.95,1,High
1930469864.0,0200706844,2020-02-05,45562.23,0.2473,0,Low
1930470703.0,0100033439,2020-02-05,40664.0,0.2353,0,Low
1930470801.0,0200769623,2020-02-05,2173.16,0.2238,0,Low
1930471093.0,0200741174,2020-02-05,21767.29,0.8946,1,High
1930471378.0,0200769623,2020-02-05,71390.4,0.0723,0,Low
1930471402.0,0200769623,2020-02-05,6803.07,0.3508,0,Medium
1930472339.0,0200407025,2020-02-05,151781.44,0.1935,0,Low
1930472617.0,0200769623,2020-02-05,59883.94,0.2313,0,Low
1930473664.0,0200764795,2020-02-05,24862.11,0.871,1,High
1930473845.0,0200769623,2020-02-05,48686.43,0.1337,0,Low
1930474148.0,0200762301,2020-02-05,55102.15,0.2038,0,Low
1930474583.0,0200769623,2020-02-05,15132.2,0.1962,0,Low
1930474760.0,0200148860,2020-02-05,1210.31,0.261,0,Low
1930474861.0,0200736337,2020-02-05,10991.42,0.8436,1,High
1930474897.0,0200799180,2020-02-05,53829.59,0.7022,1,High
1930474905.0,0200762301,2020-02-05,13190.97,0.2134,0,Low
1930475046.0,0200705089,2020-02-05,29489.34,0.2436,0,Low
1930475141.0,0200762301,2020-02-05,766.07,0.7222,1,High
1930475198.0,0200759878,2020-02-05,97921.91,0.1985,0,Low
1930475249.0,0200759878,2020-02-05,79184.39,0.1377,0,Low
1930475345.0,0200743123,2020-02-05,18708.7,0.1876,0,Low
1930475500.0,0200739006,2020-02-05,49211.26,0.2556,0,Low
1930475898.0,0200780383,2020-02-05,1026.1,0.5658,1,Medium
1930476094.0,0200466603,2020-02-05,101104.36,0.1958,0,Low
1930476105.0,0200769623,2020-02-05,58763.52,0.2297,0,Low
1930476156.0,0200726979,2020-02-05,35.76,0.4335,0,Medium
1930476157.0,0200726979,2020-02-05,776.06,0.393,0,Medium
1930476196.0,CCCA02,2020-02-05,15518.2,0.8416,1,High
1930476215.0,0200759878,2020-02-05,29554.76,0.7966,1,High
1930476223.0,0200769623,2020-02-05,38693.79,0.1107,0,Low
1930476243.0,CCCA02,2020-02-05,69175.68,0.8565,1,High
1930476370.0,0200769623,2020-02-05,57861.81,0.2297,0,Low
1930476463.0,0200726979,2020-02-05,353.8,0.418,0,Medium
1930476498.0,0200726979,2020-02-05,165.53,0.4261,0,Medium
1930476670.0,0200129450,2020-02-05,96520.8,0.839,1,High
1930476718.0,0200769623,2020-02-05,50000.47,0.1559,0,Low
1930476939.0,0200769623,2020-02-05,6813.61,0.3508,0,Medium
1930476967.0,0100031704,2020-02-05,85758.86,0.4262,0,Medium
1930477052.0,0200759878,2020-02-05,23848.82,0.7736,1,High
1930477084.0,0200974851,2020-02-05,123.21,0.2479,0,Low
1930477094.0,0200559683,2020-02-05,21663.81,0.8498,1,High
1930477103.0,0200759878,2020-02-05,118271.01,0.1075,0,Low
1930477736.0,0200780383,2020-02-05,117141.37,0.3536,0,Medium
1930477850.0,0200353024,2020-02-05,2788.32,0.0114,0,Low
1930478288.0,0200726979,2020-02-05,107.17,0.4261,0,Medium
1930478529.0,0200769623,2020-02-05,16215.0,0.211,0,Low
1930478556.0,0200769623,2020-02-05,957.31,0.3634,0,Medium
1930478648.0,0200799367,2020-02-05,51815.38,0.3922,0,Medium
1930479581.0,0200268458,2020-02-05,33725.27,0.19,0,Low
1930479675.0,0200759878,2020-02-05,18900.98,0.7661,1,High
1930479698.0,0200833713,2020-02-05,369.64,0.4851,1,Medium
1930479902.0,0200769623,2020-02-05,4388.75,0.2289,0,Low
1930479906.0,0200769623,2020-02-05,661.11,0.3714,0,Medium
1930479910.0,0200769623,2020-02-05,27944.37,0.3236,0,Medium
1930479917.0,0200769623,2020-02-05,19935.07,0.2923,0,Low
1930479957.0,0200353024,2020-02-05,4020.03,0.012,0,Low
1930479984.0,0200353024,2020-02-05,1591.0,0.01,0,Low
1930479986.0,0200353024,2020-02-05,1489.49,0.0106,0,Low
1930479992.0,0200353024,2020-02-05,1897.39,0.2112,0,Low
1930480026.0,0200353024,2020-02-05,2936.79,0.011,0,Low
1930480042.0,0200353024,2020-02-05,31171.21,0.3305,0,Medium
1930480044.0,0200353024,2020-02-05,11508.99,0.018,0,Low
1930480238.0,0200353024,2020-02-05,4590.12,0.012,0,Low
1930480254.0,0200974851,2020-02-05,1549.0,0.1667,0,Low
1930480258.0,0200974851,2020-02-05,898.23,0.2093,0,Low
1930480505.0,0200759878,2020-02-05,42675.24,0.6651,1,Medium
1930480623.0,0200353024,2020-02-05,1143.06,0.0105,0,Low
1930480634.0,0200353024,2020-02-05,29144.09,0.721,1,High
1930480642.0,0200705742,2020-02-05,2388.04,0.0955,0,Low
1930480649.0,0200078795,2020-02-05,6169.93,0.1954,0,Low
1930480678.0,0200761734,2020-02-05,65163.0,0.1188,0,Low
1930480708.0,0200353024,2020-02-05,21740.57,0.6557,1,Medium
1930480722.0,0200353024,2020-02-05,2585.63,0.0114,0,Low
1930480777.0,0200078795,2020-02-05,1815.84,0.154,0,Low
1930480807.0,0200743129,2020-02-05,103171.44,0.1592,0,Low
1930480950.0,0200772670,2020-02-05,48651.44,0.5407,1,Medium
1930481840.0,0200833713,2020-02-05,228.74,0.5076,1,Medium
1930482025.0,0200776463,2020-02-05,322.83,0.5205,1,Medium
1930482164.0,0200974851,2020-02-05,13385.78,0.1991,0,Low
1930482329.0,0200711029,2020-02-05,12386.5,0.2439,0,Low
1930484820.0,0200792734,2020-02-05,84115.08,0.2058,0,Low
1930486034.0,0200865666,2020-02-05,13176.65,0.1772,0,Low
1930486179.0,0200769623,2020-02-05,34841.89,0.1584,0,Low
1930486186.0,0200785971,2020-02-05,21363.03,0.8409,1,High
1930486626.0,0100021540,2020-02-05,31313.93,0.8834,1,High
1930486630.0,0100021540,2020-02-05,1007.52,0.8951,1,High
1930486906.0,0100031704,2020-02-05,89068.54,0.4262,0,Medium
1930486972.0,0200764795,2020-02-05,7514.04,0.8619,1,High
1930487140.0,0200705742,2020-02-05,3369.78,0.2078,0,Low
1930487443.0,200747369,2020-02-05,62576.28,0.5682,1,Medium
1930487837.0,0200337148,2020-02-05,32528.85,0.1163,0,Low
1930487839.0,0200434439,2020-02-05,78383.35,0.6126,1,Medium
1930488229.0,0200793568,2020-02-05,106.27,0.6483,1,Medium
1930488628.0,0200778870,2020-02-05,4267.56,0.8024,1,High
1930488630.0,0200778870,2020-02-05,18550.34,0.9647,1,High
1930491289.0,0200705742,2020-02-05,21933.93,0.1045,0,Low
1991839148.0,CC6050,2020-02-05,51480.59,0.9079,1,High
1991839442.0,0100046483,2020-02-05,13938.4,0.9537,1,High
2960609292.0,0140104429,2020-02-05,72903.12,0.6562,1,Medium
2960609473.0,0140104409,2020-02-05,40567.27,0.2937,0,Low
2960610980.0,0140106181,2020-02-05,23978.5,0.995,1,High
2960611487.0,0140105686,2020-02-05,10296.24,0.9843,1,High
2960611497.0,0140104429,2020-02-05,2736.63,0.7441,1,High
2960612154.0,0140105847,2020-02-05,36728.67,0.733,1,High
2960612233.0,0140105686,2020-02-05,67137.64,0.9459,1,High
2960612533.0,0140106408,2020-02-05,23769.89,0.9967,1,High
2960612539.0,0140104429,2020-02-05,3302.07,0.7401,1,High
1930451770.0,0200331749,2020-02-06,1194.39,0.6563,1,Medium
1930455035.0,0200331749,2020-02-06,1291.94,0.6638,1,Medium
1930458535.0,0200759878,2020-02-06,54651.72,0.5295,1,Medium
1930464061.0,0200229974,2020-02-06,15737.76,0.3926,0,Medium
1930468866.0,0200794332,2020-02-06,62408.16,0.1442,0,Low
1930472456.0,0200764795,2020-02-06,57232.87,0.7939,1,High
1930473915.0,0200778355,2020-02-06,15767.76,0.6607,1,Medium
1930474163.0,0200493614,2020-02-06,4939.52,0.7094,1,High
1930474357.0,0200735528,2020-02-06,18373.82,0.8391,1,High
1930474403.0,0200418007,2020-02-06,14557.53,0.295,0,Low
1930475216.0,CCU002,2020-02-06,61334.91,0.8882,1,High
1930475243.0,0200769623,2020-02-06,49729.28,0.13,0,Low
1930475431.0,0200721222,2020-02-06,24915.55,0.1893,0,Low
1930476047.0,0200126819,2020-02-06,32782.12,0.2898,0,Low
1930476301.0,0100057698,2020-02-06,4990.74,0.9516,1,High
1930476810.0,0200783609,2020-02-06,14820.05,0.9472,1,High
1930476884.0,0200744019,2020-02-06,46665.92,0.547,1,Medium
1930477068.0,0200783189,2020-02-06,44119.23,0.2185,0,Low
1930477755.0,0200794332,2020-02-06,1894.87,0.1336,0,Low
1930477778.0,0200769623,2020-02-06,14198.03,0.191,0,Low
1930478488.0,0200769623,2020-02-06,16670.48,0.1773,0,Low
1930478496.0,0200555117,2020-02-06,84013.36,0.3831,0,Medium
1930479588.0,0200759878,2020-02-06,3329.79,0.597,1,Medium
1930479857.0,0200780383,2020-02-06,103603.05,0.3782,0,Medium
1930479941.0,0200759878,2020-02-06,30875.02,0.7454,1,High
1930480300.0,CCCA02,2020-02-06,13948.2,0.8296,1,High
1930480679.0,0200721222,2020-02-06,24915.55,0.1893,0,Low
1930480790.0,0200769623,2020-02-06,661.11,0.32,0,Medium
1930480803.0,0200759878,2020-02-06,28534.5,0.7562,1,High
1930480939.0,0200769623,2020-02-06,35076.85,0.135,0,Low
1930480945.0,0200936373,2020-02-06,73644.11,0.4363,0,Medium
1930481223.0,CCCA02,2020-02-06,13948.2,0.8296,1,High
1930482089.0,CCCA02,2020-02-06,31455.64,0.8437,1,High
1930482132.0,0200982290,2020-02-06,80727.06,0.1422,0,Low
1930482149.0,0200761734,2020-02-06,58467.58,0.1195,0,Low
1930482208.0,0200769623,2020-02-06,44352.56,0.0972,0,Low
1930482332.0,0200707741,2020-02-06,118601.49,0.2638,0,Low
1930482448.0,0200778998,2020-02-06,70802.8,0.0939,0,Low
1930484670.0,0200726979,2020-02-06,274.24,0.3907,0,Medium
1930484923.0,0200726979,2020-02-06,337.56,0.3828,0,Medium
1930485225.0,0200726979,2020-02-06,46.98,0.3979,0,Medium
1930485231.0,0200769623,2020-02-06,29256.83,0.2554,0,Low
1930486272.0,0200726979,2020-02-06,316.11,0.3828,0,Medium
1930486688.0,0200020431,2020-02-06,562.55,0.0075,0,Low
1930486696.0,CCU013,2020-02-06,3698.2,0.9987,1,High
1930486740.0,0200794332,2020-02-06,51407.61,0.1263,0,Low
1930486951.0,0200705742,2020-02-06,5369.08,0.0807,0,Low
1930487073.0,0200726979,2020-02-06,377.46,0.3805,0,Medium
1930487077.0,0200555117,2020-02-06,93372.86,0.3715,0,Medium
1930487088.0,0200782001,2020-02-06,24675.17,0.1552,0,Low
1930487161.0,0200769623,2020-02-06,22306.45,0.2506,0,Low
1930487195.0,0200784489,2020-02-06,11989.9,0.2489,0,Low
1930487308.0,0200769623,2020-02-06,44431.96,0.0972,0,Low
1930487316.0,0200705742,2020-02-06,65510.82,0.0695,0,Low
1930487470.0,0200762301,2020-02-06,144120.28,0.0953,0,Low
1930487905.0,0200769623,2020-02-06,813.17,0.3065,0,Medium
1930487909.0,0200762301,2020-02-06,143168.71,0.0953,0,Low
1930487914.0,CCCA02,2020-02-06,14675.64,0.8155,1,High
1930487959.0,0200743123,2020-02-06,123019.59,0.1615,0,Low
1930488056.0,0200769623,2020-02-06,62724.59,0.2065,0,Low
1930488092.0,0200769623,2020-02-06,934.3,0.3125,0,Medium
1930488133.0,0200799367,2020-02-06,12259.09,0.3445,0,Medium
1930488139.0,0200881076,2020-02-06,183.03,0.2629,0,Low
1930488140.0,0200782669,2020-02-06,1668.01,0.7681,1,High
1930488191.0,0100036039,2020-02-06,2429.51,0.417,0,Medium
1930488206.0,0200799367,2020-02-06,17900.61,0.3332,0,Medium
1930488609.0,0200705742,2020-02-06,31051.04,0.0938,0,Low
1930489185.0,0200230690,2020-02-06,63.72,0.008,0,Low
1930489188.0,0200230690,2020-02-06,515.82,0.0078,0,Low
1930489304.0,0200865666,2020-02-06,2952.77,0.1449,0,Low
1930489546.0,0200706844,2020-02-06,6702.17,0.2518,0,Low
1930489672.0,0200726979,2020-02-06,91.06,0.4032,0,Medium
1930489730.0,0200754278,2020-02-06,17927.18,0.9129,1,High
1930489861.0,0200020431,2020-02-06,4396.46,0.6961,1,Medium
1930489927.0,0200002965,2020-02-06,5348.82,0.0287,0,Low
1930489938.0,0200230690,2020-02-06,2609.0,0.0099,0,Low
1930489998.0,0200020431,2020-02-06,404.28,0.0069,0,Low
1930490009.0,0200020431,2020-02-06,1196.04,0.0089,0,Low
1930490023.0,0200230690,2020-02-06,11418.94,0.5795,1,Medium
1930490052.0,0200416837,2020-02-06,350.2,0.0093,0,Low
1930490067.0,0200020431,2020-02-06,19067.09,0.5341,1,Medium
1930490134.0,0200020431,2020-02-06,3977.42,0.0094,0,Low
1930490137.0,0100017419,2020-02-06,89975.94,0.6301,1,Medium
1930490160.0,0200230690,2020-02-06,3504.74,0.0096,0,Low
1930490185.0,0200230690,2020-02-06,81.0,0.008,0,Low
1930490188.0,0200230690,2020-02-06,133.8,0.008,0,Low
1930490206.0,0200020431,2020-02-06,321.48,0.0076,0,Low
1930490223.0,0200230690,2020-02-06,8340.06,0.013,0,Low
1930490236.0,0200416837,2020-02-06,4330.0,0.0115,0,Low
1930490237.0,0200416837,2020-02-06,3315.87,0.0106,0,Low
1930490258.0,0200020431,2020-02-06,4889.59,0.0095,0,Low
1930490260.0,0200407025,2020-02-06,4501.78,0.2441,0,Low
1930490504.0,0200761734,2020-02-06,52731.18,0.1193,0,Low
1930490508.0,0200020431,2020-02-06,5893.68,0.5327,1,Medium
1930490537.0,0200750051,2020-02-06,60727.3,0.1738,0,Low
1930490569.0,0200434439,2020-02-06,534.17,0.6696,1,Medium
1930491463.0,0200793568,2020-02-06,2766.14,0.5327,1,Medium
1930491465.0,0200793568,2020-02-06,1671.57,0.5219,1,Medium
1930491495.0,0200739534,2020-02-06,65664.6,0.5753,1,Medium
1930491544.0,0200772670,2020-02-06,9785.02,0.5848,1,Medium
1930492498.0,0200769623,2020-02-06,5601.39,0.2117,0,Low
1930492635.0,0200772670,2020-02-06,41485.45,0.5207,1,Medium
1930492687.0,0200726979,2020-02-06,573.92,0.3545,0,Medium
1930492816.0,0100026939,2020-02-06,27343.98,0.8646,1,High
1930493435.0,0200331749,2020-02-06,25045.62,0.8201,1,High
1930494314.0,0200769623,2020-02-06,32663.02,0.2142,0,Low
1930494322.0,0200714710,2020-02-06,33240.56,0.7532,1,High
1930494561.0,0200750051,2020-02-06,14096.21,0.184,0,Low
1930494690.0,0200769623,2020-02-06,17255.39,0.2048,0,Low
1930494691.0,0200769623,2020-02-06,8254.72,0.3119,0,Medium
1930495073.0,0200434439,2020-02-06,30195.25,0.7749,1,High
1930495343.0,0200705742,2020-02-06,848.27,0.0804,0,Low
1930586980.0,0200455322,2020-02-06,24587.03,0.9049,1,High
1930452868.0,0200229974,2020-02-07,15236.75,0.5604,1,Medium
1930462487.0,0200126819,2020-02-07,11747.7,0.7888,1,High
1930464225.0,0200696090,2020-02-07,1426.81,0.8769,1,High
1930466633.0,0200769623,2020-02-07,6361.07,0.321,0,Medium
1930467699.0,0200706844,2020-02-07,66277.2,0.7813,1,High
1930471304.0,0200739006,2020-02-07,13258.61,0.6911,1,Medium
1930474330.0,0200915438,2020-02-07,9558.82,0.82,1,High
1930475136.0,0200799367,2020-02-07,17981.12,0.8502,1,High
1930475504.0,0200418007,2020-02-07,19811.87,0.8116,1,High
1930475505.0,0200418007,2020-02-07,67.2,0.5396,1,Medium
1930475801.0,0200399141,2020-02-07,23047.85,0.8995,1,High
1930475846.0,0100035877,2020-02-07,8714.81,0.9302,1,High
1930476244.0,0200561861,2020-02-07,750.24,0.5927,1,Medium
1930477796.0,0200707822,2020-02-07,125425.94,0.8282,1,High
1930478397.0,0200706844,2020-02-07,14261.76,0.7889,1,High
1930478516.0,0200790107,2020-02-07,15745.46,0.816,1,High
1930479737.0,0200769623,2020-02-07,35960.65,0.1678,0,Low
1930479779.0,0200275115,2020-02-07,14492.83,0.8138,1,High
1930480963.0,0200721222,2020-02-07,57546.21,0.8453,1,High
1930482021.0,0200229974,2020-02-07,16325.23,0.5555,1,Medium
1930486955.0,0200418007,2020-02-07,45264.25,0.7984,1,High
1930487058.0,0200769623,2020-02-07,9341.28,0.4205,0,Medium
1930487078.0,0200769369,2020-02-07,1587.98,0.8384,1,High
1930487452.0,0200275115,2020-02-07,47334.33,0.8359,1,High
1930487586.0,0200769623,2020-02-07,15585.3,0.2395,0,Low
1930487629.0,0200790710,2020-02-07,41822.92,0.9831,1,High
1930487684.0,0100032523,2020-02-07,36052.0,0.6539,1,Medium
1930488032.0,0200773364,2020-02-07,78879.93,0.4892,1,Medium
1930488035.0,0200707822,2020-02-07,72194.37,0.8483,1,High
1930488060.0,0200769623,2020-02-07,13653.86,0.2998,0,Low
1930488145.0,0200726979,2020-02-07,22298.4,0.6134,1,Medium
1930488152.0,0200769623,2020-02-07,35604.45,0.1678,0,Low
1930488240.0,0200769623,2020-02-07,7528.96,0.4132,0,Medium
1930488251.0,0200769623,2020-02-07,142.22,0.3979,0,Medium
1930488258.0,0200769623,2020-02-07,8949.7,0.4171,0,Medium
1930488288.0,0200762301,2020-02-07,1441.59,0.857,1,High
1930488417.0,0200769623,2020-02-07,4355.07,0.284,0,Low
1930488439.0,0200561861,2020-02-07,2284.2,0.5115,1,Medium
1930488443.0,0200769623,2020-02-07,15341.53,0.2395,0,Low
1930488463.0,0200455322,2020-02-07,45912.51,0.9063,1,High
1930489011.0,0200759878,2020-02-07,17020.8,0.8918,1,High
1930489424.0,0200769623,2020-02-07,949.45,0.4244,0,Medium
1930489674.0,0200769623,2020-02-07,16795.18,0.2566,0,Low
1930489739.0,0200769623,2020-02-07,1322.22,0.3689,0,Medium
1930490036.0,0200794332,2020-02-07,14204.38,0.2403,0,Low
1930490197.0,0200732755,2020-02-07,41709.5,0.8304,1,High
1930490246.0,0200791792,2020-02-07,51508.43,0.3234,0,Medium
1930490324.0,0200418007,2020-02-07,50863.17,0.8138,1,High
1930490326.0,0200418007,2020-02-07,307.2,0.8313,1,High
1930490880.0,0200704045,2020-02-07,36166.18,0.7679,1,High
1930490904.0,0200704858,2020-02-07,129607.52,0.693,1,Medium
1930490909.0,0200786288,2020-02-07,13966.87,0.2901,0,Low
1930491280.0,0200769623,2020-02-07,10937.77,0.478,1,Medium
1930492494.0,0200726979,2020-02-07,502.54,0.9353,1,High
1930492683.0,0200744019,2020-02-07,10514.77,0.894,1,High
1930492709.0,0200769623,2020-02-07,60809.0,0.2412,0,Low
1930492826.0,0200769623,2020-02-07,34552.69,0.1723,0,Low
1930492912.0,0200726979,2020-02-07,355.57,0.9394,1,High
1930493218.0,0200020431,2020-02-07,1701.36,0.6791,1,Medium
1930493281.0,0200387798,2020-02-07,11854.08,0.8248,1,High
1930493322.0,0200780383,2020-02-07,123738.49,0.8689,1,High
1930493325.0,0200780383,2020-02-07,73139.2,0.9071,1,High
1930493446.0,0200769623,2020-02-07,42737.44,0.1137,0,Low
1930493559.0,0200769623,2020-02-07,62024.53,0.2412,0,Low
1930494009.0,0200793000,2020-02-07,22926.97,0.9742,1,High
1930494080.0,0200726979,2020-02-07,126.67,0.9413,1,High
1930494228.0,0200779906,2020-02-07,19508.22,0.9808,1,High
1930494575.0,0200729942,2020-02-07,6223.92,0.5254,1,Medium
1930494728.0,0200729942,2020-02-07,3646.18,0.2751,0,Low
1930494746.0,0200762301,2020-02-07,50918.09,0.8451,1,High
1930494861.0,0200020431,2020-02-07,292.44,0.012,0,Low
1930494865.0,0200020431,2020-02-07,8467.46,0.0191,0,Low
1930494984.0,0200762301,2020-02-07,36546.5,0.8327,1,High
1930494987.0,0200739534,2020-02-07,29708.1,0.9312,1,High
1930495089.0,0100021540,2020-02-07,43399.84,0.9031,1,High
1930495178.0,0100010669,2020-02-07,57407.62,0.8367,1,High
1930495219.0,0200769623,2020-02-07,25088.28,0.3518,0,Medium
1930495237.0,0200769623,2020-02-07,1098.77,0.3898,0,Medium
1930495250.0,0200769623,2020-02-07,15935.21,0.2566,0,Low
1930495334.0,0200493614,2020-02-07,7503.12,0.8324,1,High
1930495361.0,0200357714,2020-02-07,70754.07,0.8734,1,High
1930495400.0,0200769623,2020-02-07,28061.11,0.374,0,Medium
1930495420.0,0200729942,2020-02-07,4260.67,0.2743,0,Low
1930495436.0,0200769623,2020-02-07,813.17,0.4175,0,Medium
1930495454.0,0200434439,2020-02-07,78273.36,0.8394,1,High
1930495925.0,0200769623,2020-02-07,4341.39,0.284,0,Low
1930495946.0,0200769623,2020-02-07,15695.18,0.2395,0,Low
1930495979.0,0200769623,2020-02-07,3702.52,0.2717,0,Low
1930496445.0,0200416837,2020-02-07,3609.02,0.6514,1,Medium
1930496448.0,0100031723,2020-02-07,20090.72,0.1432,0,Low
1930496601.0,0200230690,2020-02-07,5230.7,0.6459,1,Medium
1930499709.0,0100012638,2020-02-07,14029.46,0.9834,1,High
1930499852.0,0200772670,2020-02-07,6960.02,0.9105,1,High
1930501494.0,0200739534,2020-02-07,16384.52,0.8508,1,High
1930501693.0,0200762301,2020-02-07,25146.24,0.8283,1,High
1930503140.0,0200186937,2020-02-07,4546.93,0.9279,1,High
1930503253.0,0200769623,2020-02-07,49105.03,0.1511,0,Low
1930508587.0,0200769623,2020-02-07,943.12,0.4244,0,Medium
1930509219.0,0200148860,2020-02-07,9996.43,0.6892,1,Medium
1991838882.0,CC6530,2020-02-07,18448.95,0.8615,1,High
1991839439.0,CC6600,2020-02-07,59389.27,0.9629,1,High
2960612253.0,0140104409,2020-02-07,58953.47,0.6741,1,Medium
2960613106.0,0140104229,2020-02-07,1537.65,0.7289,1,High
1930477342.0,0200706844,2020-02-08,49323.3,0.8824,1,High
1930486363.0,0200762301,2020-02-08,70810.05,0.92,1,High
1930487478.0,0200936373,2020-02-08,52889.07,0.9529,1,High
1930488273.0,0200769623,2020-02-08,3797.1,0.2852,0,Low
1930488274.0,0200769623,2020-02-08,1481.01,0.302,0,Medium
1930489919.0,0200769623,2020-02-08,2352.97,0.2793,0,Low
1930494589.0,0200744019,2020-02-08,18749.89,0.894,1,High
1930494667.0,0200769623,2020-02-08,12321.3,0.3695,0,Medium
1930495082.0,0200729290,2020-02-08,19519.37,0.9457,1,High
1930495167.0,0200752302,2020-02-08,75409.12,0.9203,1,High
1930495459.0,0200759878,2020-02-08,13322.56,0.9472,1,High
1930495578.0,0200769623,2020-02-08,16513.15,0.2641,0,Low
1930495603.0,0200769623,2020-02-08,72955.78,0.0935,0,Low
1930495718.0,0200771157,2020-02-08,45123.51,0.9369,1,High
1930495720.0,0200769623,2020-02-08,15462.05,0.2429,0,Low
1930495840.0,0200726979,2020-02-08,99.06,0.9641,1,High
1930496414.0,0200697207,2020-02-08,70558.43,0.6504,1,Medium
1930496818.0,0200726979,2020-02-08,266.01,0.9601,1,High
1930499219.0,0200726979,2020-02-08,561.81,0.9536,1,High
1930499505.0,0200769623,2020-02-08,18734.94,0.3655,0,Medium
1930499650.0,0200803720,2020-02-08,9983.56,0.6719,1,Medium
1930499991.0,0200769623,2020-02-08,44315.73,0.1122,0,Low
1930500015.0,0200769623,2020-02-08,73109.65,0.0935,0,Low
1930500032.0,0200769623,2020-02-08,39603.13,0.1122,0,Low
1930500263.0,0200803720,2020-02-08,2542.14,0.0251,0,Low
1930500280.0,0200769623,2020-02-08,15490.13,0.2429,0,Low
1930500437.0,0200803720,2020-02-08,5128.97,0.663,1,Medium
1930501010.0,0200803720,2020-02-08,81.0,0.0172,0,Low
1930501011.0,0200803720,2020-02-08,877.83,0.0212,0,Low
1930501014.0,0200803720,2020-02-08,718.74,0.0191,0,Low
1930501029.0,0200803720,2020-02-08,173.38,0.8071,1,High
1930502135.0,0200769623,2020-02-08,15619.74,0.2429,0,Low
1930502230.0,0200769623,2020-02-08,12686.52,0.3581,0,Medium
1930502305.0,0200769623,2020-02-08,56738.87,0.2533,0,Low
1930502345.0,0200793568,2020-02-08,23322.31,0.9452,1,High
1930502363.0,0200772670,2020-02-08,48825.79,0.9404,1,High
1930502370.0,0200881076,2020-02-08,75689.14,0.9168,1,High
1930502446.0,0200769623,2020-02-08,49524.34,0.1491,0,Low
1930502860.0,0200769623,2020-02-08,12052.51,0.3739,0,Medium
1930502897.0,0200769623,2020-02-08,37732.48,0.1122,0,Low
1930503411.0,0200769623,2020-02-08,37871.95,0.1122,0,Low
1930503414.0,0200769623,2020-02-08,48002.56,0.1354,0,Low
1930503536.0,0200148860,2020-02-08,154826.31,0.7534,1,High
1930503656.0,0200721530,2020-02-08,109160.21,0.2373,0,Low
1930503671.0,0200769623,2020-02-08,15284.1,0.2429,0,Low
1930503744.0,0200707822,2020-02-08,82468.3,0.9126,1,High
1930503745.0,0200707822,2020-02-08,74873.5,0.9126,1,High
1930503751.0,0200769623,2020-02-08,45260.26,0.1152,0,Low
1930504019.0,0200707822,2020-02-08,20699.17,0.9363,1,High
1930504113.0,0200792734,2020-02-08,45879.42,0.8714,1,High
1930504300.0,0200769623,2020-02-08,3797.1,0.2852,0,Low
1930504308.0,0200782772,2020-02-08,84204.81,0.381,0,Medium
1930504323.0,0200769623,2020-02-08,12648.16,0.3581,0,Medium
1930506408.0,0200776463,2020-02-08,111506.64,0.9393,1,High
1930508554.0,0200705742,2020-02-08,13877.13,0.1218,0,Low
1990570715.0,0200039093,2020-02-08,54148.37,0.6674,1,Medium
1991838348.0,0100053554,2020-02-08,8904.15,0.9124,1,High
2960612261.0,0140104409,2020-02-08,33755.16,0.6914,1,Medium
2960613022.0,0140105785,2020-02-08,45024.84,0.9728,1,High
2960613116.0,0140106408,2020-02-08,19482.63,0.9952,1,High
2960613336.0,0140104409,2020-02-08,81806.61,0.6952,1,Medium
1930476885.0,CCU002,2020-02-09,47368.8,0.885,1,High
1930491282.0,0200769623,2020-02-09,949.45,0.3989,0,Medium
1930494958.0,0100029677,2020-02-09,58048.32,0.5076,1,Medium
1930494978.0,0200769623,2020-02-09,59715.08,0.2339,0,Low
1930495369.0,CCCA02,2020-02-09,7953.6,0.796,1,High
1930495561.0,0200769623,2020-02-09,10327.31,0.4597,1,Medium
1930496634.0,0200769623,2020-02-09,2851.17,0.2648,0,Low
1930497712.0,CCCA02,2020-02-09,12297.6,0.8115,1,High
1930498080.0,0200744019,2020-02-09,10089.36,0.8347,1,High
1930498091.0,0200769623,2020-02-09,67986.73,0.2124,0,Low
1930499910.0,0200769623,2020-02-09,15946.82,0.25,0,Low
1930500319.0,0200759878,2020-02-09,14394.5,0.8632,1,High
1930501097.0,0200769623,2020-02-09,6532.6,0.3134,0,Medium
1930501385.0,0200769623,2020-02-09,38541.89,0.1041,0,Low
1930501920.0,0200769623,2020-02-09,1329.23,0.3007,0,Medium
1930501931.0,0200762301,2020-02-09,1089.67,0.8191,1,High
1930502033.0,0200769623,2020-02-09,17377.81,0.3523,0,Medium
1930502208.0,0200769623,2020-02-09,15960.21,0.25,0,Low
1930502297.0,0200786288,2020-02-09,23722.74,0.349,0,Medium
1930502997.0,0200759878,2020-02-09,2951.59,0.7837,1,High
1930503458.0,0200769623,2020-02-09,12036.31,0.3736,0,Medium
1930503477.0,0200769623,2020-02-09,1607.72,0.287,0,Low
1930503592.0,0200761734,2020-02-09,1759.07,0.5712,1,Medium
1930503641.0,0200744019,2020-02-09,9726.99,0.7665,1,High
1930503660.0,0200769623,2020-02-09,708.26,0.3922,0,Medium
1930504135.0,0200729290,2020-02-09,16991.53,0.8152,1,High
1930504212.0,0200726979,2020-02-09,183.29,0.6707,1,Medium
1930504244.0,0200769623,2020-02-09,28511.85,0.3675,0,Medium
1930504729.0,0200769623,2020-02-09,13718.52,0.304,0,Medium
1930504791.0,0200726979,2020-02-09,260.55,0.6518,1,Medium
1930504967.0,0200721222,2020-02-09,20193.69,0.5538,1,Medium
1930505174.0,0200726979,2020-02-09,82.82,0.6714,1,Medium
1930505182.0,0200769623,2020-02-09,2177.53,0.2688,0,Low
1930506251.0,0200769623,2020-02-09,24904.24,0.371,0,Medium
1930506371.0,0200705742,2020-02-09,7948.89,0.3295,0,Medium
1930506407.0,0200769623,2020-02-09,48299.43,0.1259,0,Low
1930506456.0,0200707822,2020-02-09,119756.86,0.3002,0,Medium
1930506553.0,0200780383,2020-02-09,22484.48,0.8597,1,High
1930506579.0,0200705742,2020-02-09,5588.8,0.3219,0,Medium
1930506907.0,0200769623,2020-02-09,307.49,0.4005,0,Medium
1930506932.0,0200707822,2020-02-09,21768.75,0.3957,0,Medium
1930507218.0,0200712105,2020-02-09,4838.38,0.7849,1,High
1930507295.0,0200769623,2020-02-09,30547.88,0.3354,0,Medium
1930507517.0,0200769623,2020-02-09,943.12,0.3989,0,Medium
1930507559.0,CCCA02,2020-02-09,14043.48,0.8182,1,High
1930508101.0,0200705742,2020-02-09,86641.12,0.0539,0,Low
1930508816.0,0200706844,2020-02-09,84355.4,0.5568,1,Medium
1991838756.0,0100050703,2020-02-09,19993.04,0.706,1,High
2960613353.0,0140104429,2020-02-09,7717.07,0.7684,1,High
2960613521.0,0140104409,2020-02-09,210222.42,0.4041,0,Medium
1930449185.0,0200763152,2020-02-10,22279.32,0.4132,0,Medium
1930475991.0,CCCA02,2020-02-10,55145.1,0.8878,1,High
1930485413.0,0200784454,2020-02-10,9859.12,0.8869,1,High
1930487469.0,0200762301,2020-02-10,3084.76,0.1994,0,Low
1930487537.0,0200794332,2020-02-10,26207.87,0.2294,0,Low
1930492689.0,0200762301,2020-02-10,5231.91,0.6386,1,Medium
1930492802.0,CCU013,2020-02-10,1853.49,0.9976,1,High
1930493295.0,0200793088,2020-02-10,44055.6,0.0666,0,Low
1930494666.0,0200762301,2020-02-10,5630.89,0.2046,0,Low
1930495328.0,0100024776,2020-02-10,15090.34,0.6232,1,Medium
1930499900.0,0200782669,2020-02-10,23298.58,0.8735,1,High
1930499915.0,0200551034,2020-02-10,53936.0,0.4717,1,Medium
1930499995.0,0200769623,2020-02-10,15690.59,0.1758,0,Low
1930500039.0,0200769623,2020-02-10,47218.45,0.1187,0,Low
1930500284.0,0200769623,2020-02-10,1544.66,0.2314,0,Low
1930500770.0,0200759878,2020-02-10,88238.04,0.1598,0,Low
1930502497.0,0200744019,2020-02-10,17428.17,0.6024,1,Medium
1930503144.0,0200708411,2020-02-10,23137.12,0.1796,0,Low
1930503494.0,0200769623,2020-02-10,1898.9,0.1273,0,Low
1930503595.0,0200769623,2020-02-10,14947.32,0.1758,0,Low
1930503652.0,0200793568,2020-02-10,446.16,0.6841,1,Medium
1930503825.0,0200769623,2020-02-10,3227.43,0.1849,0,Low
1930503843.0,0100031704,2020-02-10,71252.75,0.521,1,Medium
1930503852.0,0200769623,2020-02-10,4388.75,0.1977,0,Low
1930504013.0,0200756072,2020-02-10,29933.74,0.2795,0,Low
1930504156.0,0200769623,2020-02-10,35664.59,0.1317,0,Low
1930504298.0,0200794332,2020-02-10,12264.98,0.2037,0,Low
1930504997.0,0200418007,2020-02-10,13474.84,0.3582,0,Medium
1930505069.0,0200726979,2020-02-10,27.6,0.4614,1,Medium
1930505095.0,0200769623,2020-02-10,627.61,0.2898,0,Low
1930506320.0,0200792283,2020-02-10,38294.27,0.8802,1,High
1930506659.0,0200769623,2020-02-10,67875.46,0.1665,0,Low
1930506793.0,0200793568,2020-02-10,92102.78,0.4906,1,Medium
1930506970.0,0200778870,2020-02-10,22459.26,0.9654,1,High
1930507063.0,0200418007,2020-02-10,17313.14,0.3401,0,Medium
1930507074.0,0200726979,2020-02-10,33.18,0.4614,1,Medium
1930507234.0,0200726979,2020-02-10,48.6,0.4614,1,Medium
1930507282.0,0200786288,2020-02-10,63414.23,0.0988,0,Low
1930507304.0,0200780383,2020-02-10,96847.69,0.4393,0,Medium
1930507423.0,0200772670,2020-02-10,60181.49,0.5625,1,Medium
1930507439.0,0200769623,2020-02-10,51034.66,0.1728,0,Low
1930507442.0,0200769623,2020-02-10,12245.94,0.3093,0,Medium
1930507508.0,0200769623,2020-02-10,6257.18,0.2164,0,Low
1930507530.0,0200936373,2020-02-10,36704.57,0.5636,1,Medium
1930507541.0,0200789077,2020-02-10,62961.69,0.6784,1,Medium
1930507545.0,0100058619,2020-02-10,41373.26,0.7043,1,High
1930507621.0,0200744019,2020-02-10,83046.76,0.5285,1,Medium
1930507638.0,0200786288,2020-02-10,83510.52,0.073,0,Low
1930507745.0,0200148860,2020-02-10,89541.27,0.0933,0,Low
1930507769.0,0200743129,2020-02-10,74401.59,0.1698,0,Low
1930507785.0,0200592182,2020-02-10,25936.78,0.9567,1,High
1930507789.0,0200592182,2020-02-10,491.64,0.0124,0,Low
1930507892.0,0200592182,2020-02-10,132.72,0.0117,0,Low
1930507977.0,0200148860,2020-02-10,3677.94,0.165,0,Low
1930508045.0,0200772670,2020-02-10,5771.83,0.5823,1,Medium
1930508133.0,0100036292,2020-02-10,17336.04,0.8295,1,High
1930508145.0,0100036292,2020-02-10,17882.92,0.8299,1,High
1930508243.0,0200909198,2020-02-10,33659.04,0.2299,0,Low
1930508245.0,0200875006,2020-02-10,93191.63,0.126,0,Low
1930508416.0,0100021540,2020-02-10,53985.27,0.8202,1,High
1930508443.0,0200803720,2020-02-10,18353.93,0.4529,1,Medium
1930508447.0,0200592182,2020-02-10,455.46,0.014,0,Low
1930508520.0,0200803720,2020-02-10,2675.24,0.0112,0,Low
1930509053.0,0200337148,2020-02-10,93667.34,0.0843,0,Low
1930509062.0,0200778870,2020-02-10,6882.32,0.9592,1,High
1930509098.0,0200769623,2020-02-10,471.56,0.2993,0,Low
1930509110.0,0100036292,2020-02-10,19158.29,0.8358,1,High
1930509157.0,0200032026,2020-02-10,12543.05,0.4923,1,Medium
1930509199.0,0200764795,2020-02-10,24017.78,0.8626,1,High
1930509225.0,0200794332,2020-02-10,32764.08,0.1369,0,Low
1930509256.0,0200331749,2020-02-10,42188.06,0.8305,1,High
1930509354.0,0100021540,2020-02-10,48591.23,0.7942,1,High
1930509607.0,0200149567,2020-02-10,73316.88,0.5682,1,Medium
1930509618.0,0200418007,2020-02-10,400.52,0.4575,1,Medium
1930509801.0,0100035976,2020-02-10,9181.29,0.5125,1,Medium
1930509869.0,CCCA02,2020-02-10,30399.6,0.8971,1,High
1930510048.0,0200707822,2020-02-10,1446.42,0.2203,0,Low
1930510103.0,0200752302,2020-02-10,104415.93,0.212,0,Low
1930512576.0,0200795490,2020-02-10,84126.23,0.9346,1,High
1930512817.0,0200705742,2020-02-10,4518.42,0.0887,0,Low
1930513438.0,0200956366,2020-02-10,55891.44,0.1732,0,Low
1991838868.0,0140101772,2020-02-10,9594.45,0.7438,1,High
1991839071.0,0140103461,2020-02-10,6803.3,0.8267,1,High
1991839443.0,0140101772,2020-02-10,1386.72,0.6361,1,Medium
2960609378.0,0140104423,2020-02-10,69430.33,0.5442,1,Medium
2960612861.0,0140105686,2020-02-10,3723.35,0.9763,1,High
2960613026.0,0140104409,2020-02-10,134188.85,0.1864,0,Low
2960613141.0,CCU001,2020-02-10,29490.96,0.9482,1,High
2960613148.0,0140104429,2020-02-10,84347.75,0.6943,1,Medium
2960613149.0,0140105847,2020-02-10,473.5,0.6873,1,Medium
2960613441.0,0140105785,2020-02-10,24133.72,0.9792,1,High
2960613448.0,0140106408,2020-02-10,71502.76,0.9957,1,High
2960613452.0,0140106408,2020-02-10,70214.51,0.9957,1,High
2960613455.0,0140105847,2020-02-10,1579.2,0.6306,1,Medium
2960613541.0,0140104440,2020-02-10,95329.03,0.9525,1,High
2960613802.0,0140106271,2020-02-10,10288.14,0.9274,1,High
1930476235.0,0200435191,2020-02-11,110313.69,0.141,0,Low
1930478486.0,0200357714,2020-02-11,16919.14,0.7368,1,High
1930480109.0,0200780825,2020-02-11,5859.69,0.821,1,High
1930480413.0,0200734065,2020-02-11,22833.0,0.7934,1,High
1930482314.0,0200700919,2020-02-11,21392.84,0.8155,1,High
1930486904.0,0100036538,2020-02-11,7615.8,0.061,0,Low
1930489645.0,0140142846,2020-02-11,1193.18,0.716,1,High
1930492617.0,0200799367,2020-02-11,738.86,0.6549,1,Medium
1930500224.0,CCU013,2020-02-11,60466.46,0.998,1,High
1930503107.0,0200769623,2020-02-11,15600.45,0.1638,0,Low
1930504158.0,0200769623,2020-02-11,1134.86,0.2703,0,Low
1930504207.0,0200714710,2020-02-11,33490.61,0.7528,1,High
1930504396.0,0100031704,2020-02-11,12794.57,0.5616,1,Medium
1930504985.0,0200769623,2020-02-11,3255.45,0.1782,0,Low
1930506213.0,0200769623,2020-02-11,13603.68,0.223,0,Low
1930506268.0,0200769556,2020-02-11,14023.24,0.1085,0,Low
1930506611.0,0200762301,2020-02-11,65900.84,0.1738,0,Low
1930506661.0,0200769623,2020-02-11,56137.59,0.1891,0,Low
1930506683.0,0200769623,2020-02-11,61450.62,0.2015,0,Low
1930506690.0,0100031704,2020-02-11,5692.98,0.699,1,Medium
1930506779.0,0200762301,2020-02-11,37310.03,0.1751,0,Low
1930507173.0,0200148860,2020-02-11,75728.61,0.0885,0,Low
1930507180.0,0200761734,2020-02-11,66034.71,0.109,0,Low
1930507375.0,0200759878,2020-02-11,33052.0,0.7057,1,High
1930507650.0,0200744019,2020-02-11,49305.17,0.5703,1,Medium
1930507704.0,0200900909,2020-02-11,15294.57,0.7442,1,High
1930507705.0,0200900909,2020-02-11,10983.36,0.7188,1,High
1930507957.0,0200792734,2020-02-11,27419.79,0.2347,0,Low
1930508000.0,0200457993,2020-02-11,19312.62,0.0997,0,Low
1930508003.0,0200763152,2020-02-11,38206.93,0.4242,0,Medium
1930508040.0,0200726979,2020-02-11,99.06,0.4775,1,Medium
1930508092.0,0200555117,2020-02-11,67.38,0.4845,1,Medium
1930508187.0,0200761734,2020-02-11,4762.44,0.1532,0,Low
1930508192.0,0200739006,2020-02-11,46405.14,0.2408,0,Low
1930508200.0,0200769623,2020-02-11,1322.22,0.2505,0,Low
1930508209.0,0200762301,2020-02-11,838.16,0.6884,1,Medium
1930508215.0,0200722444,2020-02-11,45174.77,0.2075,0,Low
1930508280.0,0200769623,2020-02-11,22794.76,0.2695,0,Low
1930508394.0,0200726979,2020-02-11,389.53,0.4161,0,Medium
1930508423.0,0200418007,2020-02-11,274.2,0.3272,0,Medium
1930508594.0,0200780383,2020-02-11,6624.7,0.5526,1,Medium
1930508638.0,0200726979,2020-02-11,128.07,0.4644,1,Medium
1930508803.0,0200726979,2020-02-11,90.94,0.4775,1,Medium
1930508931.0,0200782669,2020-02-11,43669.42,0.8555,1,High
1930509108.0,0200799367,2020-02-11,96326.64,0.326,0,Medium
1930509362.0,0200721222,2020-02-11,20193.69,0.1636,0,Low
1930509392.0,0200712105,2020-02-11,47689.44,0.7941,1,High
1930509738.0,0200782001,2020-02-11,70591.04,0.1457,0,Low
1930509740.0,0200769623,2020-02-11,6532.6,0.2173,0,Low
1930509785.0,0200769623,2020-02-11,5590.36,0.2057,0,Low
1930509959.0,0200782001,2020-02-11,14737.02,0.2781,0,Low
1930509999.0,0200769623,2020-02-11,2664.09,0.183,0,Low
1930510051.0,0200769623,2020-02-11,1322.22,0.2505,0,Low
1930510092.0,0200769623,2020-02-11,14906.34,0.1667,0,Low
1930510198.0,0200794332,2020-02-11,7505.49,0.1863,0,Low
1930510199.0,0200794332,2020-02-11,3957.18,0.1641,0,Low
1930510253.0,0200984794,2020-02-11,10797.03,0.7333,1,High
1930510254.0,0200987178,2020-02-11,40074.48,0.4312,0,Medium
1930510289.0,0200726979,2020-02-11,253.1,0.4435,0,Medium
1930510660.0,0200732755,2020-02-11,96288.5,0.1544,0,Low
1930511661.0,0200792734,2020-02-11,2102.41,0.2401,0,Low
1930511736.0,0200778870,2020-02-11,44046.97,0.9696,1,High
1930511997.0,0200416837,2020-02-11,23.64,0.0162,0,Low
1930512051.0,0200609331,2020-02-11,18070.28,0.1841,0,Low
1930512126.0,0200416837,2020-02-11,4681.5,0.0179,0,Low
1930512131.0,0200416837,2020-02-11,238.44,0.015,0,Low
1930512132.0,0200416837,2020-02-11,2620.97,0.017,0,Low
1930512156.0,0200799538,2020-02-11,6077.87,0.4748,1,Medium
1930512209.0,0200726979,2020-02-11,426.09,0.4161,0,Medium
1930512221.0,0200771157,2020-02-11,77984.29,0.2119,0,Low
1930512246.0,0200744019,2020-02-11,22993.63,0.59,1,Medium
1930512424.0,0200782001,2020-02-11,93981.51,0.3191,0,Medium
1930512472.0,0200769623,2020-02-11,471.56,0.2909,0,Low
1930512527.0,0200726979,2020-02-11,492.56,0.4026,0,Medium
1930512531.0,0200769623,2020-02-11,41504.77,0.0945,0,Low
1930512642.0,0200726979,2020-02-11,845.91,0.3935,0,Medium
1930512744.0,0200726979,2020-02-11,383.96,0.4161,0,Medium
1930512753.0,CCU013,2020-02-11,123536.0,0.9981,1,High
1930512826.0,0200762678,2020-02-11,41493.53,0.2045,0,Low
1930512849.0,0100015557,2020-02-11,581.49,0.3175,0,Medium
1930512981.0,0200707822,2020-02-11,10520.51,0.1868,0,Low
1930512993.0,0200726979,2020-02-11,483.61,0.3947,0,Medium
1930513019.0,0200793830,2020-02-11,21162.43,0.4404,0,Medium
1930513372.0,0200707822,2020-02-11,114052.52,0.1032,0,Low
1930513393.0,0200772670,2020-02-11,55583.39,0.5386,1,Medium
1930513446.0,0200780383,2020-02-11,22228.47,0.746,1,High
1930513490.0,0200761734,2020-02-11,51803.86,0.117,0,Low
1930513705.0,0200974851,2020-02-11,1472.5,0.1755,0,Low
1930514524.0,0200900909,2020-02-11,38568.28,0.6951,1,Medium
1930514594.0,0200793568,2020-02-11,60076.26,0.5204,1,Medium
1930514697.0,0200943275,2020-02-11,92161.26,0.7499,1,High
1930515819.0,CCU013,2020-02-11,117359.2,0.998,1,High
1930516084.0,0200761734,2020-02-11,58358.84,0.1172,0,Low
1930516102.0,0200149567,2020-02-11,75867.84,0.5456,1,Medium
1930516258.0,0200762301,2020-02-11,148672.84,0.1035,0,Low
1930516456.0,0200777735,2020-02-11,4107.55,0.1448,0,Low
1930516604.0,0200434439,2020-02-11,66095.68,0.6053,1,Medium
1930516999.0,0200148860,2020-02-11,49956.01,0.1192,0,Low
1930517010.0,0200752302,2020-02-11,54093.8,0.2465,0,Low
1930517048.0,0200540723,2020-02-11,47558.52,0.3401,0,Medium
1930517058.0,0200705742,2020-02-11,24354.1,0.1139,0,Low
1930517452.0,0200580232,2020-02-11,42383.25,0.1339,0,Low
1930517476.0,0200126819,2020-02-11,21183.32,0.2612,0,Low
1930517612.0,0200526831,2020-02-11,133656.31,0.172,0,Low
1930518670.0,0200724999,2020-02-11,53586.0,0.9956,1,High
1930567772.0,CCU013,2020-02-11,23580.0,0.999,1,High
1991839367.0,0100058365,2020-02-11,57329.31,0.6351,1,Medium
2960609399.0,0100034821,2020-02-11,1128.0,0.3354,0,Medium
2960612284.0,0140104340,2020-02-11,24300.88,0.8383,1,High
2960612893.0,0140106181,2020-02-11,19037.62,0.9905,1,High
2960612896.0,0140104234,2020-02-11,716.5,0.8059,1,High
2960613051.0,0140105847,2020-02-11,75181.99,0.6672,1,Medium
2960613264.0,0140104472,2020-02-11,3294.72,0.9201,1,High
2960613389.0,0140105686,2020-02-11,4204.5,0.9619,1,High
2960613391.0,0140105480,2020-02-11,13009.7,0.8178,1,High
2960613467.0,0140106408,2020-02-11,17712.97,0.9938,1,High
2960613922.0,0140104240,2020-02-11,8801.79,0.1612,0,Low
2960613927.0,0140104249,2020-02-11,4692.04,0.9479,1,High
1930477637.0,0100043948,2020-02-12,17319.8,0.173,0,Low
1930482014.0,0200756072,2020-02-12,11372.28,0.2857,0,Low
1930491271.0,0200126819,2020-02-12,3275.82,0.2707,0,Low
1930492702.0,0100010880,2020-02-12,22399.4,0.4464,0,Medium
1930494613.0,0200764795,2020-02-12,1896.0,0.7345,1,High
1930494789.0,0200769623,2020-02-12,870.65,0.3166,0,Medium
1930496472.0,0200783189,2020-02-12,21856.45,0.1839,0,Low
1930496486.0,0140142846,2020-02-12,683.04,0.4925,1,Medium
1930499088.0,0200799367,2020-02-12,14164.61,0.3667,0,Medium
1930500014.0,0200915438,2020-02-12,14656.5,0.3303,0,Medium
1930503141.0,0200418007,2020-02-12,847.72,0.3374,0,Medium
1930506182.0,0200700919,2020-02-12,36601.46,0.8053,1,High
1930506273.0,0200726979,2020-02-12,16378.76,0.4021,0,Medium
1930506999.0,0200794332,2020-02-12,13311.79,0.1781,0,Low
1930507068.0,0200700919,2020-02-12,36258.25,0.8053,1,High
1930507483.0,0200210681,2020-02-12,13788.0,0.2789,0,Low
1930507491.0,CCU013,2020-02-12,11603.92,0.9993,1,High
1930507795.0,0200752302,2020-02-12,34520.62,0.2604,0,Low
1930508017.0,0200722444,2020-02-12,15962.34,0.1975,0,Low
1930508113.0,0200701314,2020-02-12,6303.36,0.9585,1,High
1930508177.0,0200769623,2020-02-12,59398.6,0.2112,0,Low
1930508269.0,0200769623,2020-02-12,14627.23,0.1916,0,Low
1930508300.0,0200290370,2020-02-12,4263.49,0.9528,1,High
1930508809.0,0200752302,2020-02-12,64749.18,0.2315,0,Low
1930510340.0,0200793830,2020-02-12,117557.55,0.4391,0,Medium
1930510424.0,0200847305,2020-02-12,68541.23,0.9851,1,High
1930510516.0,0200337148,2020-02-12,3747.0,0.1305,0,Low
1930510534.0,0200769623,2020-02-12,70299.93,0.0713,0,Low
1930510760.0,0200769623,2020-02-12,48323.53,0.1217,0,Low
1930510996.0,0200794332,2020-02-12,98321.98,0.0813,0,Low
1930511198.0,0200769623,2020-02-12,629.67,0.3029,0,Medium
1930511637.0,0200762301,2020-02-12,4544.96,0.5795,1,Medium
1930512027.0,0200290370,2020-02-12,10886.6,0.9596,1,High
1930512167.0,0200771157,2020-02-12,78619.15,0.2169,0,Low
1930512295.0,0200769623,2020-02-12,3908.12,0.196,0,Low
1930512301.0,0200769623,2020-02-12,2373.96,0.1914,0,Low
1930512333.0,0200769623,2020-02-12,65576.61,0.1957,0,Low
1930512386.0,0200794332,2020-02-12,14204.38,0.1452,0,Low
1930512432.0,0100001196,2020-02-12,8864.38,0.7617,1,High
1930512796.0,0200592182,2020-02-12,1326.28,0.0528,0,Low
1930512907.0,0200769623,2020-02-12,164.68,0.3132,0,Medium
1930513042.0,0200726979,2020-02-12,673.42,0.4078,0,Medium
1930513335.0,0200418007,2020-02-12,61357.25,0.3538,0,Medium
1930513711.0,0200769623,2020-02-12,14694.59,0.1747,0,Low
1930514192.0,0200148860,2020-02-12,14700.77,0.2529,0,Low
1930514554.0,0200726979,2020-02-12,599.76,0.4064,0,Medium
1930514567.0,0200781803,2020-02-12,14835.49,0.1797,0,Low
1930514568.0,0200762301,2020-02-12,24383.09,0.178,0,Low
1930514597.0,0200920735,2020-02-12,144116.0,0.1365,0,Low
1930514609.0,0100043936,2020-02-12,18135.88,0.8789,1,High
1930514629.0,0200779906,2020-02-12,21346.46,0.9427,1,High
1930514649.0,0100054709,2020-02-12,58094.82,0.9243,1,High
1930515616.0,0200704858,2020-02-12,47315.07,0.1443,0,Low
1930515617.0,0200756072,2020-02-12,23927.35,0.2492,0,Low
1930515712.0,0100031704,2020-02-12,22439.94,0.5187,1,Medium
1930515725.0,CCCA02,2020-02-12,48651.09,0.8246,1,High
1930515770.0,0200769623,2020-02-12,10346.73,0.3563,0,Medium
1930515776.0,0200202604,2020-02-12,12238.2,0.9066,1,High
1930515881.0,0200769623,2020-02-12,58015.01,0.2112,0,Low
1930515951.0,0200854853,2020-02-12,21464.82,0.7904,1,High
1930515983.0,0200865666,2020-02-12,2761.12,0.1651,0,Low
1930516261.0,0200722444,2020-02-12,29490.27,0.2553,0,Low
1930516443.0,0200726979,2020-02-12,505.32,0.4187,0,Medium
1930516445.0,CCCA02,2020-02-12,14612.4,0.8712,1,High
1930516514.0,0200778355,2020-02-12,52761.81,0.5209,1,Medium
1930516534.0,0200792734,2020-02-12,110107.59,0.1925,0,Low
1930516663.0,0200726979,2020-02-12,195.37,0.481,1,Medium
1930516696.0,0200752302,2020-02-12,78750.22,0.2298,0,Low
1930516714.0,0200726979,2020-02-12,179.01,0.481,1,Medium
1930516720.0,0200780383,2020-02-12,150444.59,0.2639,0,Low
1930516788.0,0200769623,2020-02-12,69804.15,0.1802,0,Low
1930516791.0,0200759878,2020-02-12,28325.28,0.7701,1,High
1930516824.0,0200726979,2020-02-12,297.46,0.4348,0,Medium
1930517095.0,0200782001,2020-02-12,41637.86,0.1734,0,Low
1930517096.0,0200519201,2020-02-12,52600.88,0.2002,0,Low
1930517151.0,0200772670,2020-02-12,56728.05,0.5287,1,Medium
1930517185.0,0200762301,2020-02-12,85719.18,0.1258,0,Low
1930517190.0,0200592182,2020-02-12,4622.76,0.9771,1,High
1930517192.0,0200881076,2020-02-12,18980.89,0.1936,0,Low
1930517239.0,0200704858,2020-02-12,132283.94,0.1264,0,Low
1930517330.0,0200820380,2020-02-12,15604.87,0.47,1,Medium
1930517335.0,0200794332,2020-02-12,32715.47,0.1233,0,Low
1930517454.0,0200580232,2020-02-12,42383.25,0.2074,0,Low
1930517855.0,0200769623,2020-02-12,17385.33,0.253,0,Low
1930518011.0,0200762301,2020-02-12,137438.47,0.1059,0,Low
1930518038.0,0200965912,2020-02-12,12188.67,0.3203,0,Medium
1930518113.0,0200900212,2020-02-12,26756.94,0.2119,0,Low
1930518231.0,0100016691,2020-02-12,15088.0,0.9261,1,High
1930518274.0,0200799367,2020-02-12,60616.02,0.3492,0,Medium
1930518402.0,0200707822,2020-02-12,88756.08,0.1161,0,Low
1930518502.0,0200772670,2020-02-12,124.31,0.6623,1,Medium
1930518612.0,0200622385,2020-02-12,37136.03,0.7232,1,High
1930518856.0,0200759082,2020-02-12,98058.52,0.5079,1,Medium
1930518862.0,0200726979,2020-02-12,15353.52,0.4123,0,Medium
1930518863.0,0200726979,2020-02-12,19103.8,0.4054,0,Medium
1930519310.0,0200706844,2020-02-12,6094.32,0.2854,0,Low
1930521814.0,0200748108,2020-02-12,128810.23,0.341,0,Medium
1930521948.0,0200729290,2020-02-12,113807.62,0.5386,1,Medium
1930522137.0,0200794332,2020-02-12,30220.01,0.1504,0,Low
1930522415.0,0200783734,2020-02-12,104080.99,0.0391,0,Low
1930526765.0,0200769623,2020-02-12,471.56,0.3127,0,Medium
1991838193.0,0100011958,2020-02-12,210.89,0.313,0,Medium
2960612798.0,0140104409,2020-02-12,85934.2,0.2486,0,Low
2960613595.0,0140105686,2020-02-12,710.25,0.979,1,High
2960613598.0,0140104409,2020-02-12,58050.28,0.2523,0,Low
2960613634.0,0140105686,2020-02-12,12322.46,0.9851,1,High
2960613825.0,0140105686,2020-02-12,89565.8,0.9468,1,High
2960613972.0,0140106293,2020-02-12,2673.14,0.1976,0,Low
2960614002.0,0140105686,2020-02-12,66707.98,0.9776,1,High
2960614008.0,0140104432,2020-02-12,14648.23,0.9225,1,High
2960614023.0,0140104340,2020-02-12,14630.84,0.838,1,High
2960614025.0,0140104340,2020-02-12,10969.26,0.8349,1,High
2960614124.0,0140106293,2020-02-12,43.67,0.2337,0,Low
2960614307.0,0140106408,2020-02-12,85861.86,0.9961,1,High
2960614405.0,0140106408,2020-02-12,5541.0,0.9964,1,High
1930477779.0,0200769623,2020-02-13,4741.02,0.148,0,Low
1930487691.0,0200696090,2020-02-13,1426.81,0.4522,1,Medium
1930494323.0,0200418007,2020-02-13,8441.97,0.3531,0,Medium
1930495312.0,0200769623,2020-02-13,8682.77,0.2477,0,Low
1930496167.0,0200790710,2020-02-13,20325.0,0.9505,1,High
1930496211.0,0200763814,2020-02-13,14644.67,0.8249,1,High
1930502088.0,0200706844,2020-02-13,48242.59,0.2272,0,Low
1930505098.0,CCU013,2020-02-13,25697.8,0.9993,1,High
1930508090.0,0200799367,2020-02-13,13733.86,0.38,0,Medium
1930509573.0,0200126819,2020-02-13,18460.8,0.2861,0,Low
1930509992.0,0200759878,2020-02-13,52156.29,0.5784,1,Medium
1930510773.0,0200782669,2020-02-13,20970.92,0.8757,1,High
1930512377.0,0200769623,2020-02-13,21937.66,0.1992,0,Low
1930512776.0,0200762301,2020-02-13,101008.09,0.1359,0,Low
1930513114.0,0200576926,2020-02-13,44878.75,0.6522,1,Medium
1930513285.0,0200769623,2020-02-13,49796.81,0.1047,0,Low
1930513389.0,0200744019,2020-02-13,43685.72,0.583,1,Medium
1930513512.0,0200792293,2020-02-13,25097.02,0.5857,1,Medium
1930513860.0,0100047382,2020-02-13,17982.36,0.3558,0,Medium
1930515626.0,0200743123,2020-02-13,15223.05,0.1654,0,Low
1930515975.0,0200729290,2020-02-13,45090.71,0.5637,1,Medium
1930516121.0,CCCA02,2020-02-13,13490.58,0.8581,1,High
1930516517.0,0200769623,2020-02-13,8048.39,0.2477,0,Low
1930516585.0,0200331749,2020-02-13,32625.32,0.8451,1,High
1930516845.0,0200714710,2020-02-13,25894.98,0.8458,1,High
1930517051.0,0200705372,2020-02-13,103950.63,0.2437,0,Low
1930517125.0,0200519201,2020-02-13,180936.82,0.4644,1,Medium
1930517131.0,0200706844,2020-02-13,6349.27,0.2727,0,Low
1930517203.0,0200706844,2020-02-13,66860.4,0.2487,0,Low
1930517281.0,0200726979,2020-02-13,136.2,0.4476,0,Medium
1930517563.0,0200769623,2020-02-13,19438.42,0.1972,0,Low
1930517637.0,0100031704,2020-02-13,109632.99,0.4612,1,Medium
1930517783.0,0200794332,2020-02-13,6330.14,0.1355,0,Low
1930518020.0,0200780383,2020-02-13,380.21,0.5843,1,Medium
1930518162.0,0200772595,2020-02-13,52629.36,0.228,0,Low
1930518210.0,0200769623,2020-02-13,61704.09,0.1855,0,Low
1930518447.0,0200749225,2020-02-13,25653.96,0.2379,0,Low
1930518448.0,0200749225,2020-02-13,21036.06,0.2375,0,Low
1930518592.0,0200769623,2020-02-13,67832.61,0.1656,0,Low
1930518609.0,0100006176,2020-02-13,21139.96,0.8842,1,High
1930518627.0,CCCA02,2020-02-13,14888.16,0.845,1,High
1930518732.0,0100021540,2020-02-13,40043.48,0.8527,1,High
1930518823.0,0200769623,2020-02-13,1748.38,0.1676,0,Low
1930518838.0,0200794332,2020-02-13,14204.38,0.1221,0,Low
1930518906.0,0200726979,2020-02-13,33.18,0.455,1,Medium
1930518953.0,0200707822,2020-02-13,22382.3,0.1878,0,Low
1930518954.0,0200769623,2020-02-13,49630.72,0.1047,0,Low
1930518956.0,0200769623,2020-02-13,3270.04,0.1404,0,Low
1930518964.0,0200780383,2020-02-13,65159.56,0.5093,1,Medium
1930519069.0,0200772670,2020-02-13,3849.57,0.564,1,Medium
1930519123.0,0200769623,2020-02-13,31466.7,0.1912,0,Low
1930519201.0,0200744019,2020-02-13,11753.68,0.826,1,High
1930519365.0,0200706844,2020-02-13,4622.15,0.2697,0,Low
1930519392.0,0200152991,2020-02-13,30991.23,0.3032,0,Medium
1930519397.0,0200712187,2020-02-13,50708.44,0.0869,0,Low
1930520394.0,0200726979,2020-02-13,231.1,0.4476,0,Medium
1930521787.0,0200769623,2020-02-13,12461.63,0.2185,0,Low
1930521791.0,0200608118,2020-02-13,14802.88,0.3876,0,Medium
1930521819.0,0200792293,2020-02-13,749.88,0.6582,1,Medium
1930521962.0,0200029010,2020-02-13,6487.38,0.1724,0,Low
1930521998.0,CCCA02,2020-02-13,29600.93,0.8595,1,High
1930522119.0,0200493614,2020-02-13,29929.99,0.7304,1,High
1930522163.0,0200726979,2020-02-13,193.96,0.4476,0,Medium
1930522209.0,0200726979,2020-02-13,195.37,0.4476,0,Medium
1930522805.0,0200742521,2020-02-13,15102.0,0.1786,0,Low
1930523151.0,0200769623,2020-02-13,943.12,0.2423,0,Low
1930523248.0,0200780383,2020-02-13,45603.36,0.8007,1,High
1930523265.0,0200769623,2020-02-13,471.56,0.2307,0,Low
1930523865.0,0200792293,2020-02-13,24173.35,0.5857,1,Medium
1930524065.0,0200974851,2020-02-13,2156.01,0.0697,0,Low
1930524072.0,0200764795,2020-02-13,3642.82,0.7997,1,High
1930524254.0,0200739534,2020-02-13,69300.01,0.5962,1,Medium
1930525075.0,0200772670,2020-02-13,1077.13,0.58,1,Medium
1930525613.0,0200705742,2020-02-13,37722.27,0.0829,0,Low
1930525909.0,0200772595,2020-02-13,62858.72,0.2244,0,Low
1930525988.0,0200762301,2020-02-13,28312.78,0.6998,1,Medium
1930526231.0,0200769623,2020-02-13,30101.31,0.1912,0,Low
1930526402.0,0200795490,2020-02-13,91046.01,0.9164,1,High
1930526451.0,0200875006,2020-02-13,100627.5,0.1458,0,Low
1930526840.0,0200763814,2020-02-13,6786.5,0.7722,1,High
1930526895.0,0200437182,2020-02-13,80586.63,0.1193,0,Low
1930526913.0,0200769623,2020-02-13,15505.86,0.1228,0,Low
2960613078.0,0140104409,2020-02-13,32204.46,0.2227,0,Low
2960613082.0,0140106316,2020-02-13,16547.2,0.0995,0,Low
2960613086.0,0140105785,2020-02-13,7914.4,0.9654,1,High
2960613174.0,0140104409,2020-02-13,155197.22,0.3003,0,Medium
2960613289.0,0140106231,2020-02-13,18434.16,0.8981,1,High
2960613296.0,0140104409,2020-02-13,90426.31,0.1935,0,Low
2960613837.0,0140105686,2020-02-13,3888.0,0.9859,1,High
2960613985.0,0100027744,2020-02-13,1923.5,0.9532,1,High
2960613993.0,0140104440,2020-02-13,120010.94,0.9853,1,High
2960614039.0,0140104409,2020-02-13,98955.27,0.3029,0,Medium
2960614147.0,0140106181,2020-02-13,10240.8,0.9976,1,High
2960614153.0,0140104225,2020-02-13,100649.64,0.5716,1,Medium
1930449621.0,0200246495,2020-02-14,21399.13,0.8637,1,High
1930502378.0,0200794332,2020-02-14,30533.1,0.2525,0,Low
1930510395.0,0200290370,2020-02-14,18538.4,0.969,1,High
1930513124.0,0200934569,2020-02-14,711.9,0.8643,1,High
1930516455.0,0200725421,2020-02-14,26869.95,0.2095,0,Low
1930516463.0,0100031704,2020-02-14,5278.67,0.8321,1,High
1930516798.0,0200418007,2020-02-14,1209.6,0.5641,1,Medium
1930516851.0,0200773364,2020-02-14,52759.66,0.6594,1,Medium
1930516989.0,0100054867,2020-02-14,98338.05,0.1533,0,Low
1930517548.0,0200761734,2020-02-14,15316.57,0.3454,0,Medium
1930517685.0,0200526831,2020-02-14,89914.97,0.7678,1,High
1930517978.0,0200769623,2020-02-14,13065.2,0.3174,0,Medium
1930518464.0,0200736337,2020-02-14,11018.82,0.9403,1,High
1930518477.0,0200773364,2020-02-14,27293.04,0.5371,1,Medium
1930518518.0,CCCA02,2020-02-14,27108.0,0.812,1,High
1930518661.0,0200677269,2020-02-14,29478.05,0.3058,0,Medium
1930518794.0,0200148860,2020-02-14,40378.3,0.5586,1,Medium
1930518798.0,0200761734,2020-02-14,12071.26,0.4104,0,Medium
1930518799.0,0200761734,2020-02-14,13372.52,0.4035,0,Medium
1930518827.0,0200744019,2020-02-14,18993.0,0.8634,1,High
1930518947.0,0200769623,2020-02-14,45217.04,0.1019,0,Low
1930518948.0,0200769623,2020-02-14,53531.85,0.1959,0,Low
1930518981.0,0200769623,2020-02-14,10626.36,0.4218,0,Medium
1930519072.0,0200769623,2020-02-14,1664.17,0.2695,0,Low
1930519374.0,0200762301,2020-02-14,2494.99,0.8067,1,High
1930519795.0,0200762301,2020-02-14,18134.79,0.7788,1,High
1930519799.0,0200762301,2020-02-14,23023.99,0.7929,1,High
1930520347.0,0200799180,2020-02-14,36001.59,0.8689,1,High
1930520468.0,0200786288,2020-02-14,14788.66,0.2896,0,Low
1930520471.0,0200729828,2020-02-14,96365.44,0.8645,1,High
1930521727.0,0200014556,2020-02-14,74975.9,0.8414,1,High
1930521739.0,0200769623,2020-02-14,16811.8,0.2184,0,Low
1930521770.0,0200769623,2020-02-14,2485.46,0.2312,0,Low
1930521821.0,0200794332,2020-02-14,14204.38,0.2445,0,Low
1930521847.0,0200769623,2020-02-14,16469.0,0.2122,0,Low
1930521882.0,0200790107,2020-02-14,40292.77,0.8384,1,High
1930521907.0,0200744019,2020-02-14,4575.13,0.8826,1,High
1930521930.0,0200769623,2020-02-14,2177.53,0.2312,0,Low
1930522044.0,0200762301,2020-02-14,5672.46,0.8075,1,High
1930522117.0,0200769623,2020-02-14,36258.33,0.0992,0,Low
1930522303.0,0200769623,2020-02-14,2624.03,0.2312,0,Low
1930522568.0,0200761734,2020-02-14,39698.2,0.2736,0,Low
1930522665.0,0200759878,2020-02-14,24483.45,0.9127,1,High
1930522900.0,0100001196,2020-02-14,42544.24,0.8922,1,High
1930523142.0,0100001196,2020-02-14,3515.71,0.8804,1,High
1930523269.0,0200769623,2020-02-14,11417.65,0.4841,1,Medium
1930523874.0,0200704858,2020-02-14,50739.21,0.7273,1,High
1930524029.0,0200794332,2020-02-14,8041.59,0.2989,0,Low
1930524063.0,CCCA02,2020-02-14,14667.96,0.8008,1,High
1930524211.0,0200048886,2020-02-14,58522.58,0.7875,1,High
1930524291.0,CCCA02,2020-02-14,14242.77,0.8157,1,High
1930525103.0,0200769369,2020-02-14,80006.96,0.8028,1,High
1930525125.0,0200793568,2020-02-14,21485.74,0.9071,1,High
1930525128.0,0200148860,2020-02-14,15893.75,0.6036,1,Medium
1930525153.0,0200781803,2020-02-14,19639.94,0.6561,1,Medium
1930525240.0,0200744019,2020-02-14,39209.94,0.8535,1,High
1930525457.0,0200739534,2020-02-14,49638.72,0.9212,1,High
1930525627.0,0200744019,2020-02-14,7664.54,0.8969,1,High
1930525630.0,0200744019,2020-02-14,7324.04,0.8969,1,High
1930525634.0,0200786288,2020-02-14,12871.58,0.3192,0,Medium
1930525637.0,0200129450,2020-02-14,22098.76,0.917,1,High
1930525697.0,0200769623,2020-02-14,9515.24,0.3664,0,Medium
1930525838.0,0200780383,2020-02-14,63179.57,0.9245,1,High
1930525979.0,0200711029,2020-02-14,17989.15,0.785,1,High
1930526076.0,0200769623,2020-02-14,11302.67,0.4218,0,Medium
1930526091.0,0200744019,2020-02-14,16963.68,0.7876,1,High
1930526114.0,0200769623,2020-02-14,3227.43,0.2291,0,Low
1930526116.0,0200786288,2020-02-14,12984.39,0.3192,0,Medium
1930526118.0,CCCA02,2020-02-14,14675.64,0.8008,1,High
1930526276.0,0200744019,2020-02-14,7446.75,0.8969,1,High
1930526290.0,0200769623,2020-02-14,383.21,0.3603,0,Medium
1930526406.0,0200769623,2020-02-14,4644.04,0.2402,0,Low
1930526431.0,0200769623,2020-02-14,13583.25,0.2687,0,Low
1930526495.0,0200875006,2020-02-14,14342.0,0.7923,1,High
1930526526.0,0200707822,2020-02-14,62903.17,0.8713,1,High
1930526527.0,0200726979,2020-02-14,191.41,0.9425,1,High
1930526534.0,0200769623,2020-02-14,971.62,0.3586,0,Medium
1930526538.0,0200769623,2020-02-14,4644.04,0.2402,0,Low
1930526569.0,0200656729,2020-02-14,32293.85,0.2414,0,Low
1930526596.0,0200761734,2020-02-14,81198.21,0.236,0,Low
1930526652.0,0200152991,2020-02-14,16540.18,0.6462,1,Medium
1930526693.0,0200707822,2020-02-14,24801.75,0.8867,1,High
1930526845.0,0200149567,2020-02-14,73316.88,0.6931,1,Medium
1930526955.0,0200761734,2020-02-14,73625.73,0.236,0,Low
1930527126.0,0200794332,2020-02-14,32715.47,0.2036,0,Low
1930527423.0,0200763814,2020-02-14,21063.05,0.8474,1,High
1930529988.0,0200777735,2020-02-14,8391.95,0.3334,0,Medium
1930530017.0,0200782001,2020-02-14,19787.18,0.6102,1,Medium
1930530201.0,0200744019,2020-02-14,76095.77,0.8492,1,High
1930530212.0,0200775094,2020-02-14,27438.92,0.8941,1,High
1930530237.0,0200881076,2020-02-14,6452.68,0.6367,1,Medium
1930530655.0,0200782669,2020-02-14,19775.21,0.9277,1,High
1930530827.0,0200704045,2020-02-14,14850.94,0.8708,1,High
1930531315.0,0200790107,2020-02-14,62671.68,0.8415,1,High
1930531402.0,0200705742,2020-02-14,15529.98,0.087,0,Low
1930541845.0,0200724999,2020-02-14,52625.92,0.9957,1,High
1990571020.0,0200501669,2020-02-14,21552.0,0.9705,1,High
1991839335.0,0140103551,2020-02-14,1491.2,0.2214,0,Low
1991839805.0,CC3411,2020-02-14,5197.7,0.638,1,Medium
2960613094.0,0140104440,2020-02-14,209547.33,0.9812,1,High
2960614501.0,0140106231,2020-02-14,86263.31,0.8379,1,High
2960614535.0,0140104249,2020-02-14,73942.42,0.9763,1,High
2960614604.0,0140105508,2020-02-14,27540.9,0.7348,1,High
2960614730.0,0140104409,2020-02-14,58086.76,0.6556,1,Medium
2960615000.0,0140104249,2020-02-14,4605.27,0.9716,1,High
1930495812.0,0100043933,2020-02-15,49885.92,0.3463,0,Medium
1930516087.0,CCU002,2020-02-15,538.55,0.8347,1,High
1930516116.0,0200290370,2020-02-15,21772.8,0.9796,1,High
1930516605.0,CCU013,2020-02-15,4275.26,0.9991,1,High
1930518146.0,0200769623,2020-02-15,12400.51,0.3444,0,Medium
1930518552.0,0200769623,2020-02-15,16048.09,0.2353,0,Low
1930519384.0,0200148860,2020-02-15,14954.97,0.7854,1,High
1930520499.0,0200769623,2020-02-15,62650.73,0.2623,0,Low
1930522023.0,0200769623,2020-02-15,19842.69,0.3434,0,Medium
1930522250.0,0200769623,2020-02-15,1898.2,0.1672,0,Low
1930522320.0,0200769623,2020-02-15,31378.98,0.3236,0,Medium
1930523124.0,0200769623,2020-02-15,15559.41,0.2192,0,Low
1930523264.0,0200769623,2020-02-15,59912.28,0.2623,0,Low
1930524039.0,0200744019,2020-02-15,19258.26,0.9023,1,High
1930525134.0,CCU002,2020-02-15,3685.12,0.8274,1,High
1930525848.0,0200769623,2020-02-15,7590.76,0.3713,0,Medium
1930525860.0,0200769623,2020-02-15,15437.77,0.2228,0,Low
1930525861.0,0200726979,2020-02-15,356.46,0.9595,1,High
1930525961.0,0200744019,2020-02-15,5669.4,0.9144,1,High
1930525995.0,0200744019,2020-02-15,14851.65,0.7681,1,High
1930526269.0,0200743123,2020-02-15,125021.12,0.8825,1,High
1930526673.0,0200769623,2020-02-15,11481.2,0.4969,1,Medium
1930526675.0,0200769623,2020-02-15,8919.72,0.375,0,Medium
1930526677.0,0200769623,2020-02-15,5055.81,0.269,0,Low
1930526719.0,0200769623,2020-02-15,46715.88,0.1129,0,Low
1930526720.0,0200769623,2020-02-15,433.09,0.3718,0,Medium
1930526894.0,0200759878,2020-02-15,31375.28,0.9523,1,High
1930526944.0,0200769623,2020-02-15,16751.31,0.2457,0,Low
1930527109.0,0200759878,2020-02-15,1063.8,0.8434,1,High
1930527162.0,0200769623,2020-02-15,65037.69,0.2495,0,Low
1930527322.0,0200726979,2020-02-15,318.2,0.9595,1,High
1930528237.0,0200769623,2020-02-15,15691.5,0.2192,0,Low
1930528282.0,0200729290,2020-02-15,15307.65,0.9439,1,High
1930528473.0,0200759878,2020-02-15,79784.76,0.7786,1,High
1930528477.0,0200759878,2020-02-15,114606.53,0.1904,0,Low
1930528674.0,0200771157,2020-02-15,109283.74,0.9402,1,High
1930528693.0,0200759878,2020-02-15,8510.4,0.8923,1,High
1930529963.0,0200762301,2020-02-15,13137.59,0.8033,1,High
1930530123.0,0200759878,2020-02-15,13976.96,0.944,1,High
1930530176.0,0200706844,2020-02-15,108293.17,0.8902,1,High
1930530214.0,0200769623,2020-02-15,14875.2,0.2228,0,Low
1930530447.0,0200772670,2020-02-15,24642.62,0.8739,1,High
1930530559.0,0200769623,2020-02-15,4457.22,0.2596,0,Low
1930530560.0,0200769623,2020-02-15,9369.27,0.3783,0,Medium
1930530580.0,0200769623,2020-02-15,22149.7,0.3516,0,Medium
1930530632.0,0200769623,2020-02-15,809.92,0.3637,0,Medium
1930530725.0,0200705742,2020-02-15,54792.63,0.2968,0,Low
1930530779.0,0200769623,2020-02-15,11675.85,0.3514,0,Medium
1930530780.0,0200769623,2020-02-15,25184.63,0.3524,0,Medium
1930531343.0,CCU013,2020-02-15,9955.2,0.9992,1,High
1930531516.0,0200769623,2020-02-15,51522.96,0.2194,0,Low
1930531639.0,0100031704,2020-02-15,16275.53,0.9373,1,High
1930531914.0,0200769623,2020-02-15,32154.79,0.3236,0,Medium
1930531949.0,0200308132,2020-02-15,22544.58,0.9464,1,High
1930531954.0,0200762301,2020-02-15,113070.19,0.8694,1,High
1930532226.0,0200029010,2020-02-15,99417.03,0.8766,1,High
1930532612.0,0200769623,2020-02-15,471.56,0.366,0,Medium
1930532809.0,0200769623,2020-02-15,35408.46,0.1711,0,Low
1930532826.0,0200769623,2020-02-15,46245.69,0.1102,0,Low
1930533542.0,0200762301,2020-02-15,7258.53,0.8211,1,High
1930534334.0,0200785971,2020-02-15,12429.13,0.8979,1,High
1930538403.0,0200726979,2020-02-15,145.61,0.9601,1,High
1991839336.0,0140103278,2020-02-15,8366.3,0.8711,1,High
2960614063.0,0140106408,2020-02-15,97240.47,0.9967,1,High
2960614544.0,0140106408,2020-02-15,178304.93,0.9839,1,High
2960614561.0,0140104429,2020-02-15,1997.12,0.6827,1,Medium
2960614740.0,0140104249,2020-02-15,128872.8,0.9787,1,High
2960614746.0,0140106408,2020-02-15,131067.07,0.9975,1,High
1930519347.0,0200769623,2020-02-16,14425.22,0.2649,0,Low
1930521924.0,0200769623,2020-02-16,15206.41,0.2365,0,Low
1930525161.0,0200769623,2020-02-16,3270.04,0.265,0,Low
1930525453.0,CCCA02,2020-02-16,17528.16,0.7942,1,High
1930526149.0,0200769623,2020-02-16,14047.08,0.2642,0,Low
1930526788.0,0200705372,2020-02-16,1517.28,0.6606,1,Medium
1930526836.0,0200769623,2020-02-16,15210.1,0.2365,0,Low
1930527014.0,0200769623,2020-02-16,46040.65,0.1059,0,Low
1930527270.0,0200769623,2020-02-16,49297.35,0.1376,0,Low
1930527296.0,0200769623,2020-02-16,15730.34,0.2365,0,Low
1930528485.0,0200769623,2020-02-16,2657.95,0.265,0,Low
1930528487.0,0200769623,2020-02-16,1322.22,0.3374,0,Medium
1930528499.0,0200769623,2020-02-16,7015.45,0.3982,0,Medium
1930529832.0,CCCA02,2020-02-16,18163.2,0.7938,1,High
1930529833.0,CCCA02,2020-02-16,24414.72,0.8035,1,High
1930529985.0,0200707005,2020-02-16,4545.13,0.7604,1,High
1930530268.0,0200769623,2020-02-16,2053.01,0.2801,0,Low
1930530325.0,CCU013,2020-02-16,14347.2,0.9994,1,High
1930530605.0,0200759878,2020-02-16,32048.16,0.8759,1,High
1930530666.0,0200769623,2020-02-16,10162.98,0.46,1,Medium
1930530851.0,0200769623,2020-02-16,16278.34,0.2573,0,Low
1930530859.0,0200769623,2020-02-16,4429.93,0.2772,0,Low
1930531320.0,0200769623,2020-02-16,16858.4,0.2573,0,Low
1930531437.0,0200759878,2020-02-16,80282.8,0.4894,1,Medium
1930531543.0,0200759878,2020-02-16,92942.37,0.4802,1,Medium
1930531659.0,0200761734,2020-02-16,92126.39,0.3721,0,Medium
1930531671.0,0200769623,2020-02-16,3795.37,0.265,0,Low
1930531825.0,0200769623,2020-02-16,2657.95,0.265,0,Low
1930531827.0,0200769623,2020-02-16,52314.82,0.1935,0,Low
1930532010.0,0200769623,2020-02-16,661.11,0.39,0,Medium
1930532012.0,0200769623,2020-02-16,4543.5,0.2772,0,Low
1930532080.0,0200769623,2020-02-16,6646.82,0.3137,0,Medium
1930532137.0,0200769623,2020-02-16,50057.64,0.1458,0,Low
1930532420.0,0200769623,2020-02-16,5730.5,0.304,0,Medium
1930532430.0,0200769623,2020-02-16,433.09,0.3959,0,Medium
1930532697.0,0200714710,2020-02-16,38747.61,0.8207,1,High
1930532722.0,0200769623,2020-02-16,908.54,0.3943,0,Medium
1930532846.0,0200793830,2020-02-16,95669.58,0.642,1,Medium
1930533004.0,0200772595,2020-02-16,892.64,0.6794,1,Medium
1930533020.0,0200794332,2020-02-16,39137.38,0.2408,0,Low
1930533102.0,0200799538,2020-02-16,5387.74,0.4896,1,Medium
1930533157.0,0200769623,2020-02-16,7351.77,0.4057,0,Medium
1930533440.0,0200704045,2020-02-16,39683.57,0.601,1,Medium
1930534100.0,0200769623,2020-02-16,1329.23,0.2951,0,Low
1930536947.0,0200726979,2020-02-16,162.19,0.6495,1,Medium
2960614596.0,0140104409,2020-02-16,54914.46,0.2063,0,Low
2960614598.0,0140104503,2020-02-16,1947.05,0.1458,0,Low
2960614633.0,0140104423,2020-02-16,75554.22,0.1901,0,Low
2960614642.0,0140105785,2020-02-16,83217.24,0.9795,1,High
2960614820.0,0140104440,2020-02-16,49736.25,0.9667,1,High
2960615014.0,0140105686,2020-02-16,63755.49,0.9735,1,High
1930516679.0,0200739006,2020-02-17,15468.38,0.2835,0,Low
1930516681.0,0200696090,2020-02-17,8115.08,0.3903,0,Medium
1930522526.0,CCU013,2020-02-17,11884.88,0.9992,1,High
1930522600.0,CCU013,2020-02-17,1082.2,0.997,1,High
1930524280.0,0200762301,2020-02-17,13744.61,0.208,0,Low
1930525451.0,CCU013,2020-02-17,546.0,0.9964,1,High
1930526107.0,0200719300,2020-02-17,30673.2,0.9555,1,High
1930526133.0,0200759878,2020-02-17,90048.75,0.1999,0,Low
1930527179.0,0200743996,2020-02-17,62019.95,0.4435,0,Medium
1930527279.0,0200794332,2020-02-17,35784.89,0.1234,0,Low
1930529853.0,0200762301,2020-02-17,6023.14,0.6166,1,Medium
1930529867.0,0200769623,2020-02-17,33150.26,0.1576,0,Low
1930530278.0,0200769623,2020-02-17,37662.94,0.0876,0,Low
1930530491.0,0200794332,2020-02-17,32536.75,0.1566,0,Low
1930530644.0,0200759878,2020-02-17,130250.5,0.1652,0,Low
1930531078.0,0200769623,2020-02-17,45980.47,0.09,0,Low
1930531386.0,0200726979,2020-02-17,132.37,0.4298,0,Medium
1930531418.0,0100031704,2020-02-17,8171.32,0.7731,1,High
1930531443.0,0200769623,2020-02-17,15827.87,0.1676,0,Low
1930531455.0,0200769623,2020-02-17,6625.34,0.2114,0,Low
1930531554.0,0200769623,2020-02-17,9729.23,0.364,0,Medium
1930531592.0,0200759878,2020-02-17,87470.06,0.2725,0,Low
1930531614.0,0200769623,2020-02-17,7005.98,0.2884,0,Low
1930531644.0,CCU013,2020-02-17,19845.77,0.9991,1,High
1930531673.0,0200707005,2020-02-17,68689.41,0.223,0,Low
1930531789.0,0200759878,2020-02-17,66722.14,0.4189,0,Medium
1930531877.0,0200769623,2020-02-17,5126.33,0.2,0,Low
1930531909.0,0200769623,2020-02-17,6234.96,0.2039,0,Low
1930531929.0,0200762301,2020-02-17,24595.7,0.2055,0,Low
1930531955.0,0200407025,2020-02-17,910.64,0.4113,0,Medium
1930532164.0,0200772670,2020-02-17,49929.65,0.62,1,Medium
1930532340.0,0100012638,2020-02-17,56129.05,0.9529,1,High
1930532368.0,0200771157,2020-02-17,71375.98,0.238,0,Low
1930532536.0,0200759878,2020-02-17,71241.25,0.3163,0,Medium
1930532562.0,0200769623,2020-02-17,49723.89,0.1176,0,Low
1930532605.0,0200769623,2020-02-17,70459.6,0.0605,0,Low
1930532622.0,0200769623,2020-02-17,7918.39,0.3125,0,Medium
1930532660.0,0200769623,2020-02-17,43520.56,0.0876,0,Low
1930532695.0,0200726979,2020-02-17,320.64,0.4477,0,Medium
1930532703.0,0200769623,2020-02-17,4434.05,0.1861,0,Low
1930532787.0,0200705742,2020-02-17,4527.35,0.1112,0,Low
1930533040.0,0200705742,2020-02-17,87715.24,0.0393,0,Low
1930533080.0,0200793568,2020-02-17,910.25,0.8531,1,High
1930533086.0,0200769623,2020-02-17,46151.36,0.09,0,Low
1930533099.0,0200744019,2020-02-17,82989.75,0.5456,1,Medium
1930533128.0,0200769623,2020-02-17,7934.92,0.3125,0,Medium
1930533304.0,0200794332,2020-02-17,2283.02,0.1657,0,Low
1930533577.0,0200781803,2020-02-17,3706.64,0.244,0,Low
1930533642.0,0200711899,2020-02-17,17147.05,0.5082,1,Medium
1930533904.0,0200721530,2020-02-17,59309.26,0.1821,0,Low
1930533910.0,0200769623,2020-02-17,3227.43,0.1739,0,Low
1930533961.0,0200331749,2020-02-17,39020.38,0.8388,1,High
1930534017.0,0200126819,2020-02-17,21486.73,0.2958,0,Low
1930534055.0,0200711029,2020-02-17,67275.15,0.2223,0,Low
1930534346.0,0200712105,2020-02-17,111499.2,0.7331,1,High
1930534411.0,0200793513,2020-02-17,100624.97,0.2286,0,Low
1930534475.0,0200763814,2020-02-17,26081.6,0.8026,1,High
1930534537.0,0200781803,2020-02-17,2417.2,0.2461,0,Low
1930534554.0,CCU013,2020-02-17,24824.68,0.9992,1,High
1930534616.0,0200781803,2020-02-17,1503.27,0.2613,0,Low
1930535165.0,0200763814,2020-02-17,71522.44,0.805,1,High
1930535295.0,0200763814,2020-02-17,20202.25,0.7933,1,High
1930536022.0,0200762301,2020-02-17,158199.66,0.1126,0,Low
1930536149.0,0200705742,2020-02-17,8002.83,0.1224,0,Low
1930536716.0,0200729942,2020-02-17,17174.05,0.2055,0,Low
1930537939.0,0200900909,2020-02-17,46385.53,0.6797,1,Medium
1930538122.0,0200762301,2020-02-17,88681.9,0.1503,0,Low
1930538146.0,0200337148,2020-02-17,101911.06,0.0869,0,Low
1930538200.0,0200772670,2020-02-17,38384.34,0.6062,1,Medium
1930538207.0,0200714710,2020-02-17,1058.8,0.7359,1,High
1930538774.0,0200396637,2020-02-17,52747.2,0.2909,0,Low
1930542012.0,0200847305,2020-02-17,71826.75,0.9829,1,High
1991838935.0,0140103278,2020-02-17,21986.4,0.8401,1,High
1991839458.0,0140103409,2020-02-17,5232.04,0.0943,0,Low
1991839600.0,0140103423,2020-02-17,8548.83,0.1839,0,Low
2960613730.0,0140105847,2020-02-17,67371.43,0.6269,1,Medium
2960614183.0,0140104331,2020-02-17,16987.32,0.2319,0,Low
1930508553.0,0200782001,2020-02-18,24013.89,0.3768,0,Medium
1930518431.0,0200881076,2020-02-18,5714.29,0.1982,0,Low
1930518722.0,0200799180,2020-02-18,22717.24,0.8034,1,High
1930520098.0,0200742791,2020-02-18,25580.96,0.1751,0,Low
1930524214.0,0200799180,2020-02-18,23955.12,0.7341,1,High
1930526136.0,0200714710,2020-02-18,28871.42,0.8456,1,High
1930526668.0,0200646464,2020-02-18,10170.0,0.4843,1,Medium
1930527248.0,0200915438,2020-02-18,27552.88,0.3638,0,Medium
1930529827.0,0200720419,2020-02-18,31566.68,0.4717,1,Medium
1930530357.0,0200764795,2020-02-18,30185.62,0.8578,1,High
1930530498.0,0200769623,2020-02-18,31283.26,0.2491,0,Low
1930530955.0,0200769623,2020-02-18,13866.82,0.2031,0,Low
1930531365.0,0200763152,2020-02-18,29760.91,0.4736,1,Medium
1930532306.0,0200762950,2020-02-18,88686.68,0.143,0,Low
1930532580.0,CCCA02,2020-02-18,15642.72,0.8794,1,High
1930532717.0,0200418007,2020-02-18,3506.44,0.3633,0,Medium
1930532754.0,0200769623,2020-02-18,77155.63,0.0655,0,Low
1930532892.0,0200418007,2020-02-18,10385.6,0.4886,1,Medium
1930533010.0,0200772595,2020-02-18,2851.92,0.2963,0,Low
1930533012.0,0200735607,2020-02-18,95020.47,0.2289,0,Low
1930533013.0,0200707822,2020-02-18,96300.07,0.1165,0,Low
1930533106.0,0100031704,2020-02-18,74006.39,0.4913,1,Medium
1930533218.0,0200769623,2020-02-18,16935.99,0.1799,0,Low
1930533240.0,0200769623,2020-02-18,76082.09,0.0655,0,Low
1930533331.0,0200793568,2020-02-18,39935.35,0.6064,1,Medium
1930533380.0,0200769623,2020-02-18,18683.08,0.2531,0,Low
1930533431.0,0200759878,2020-02-18,7799.78,0.7543,1,High
1930533452.0,0200759878,2020-02-18,50088.12,0.5966,1,Medium
1930533549.0,0200780825,2020-02-18,32126.78,0.8346,1,High
1930533616.0,0200769623,2020-02-18,14968.34,0.1668,0,Low
1930533644.0,0200726979,2020-02-18,4708.35,0.2497,0,Low
1930533736.0,0200418007,2020-02-18,3829.0,0.3718,0,Medium
1930533852.0,0200770677,2020-02-18,7359.4,0.2267,0,Low
1930533885.0,200759878,2020-02-18,10638.0,0.8967,1,High
1930533954.0,0200418007,2020-02-18,1999.64,0.366,0,Medium
1930533998.0,0200744019,2020-02-18,5383.72,0.6172,1,Medium
1930534008.0,0200780383,2020-02-18,60491.34,0.5376,1,Medium
1930534010.0,0200780383,2020-02-18,15.27,0.6058,1,Medium
1930534064.0,0200759878,2020-02-18,77971.48,0.2748,0,Low
1930534228.0,0200782001,2020-02-18,67643.36,0.3989,0,Medium
1930534576.0,0200769623,2020-02-18,1898.9,0.1186,0,Low
1930534994.0,0200759878,2020-02-18,4255.2,0.7966,1,High
1930535173.0,0200732755,2020-02-18,40229.32,0.1802,0,Low
1930535287.0,0200084659,2020-02-18,145246.92,0.872,1,High
1930536086.0,0200230690,2020-02-18,6880.0,0.1785,0,Low
1930536125.0,0200769623,2020-02-18,24294.0,0.2606,0,Low
1930536235.0,0200769623,2020-02-18,2016.28,0.189,0,Low
1930536328.0,0200706844,2020-02-18,6869.27,0.3107,0,Medium
1930536700.0,0200761734,2020-02-18,81080.99,0.0761,0,Low
1930536702.0,0100026401,2020-02-18,23965.99,0.6606,1,Medium
1930536711.0,0200759878,2020-02-18,83819.73,0.2748,0,Low
1930536828.0,0200759878,2020-02-18,3191.4,0.7776,1,High
1930537013.0,0200759878,2020-02-18,4255.2,0.7966,1,High
1930537014.0,0200799367,2020-02-18,98034.27,0.3627,0,Medium
1930537061.0,0200769623,2020-02-18,23897.25,0.2606,0,Low
1930537095.0,0200762301,2020-02-18,84297.46,0.151,0,Low
1930537112.0,0200726979,2020-02-18,639.71,0.4026,0,Medium
1930537148.0,0200769623,2020-02-18,14341.36,0.1889,0,Low
1930537149.0,0200769623,2020-02-18,5533.92,0.2031,0,Low
1930537434.0,0200777735,2020-02-18,134912.55,0.072,0,Low
1930537879.0,0200752393,2020-02-18,17619.72,0.1154,0,Low
1930537912.0,0200726979,2020-02-18,158.23,0.4349,0,Medium
1930537983.0,0200739534,2020-02-18,112124.87,0.5793,1,Medium
1930538129.0,0200726979,2020-02-18,194.08,0.4349,0,Medium
1930538306.0,0200769623,2020-02-18,2726.63,0.1776,0,Low
1930538326.0,0200726979,2020-02-18,174.48,0.4349,0,Medium
1930538353.0,0200277896,2020-02-18,70163.54,0.9423,1,High
1930538575.0,0200793568,2020-02-18,1624.15,0.7358,1,High
1930538658.0,0200752393,2020-02-18,7744.99,0.1507,0,Low
1930538826.0,0200875006,2020-02-18,2382.55,0.1606,0,Low
1930538837.0,0200712102,2020-02-18,41546.0,0.9248,1,High
1930538838.0,0200230690,2020-02-18,598.47,0.1284,0,Low
1930538909.0,0200780383,2020-02-18,60508.46,0.5376,1,Medium
1930539042.0,0200794332,2020-02-18,6732.84,0.4343,0,Medium
1930539106.0,0200230690,2020-02-18,902.98,0.1585,0,Low
1930539193.0,0200776463,2020-02-18,2382.55,0.2613,0,Low
1930539211.0,0200792734,2020-02-18,29081.55,0.2189,0,Low
1930539313.0,0200230690,2020-02-18,122.84,0.1285,0,Low
1930539528.0,0100001196,2020-02-18,3515.71,0.7372,1,High
1930539542.0,0200780383,2020-02-18,65768.24,0.5168,1,Medium
1930539586.0,0200781803,2020-02-18,3145.4,0.1549,0,Low
1930539625.0,0200769623,2020-02-18,2373.96,0.1776,0,Low
1930540573.0,0200500195,2020-02-18,25539.3,0.4537,1,Medium
1930540721.0,0100043936,2020-02-18,16993.8,0.6483,1,Medium
1930541784.0,0200797452,2020-02-18,6137.81,0.8031,1,High
1930541795.0,0200965912,2020-02-18,110635.22,0.1581,0,Low
1930541823.0,0200622385,2020-02-18,50716.78,0.6209,1,Medium
1930542027.0,0200769623,2020-02-18,13103.07,0.2872,0,Low
1930542358.0,0200772670,2020-02-18,1490.84,0.5864,1,Medium
1930542361.0,0200772670,2020-02-18,33729.79,0.5671,1,Medium
1930542363.0,0200772670,2020-02-18,25450.4,0.5698,1,Medium
1930542374.0,0200705089,2020-02-18,862.11,0.3441,0,Medium
1930542387.0,0200769623,2020-02-18,36534.65,0.0977,0,Low
1930542556.0,0200739941,2020-02-18,16214.14,0.6466,1,Medium
1930542754.0,0200759878,2020-02-18,1063.8,0.7879,1,High
1930542836.0,0200772670,2020-02-18,260.61,0.6355,1,Medium
1930542947.0,0200781831,2020-02-18,51625.93,0.2896,0,Low
1930544040.0,0200769623,2020-02-18,55093.94,0.2009,0,Low
1991838289.0,0140101904,2020-02-18,41215.24,0.1764,0,Low
1991838772.0,0100036060,2020-02-18,13046.08,0.7335,1,High
1991839343.0,0100052167,2020-02-18,22938.4,0.9148,1,High
2960614095.0,0140104552,2020-02-18,31880.16,0.2626,0,Low
2960614856.0,0140105686,2020-02-18,3758.3,0.9668,1,High
2960615115.0,0140104249,2020-02-18,136923.15,0.9731,1,High
2960615230.0,0140104429,2020-02-18,43819.0,0.7774,1,High
1930490140.0,0200763152,2020-02-19,22369.48,0.4618,1,Medium
1930515647.0,0200701487,2020-02-19,7026.8,0.478,1,Medium
1930522708.0,0200078795,2020-02-19,16461.64,0.2326,0,Low
1930523280.0,0200799367,2020-02-19,16687.2,0.3743,0,Medium
1930523859.0,0200149567,2020-02-19,5299.2,0.5365,1,Medium
1930525802.0,0100031704,2020-02-19,2944.05,0.5462,1,Medium
1930526170.0,0200780825,2020-02-19,16226.59,0.8388,1,High
1930526384.0,0200741174,2020-02-19,16084.56,0.9218,1,High
1930528490.0,0200915438,2020-02-19,38128.5,0.3481,0,Medium
1930529950.0,0200729290,2020-02-19,16469.95,0.5779,1,Medium
1930530149.0,0200718130,2020-02-19,1685.7,0.763,1,High
1930532370.0,0200759878,2020-02-19,1063.8,0.7706,1,High
1930532857.0,0200769623,2020-02-19,13220.23,0.2777,0,Low
1930533339.0,0200736337,2020-02-19,22173.32,0.8643,1,High
1930533442.0,0200769623,2020-02-19,841.09,0.3013,0,Medium
1930533543.0,0200275115,2020-02-19,59417.82,0.1621,0,Low
1930533560.0,0200769623,2020-02-19,16833.28,0.1816,0,Low
1930533819.0,0200769623,2020-02-19,56809.01,0.2061,0,Low
1930535160.0,0200739006,2020-02-19,21334.1,0.2543,0,Low
1930535167.0,0200759878,2020-02-19,7871.97,0.8502,1,High
1930535282.0,0200622385,2020-02-19,39038.43,0.5935,1,Medium
1930536007.0,0200763229,2020-02-19,22263.52,0.2717,0,Low
1930536060.0,0200769623,2020-02-19,46480.46,0.1039,0,Low
1930536107.0,0200769623,2020-02-19,27521.93,0.2806,0,Low
1930536151.0,0200741174,2020-02-19,50382.27,0.8955,1,High
1930536181.0,0200769623,2020-02-19,37205.54,0.0987,0,Low
1930536189.0,0200799367,2020-02-19,72281.73,0.3662,0,Medium
1930536190.0,0200799367,2020-02-19,50798.86,0.3882,0,Medium
1930536199.0,0200761734,2020-02-19,100567.98,0.0738,0,Low
1930536348.0,0200769623,2020-02-19,516.6,0.3105,0,Medium
1930536775.0,0200772595,2020-02-19,6120.86,0.2878,0,Low
1930536960.0,0200936373,2020-02-19,32040.14,0.5633,1,Medium
1930537333.0,0200148860,2020-02-19,90331.5,0.1006,0,Low
1930538078.0,0200799367,2020-02-19,114093.18,0.3444,0,Medium
1930538095.0,0200762301,2020-02-19,1678.7,0.2211,0,Low
1930538109.0,0200794332,2020-02-19,75207.48,0.0898,0,Low
1930538159.0,0200769623,2020-02-19,23752.65,0.2629,0,Low
1930538256.0,0200769623,2020-02-19,1716.41,0.2193,0,Low
1930538463.0,0200769623,2020-02-19,22410.91,0.2622,0,Low
1930538578.0,0200726979,2020-02-19,244.89,0.4266,0,Medium
1930538730.0,0200769623,2020-02-19,2165.41,0.1873,0,Low
1930538776.0,0200396637,2020-02-19,52747.2,0.1999,0,Low
1930538967.0,0200466603,2020-02-19,143254.82,0.1743,0,Low
1930539233.0,0200726979,2020-02-19,385.44,0.4203,0,Medium
1930539304.0,0200794332,2020-02-19,12058.29,0.1891,0,Low
1930539346.0,0200726979,2020-02-19,328.73,0.4226,0,Medium
1930539568.0,0200745469,2020-02-19,55577.54,0.2034,0,Low
1930539578.0,CCCA02,2020-02-19,15360.0,0.8613,1,High
1930539881.0,0200762301,2020-02-19,8536.14,0.2283,0,Low
1930540589.0,0200714710,2020-02-19,37444.32,0.7572,1,High
1930540593.0,0200705742,2020-02-19,32032.36,0.1403,0,Low
1930540760.0,0200793568,2020-02-19,1589.41,0.5659,1,Medium
1930541817.0,0200759878,2020-02-19,12080.73,0.7365,1,High
1930541826.0,0200769623,2020-02-19,61376.71,0.2158,0,Low
1930541883.0,0200230690,2020-02-19,816.75,0.1514,0,Low
1930541886.0,0200230690,2020-02-19,884.38,0.5527,1,Medium
1930542026.0,0200466603,2020-02-19,153374.78,0.1743,0,Low
1930542083.0,0200799367,2020-02-19,1645.65,0.6242,1,Medium
1930542137.0,0200418007,2020-02-19,3497.16,0.3403,0,Medium
1930542147.0,0200780383,2020-02-19,136895.74,0.3755,0,Medium
1930542165.0,0200769623,2020-02-19,41874.31,0.0987,0,Low
1930542197.0,0200794332,2020-02-19,38586.43,0.1048,0,Low
1930542227.0,CCCA02,2020-02-19,8006.4,0.8426,1,High
1930542284.0,0200726979,2020-02-19,486.05,0.4067,0,Medium
1930542306.0,0200726979,2020-02-19,348.25,0.4226,0,Medium
1930542380.0,0200769623,2020-02-19,34429.28,0.1422,0,Low
1930542412.0,0200793830,2020-02-19,123032.48,0.4031,0,Medium
1930542415.0,0200782001,2020-02-19,7860.14,0.2176,0,Low
1930542423.0,0200792734,2020-02-19,137959.88,0.1895,0,Low
1930542503.0,0200399141,2020-02-19,3653.25,0.8178,1,High
1930542513.0,0200764795,2020-02-19,42554.52,0.8432,1,High
1930542785.0,0200769623,2020-02-19,2352.97,0.1873,0,Low
1930542894.0,0200230690,2020-02-19,240.72,0.0088,0,Low
1930542993.0,0200769623,2020-02-19,1898.9,0.1255,0,Low
1930543048.0,0200799420,2020-02-19,970.61,0.3706,0,Medium
1930543092.0,0200833713,2020-02-19,739.19,0.5612,1,Medium
1930543141.0,0200152991,2020-02-19,1575.9,0.1138,0,Low
1930543166.0,0200780383,2020-02-19,18269.44,0.5452,1,Medium
1930543205.0,0200769623,2020-02-19,74562.74,0.0662,0,Low
1930543217.0,0200793568,2020-02-19,7985.13,0.5973,1,Medium
1930543225.0,0200793568,2020-02-19,11943.39,0.796,1,High
1930543345.0,0100053926,2020-02-19,10928.8,0.7118,1,High
1930543389.0,0200772670,2020-02-19,20669.64,0.5555,1,Medium
1930543418.0,0200772670,2020-02-19,54131.66,0.5628,1,Medium
1930543423.0,0200129450,2020-02-19,31290.05,0.9423,1,High
1930543464.0,0200759878,2020-02-19,36950.92,0.6444,1,Medium
1930543484.0,0200230690,2020-02-19,43627.49,0.204,0,Low
1930543487.0,0200230690,2020-02-19,7412.6,0.0142,0,Low
1930543523.0,0200974851,2020-02-19,3077.38,0.1902,0,Low
1930543725.0,0200769623,2020-02-19,943.12,0.3073,0,Medium
1930543818.0,0200742521,2020-02-19,35222.06,0.2375,0,Low
1930543842.0,0200230690,2020-02-19,6552.42,0.0132,0,Low
1930543867.0,0200078795,2020-02-19,945.65,0.2992,0,Low
1930544019.0,0100025470,2020-02-19,2212.44,0.3419,0,Medium
1930544025.0,0200895843,2020-02-19,11870.54,0.7404,1,High
1930544217.0,0200706844,2020-02-19,11699.02,0.2806,0,Low
1930544233.0,0200152991,2020-02-19,3614.18,0.1103,0,Low
1930544311.0,0200974851,2020-02-19,2558.05,0.192,0,Low
1930544314.0,0200775094,2020-02-19,17950.3,0.6944,1,Medium
1930544369.0,0200900909,2020-02-19,29415.26,0.7577,1,High
1930544374.0,0200726979,2020-02-19,81322.99,0.305,0,Medium
1930545272.0,0200152991,2020-02-19,739.12,0.3054,0,Medium
1930545607.0,0200152991,2020-02-19,4994.95,0.1232,0,Low
1930547173.0,0200797452,2020-02-19,3732.38,0.7406,1,High
1930547329.0,0200980828,2020-02-19,18765.6,0.0992,0,Low
1930547343.0,0200466603,2020-02-19,41692.98,0.231,0,Low
1930548076.0,0200974851,2020-02-19,4074.99,0.2019,0,Low
1930548142.0,0200718130,2020-02-19,33930.13,0.8037,1,High
1930548265.0,0200706844,2020-02-19,15814.26,0.2682,0,Low
1930548552.0,0200707741,2020-02-19,17743.62,0.3441,0,Medium
1930548709.0,0200726979,2020-02-19,481.75,0.3988,0,Medium
2960613736.0,0140104472,2020-02-19,7185.36,0.9378,1,High
2960614941.0,0140106408,2020-02-19,23769.89,0.9936,1,High
2960615055.0,0140105039,2020-02-19,10368.0,0.5387,1,Medium
2960615156.0,0140104249,2020-02-19,58405.32,0.9761,1,High
1930532180.0,0200794332,2020-02-20,6681.26,0.1297,0,Low
1930532195.0,0200793568,2020-02-20,48198.18,0.4721,1,Medium
1930533498.0,0200777735,2020-02-20,59094.71,0.1095,0,Low
1930534222.0,0200794332,2020-02-20,14616.61,0.1108,0,Low
1930535162.0,0200799367,2020-02-20,13407.73,0.3636,0,Medium
1930536327.0,0200759878,2020-02-20,13883.47,0.6556,1,Medium
1930537405.0,CCCA02,2020-02-20,13241.76,0.8349,1,High
1930537431.0,0100031704,2020-02-20,56548.55,0.4896,1,Medium
1930538293.0,0200763814,2020-02-20,22232.95,0.7362,1,High
1930538383.0,0200770567,2020-02-20,353.16,0.2929,0,Low
1930538802.0,CCU002,2020-02-20,10935.76,0.8535,1,High
1930538807.0,0200700919,2020-02-20,41345.06,0.6538,1,Medium
1930539026.0,0200759878,2020-02-20,13883.47,0.6556,1,Medium
1930539579.0,CCU013,2020-02-20,24161.48,0.9993,1,High
1930539593.0,0200769623,2020-02-20,19974.27,0.2003,0,Low
1930540588.0,0200799367,2020-02-20,3571.84,0.6509,1,Medium
1930541999.0,0200820380,2020-02-20,52333.75,0.2285,0,Low
1930542156.0,0200729828,2020-02-20,60823.05,0.5174,1,Medium
1930542264.0,0200769623,2020-02-20,4887.63,0.1529,0,Low
1930542265.0,0200769623,2020-02-20,997.65,0.243,0,Low
1930542621.0,0200769623,2020-02-20,12178.24,0.2181,0,Low
1930542759.0,0200759878,2020-02-20,43899.57,0.5913,1,Medium
1930543017.0,0200741831,2020-02-20,86550.11,0.6613,1,Medium
1930543063.0,0200794332,2020-02-20,48451.41,0.0822,0,Low
1930543103.0,0200769623,2020-02-20,8380.76,0.2572,0,Low
1930543157.0,0200744019,2020-02-20,24612.71,0.7405,1,High
1930543381.0,0200779906,2020-02-20,1349.6,0.8864,1,High
1930543413.0,0200466603,2020-02-20,72353.98,0.2007,0,Low
1930543733.0,0200148860,2020-02-20,691.9,0.3026,0,Medium
1930544031.0,0200403651,2020-02-20,5687.03,0.2229,0,Low
1930544122.0,0200705742,2020-02-20,76551.14,0.0354,0,Low
1930544124.0,0200705742,2020-02-20,2929.76,0.0677,0,Low
1930544137.0,0200780825,2020-02-20,14854.82,0.7931,1,High
1930544488.0,0200020431,2020-02-20,15127.44,0.5512,1,Medium
1930545586.0,0200769623,2020-02-20,56772.25,0.1616,0,Low
1930545596.0,0200794332,2020-02-20,1937.82,0.0884,0,Low
1930545690.0,0200416837,2020-02-20,14926.94,0.1562,0,Low
1930545694.0,0200416837,2020-02-20,16489.99,0.5564,1,Medium
1930546645.0,0200705742,2020-02-20,24140.99,0.0842,0,Low
1930546707.0,0200705742,2020-02-20,14588.79,0.0698,0,Low
1930546713.0,0200759878,2020-02-20,29185.23,0.7121,1,High
1930546720.0,0200769623,2020-02-20,1898.2,0.0925,0,Low
1930546743.0,0200403651,2020-02-20,49236.88,0.1603,0,Low
1930546752.0,0200722444,2020-02-20,26260.36,0.177,0,Low
1930546756.0,0200704858,2020-02-20,47481.18,0.1442,0,Low
1930546771.0,0200769623,2020-02-20,33916.65,0.1086,0,Low
1930546775.0,0200726979,2020-02-20,737.77,0.3512,0,Medium
1930547264.0,0200744019,2020-02-20,84939.21,0.4866,1,Medium
1930547279.0,0200769623,2020-02-20,1898.9,0.0925,0,Low
1930547280.0,0200780383,2020-02-20,18517.52,0.5101,1,Medium
1930547320.0,0200920735,2020-02-20,11585.13,0.2832,0,Low
1930547352.0,0200761734,2020-02-20,63229.14,0.1072,0,Low
1930547395.0,0200705742,2020-02-20,71756.81,0.0349,0,Low
1930547520.0,0200148860,2020-02-20,15428.16,0.1161,0,Low
1930547579.0,0200778355,2020-02-20,51548.31,0.4897,1,Medium
1930547581.0,0200794332,2020-02-20,3949.69,0.1267,0,Low
1930547585.0,0200020431,2020-02-20,9220.54,0.0126,0,Low
1930547589.0,0200020431,2020-02-20,211.44,0.0082,0,Low
1930547614.0,0200707741,2020-02-20,47689.35,0.2317,0,Low
1930547617.0,0200418007,2020-02-20,83.64,0.3659,0,Medium
1930547630.0,0200769072,2020-02-20,43678.76,0.414,0,Medium
1930547650.0,CCCA02,2020-02-20,19569.6,0.8234,1,High
1930547651.0,CCCA02,2020-02-20,7992.0,0.8009,1,High
1930547749.0,0200920735,2020-02-20,123003.93,0.1686,0,Low
1930547768.0,0200020431,2020-02-20,483.48,0.0074,0,Low
1930547780.0,0200020431,2020-02-20,3681.02,0.0092,0,Low
1930547785.0,0200416837,2020-02-20,699.5,0.0088,0,Low
1930547792.0,0200416837,2020-02-20,2733.86,0.0095,0,Low
1930547887.0,0200726979,2020-02-20,348.84,0.3763,0,Medium
1930547894.0,0200416837,2020-02-20,1450.26,0.0097,0,Low
1930547959.0,0200416837,2020-02-20,18780.28,0.1594,0,Low
1930547968.0,0200020431,2020-02-20,4460.42,0.0099,0,Low
1930548006.0,0200020431,2020-02-20,2431.06,0.0093,0,Low
1930548017.0,0200020431,2020-02-20,4260.24,0.0099,0,Low
1930548111.0,0200416837,2020-02-20,1119.84,0.0091,0,Low
1930548166.0,0200726979,2020-02-20,317.96,0.3763,0,Medium
1930548199.0,0200974851,2020-02-20,3135.05,0.1859,0,Low
1930548304.0,0200416837,2020-02-20,27.0,0.0099,0,Low
1930548308.0,0200020431,2020-02-20,15829.56,0.5286,1,Medium
1930548323.0,0200769623,2020-02-20,29584.36,0.2143,0,Low
1930548542.0,0200752302,2020-02-20,132452.4,0.221,0,Low
1930548630.0,0200769623,2020-02-20,62433.04,0.1811,0,Low
1930548666.0,0200726979,2020-02-20,383.85,0.3741,0,Medium
1930548684.0,0200726979,2020-02-20,421.97,0.3741,0,Medium
1930548706.0,0200794332,2020-02-20,1444.84,0.1587,0,Low
1930548870.0,0200920735,2020-02-20,66251.93,0.1663,0,Low
1930549150.0,0100021540,2020-02-20,26441.77,0.8476,1,High
1930549159.0,0200769623,2020-02-20,31178.72,0.1827,0,Low
1930549486.0,0100031704,2020-02-20,114637.52,0.432,0,Medium
1930549505.0,0200794332,2020-02-20,32715.47,0.0981,0,Low
1930549919.0,0200705742,2020-02-20,87385.24,0.0326,0,Low
1930550079.0,CCU013,2020-02-20,37720.24,0.999,1,High
1930550874.0,0200920735,2020-02-20,65588.19,0.1663,0,Low
1930552226.0,0200792293,2020-02-20,23803.93,0.4713,1,Medium
1930552438.0,0200721330,2020-02-20,46960.0,0.8683,1,High
1930552510.0,0200974851,2020-02-20,1945.78,0.1588,0,Low
1930552809.0,0200705742,2020-02-20,2359.4,0.0784,0,Low
1930552837.0,0200780383,2020-02-20,112221.54,0.4455,0,Medium
1930552859.0,0200704045,2020-02-20,22747.37,0.2708,0,Low
1930552912.0,0200705742,2020-02-20,23167.93,0.112,0,Low
1930555024.0,0200439158,2020-02-20,35064.0,0.6776,1,Medium
2960615068.0,0140104475,2020-02-20,17308.33,0.9712,1,High
2960615267.0,0140104340,2020-02-20,2977.23,0.7846,1,High
2960615533.0,0140106181,2020-02-20,4591.2,0.9817,1,High
2960615647.0,0140104409,2020-02-20,97974.36,0.216,0,Low
1930528480.0,0200744707,2020-02-21,22786.47,0.7847,1,High
1930533849.0,0200725421,2020-02-21,25718.28,0.2487,0,Low
1930533883.0,0200719300,2020-02-21,25254.36,0.9738,1,High
1930536240.0,0200934569,2020-02-21,1173.67,0.8068,1,High
1930537029.0,0100043928,2020-02-21,2271.31,0.121,0,Low
1930539466.0,0200759878,2020-02-21,33110.26,0.8917,1,High
1930539701.0,0200799367,2020-02-21,1880.73,0.75,1,High
1930542100.0,0200759878,2020-02-21,113613.32,0.2073,0,Low
1930543800.0,0200014556,2020-02-21,82425.68,0.8474,1,High
1930544132.0,0200760666,2020-02-21,9866.81,0.8213,1,High
1930544413.0,0200762950,2020-02-21,148629.33,0.7202,1,High
1930546643.0,0200769623,2020-02-21,48142.71,0.1172,0,Low
1930546671.0,0200407025,2020-02-21,8614.56,0.8071,1,High
1930546685.0,0200794332,2020-02-21,1715.7,0.4926,1,Medium
1930547287.0,0200726979,2020-02-21,1130.06,0.9165,1,High
1930547429.0,0200762301,2020-02-21,25653.74,0.7577,1,High
1930547482.0,0200729290,2020-02-21,18661.99,0.8984,1,High
1930547609.0,0200764795,2020-02-21,28826.73,0.952,1,High
1930547615.0,CCU013,2020-02-21,52601.06,0.9989,1,High
1930547872.0,0200769623,2020-02-21,49350.67,0.1294,0,Low
1930547986.0,0200762301,2020-02-21,3911.51,0.7794,1,High
1930548135.0,0200769623,2020-02-21,50270.82,0.1372,0,Low
1930548287.0,0200769623,2020-02-21,13260.08,0.3186,0,Medium
1930548579.0,0200117492,2020-02-21,52592.54,0.6105,1,Medium
1930548620.0,0200763152,2020-02-21,37033.93,0.8555,1,High
1930548674.0,0200744019,2020-02-21,18349.17,0.8353,1,High
1930548720.0,0200759878,2020-02-21,22688.07,0.8974,1,High
1930548727.0,0200794332,2020-02-21,5023.0,0.4841,1,Medium
1930548962.0,0200759878,2020-02-21,13861.93,0.8855,1,High
1930549002.0,0200761734,2020-02-21,15021.34,0.3558,0,Medium
1930549044.0,0200729828,2020-02-21,51695.74,0.8395,1,High
1930549165.0,0200794332,2020-02-21,23803.3,0.2305,0,Low
1930549234.0,0200759878,2020-02-21,84399.19,0.6418,1,Medium
1930549510.0,0200759878,2020-02-21,36297.22,0.8706,1,High
1930549526.0,0200769623,2020-02-21,55081.72,0.2031,0,Low
1930549532.0,0200769623,2020-02-21,39814.98,0.0967,0,Low
1930549682.0,0200769623,2020-02-21,48278.41,0.1172,0,Low
1930549734.0,0200799538,2020-02-21,57042.46,0.9146,1,High
1930549834.0,0100031704,2020-02-21,8559.6,0.8704,1,High
1930549965.0,0200769623,2020-02-21,4326.54,0.2486,0,Low
1930550074.0,0200704858,2020-02-21,14728.32,0.7465,1,High
1930550814.0,CCCA02,2020-02-21,27857.12,0.7539,1,High
1930550953.0,0200447006,2020-02-21,36102.96,0.5253,1,Medium
1930552188.0,0200706844,2020-02-21,16047.68,0.8282,1,High
1930552241.0,0200778998,2020-02-21,72624.23,0.4195,0,Medium
1930552561.0,0200739534,2020-02-21,18946.6,0.9145,1,High
1930552710.0,0200769623,2020-02-21,74888.77,0.0695,0,Low
1930552726.0,0200769623,2020-02-21,2212.74,0.2394,0,Low
1930552732.0,0200763814,2020-02-21,32429.3,0.8893,1,High
1930552930.0,0200769623,2020-02-21,15345.87,0.2075,0,Low
1930553099.0,0200729942,2020-02-21,10153.25,0.5413,1,Medium
1930553166.0,0100031723,2020-02-21,186.81,0.1875,0,Low
1930553179.0,0200353024,2020-02-21,28.32,0.0138,0,Low
1930553181.0,0200353024,2020-02-21,105.4,0.0126,0,Low
1930553190.0,0200353024,2020-02-21,10462.6,0.0246,0,Low
1930553197.0,0200353024,2020-02-21,3000.04,0.0158,0,Low
1930553203.0,0200152991,2020-02-21,15866.36,0.6281,1,Medium
1930553228.0,0200769623,2020-02-21,2373.96,0.2394,0,Low
1930553391.0,0200705742,2020-02-21,28668.4,0.1033,0,Low
1930553415.0,0200769623,2020-02-21,15524.07,0.2075,0,Low
1930553509.0,0200726979,2020-02-21,438.93,0.9213,1,High
1930553587.0,0200769623,2020-02-21,51896.1,0.1878,0,Low
1930553656.0,0200759878,2020-02-21,38586.39,0.8706,1,High
1930553839.0,0200792734,2020-02-21,7114.33,0.745,1,High
1930554010.0,0200704858,2020-02-21,960.0,0.8043,1,High
1930554012.0,0200704858,2020-02-21,14190.56,0.6715,1,Medium
1930554145.0,0200020431,2020-02-21,55.02,0.0128,0,Low
1930554152.0,0200020431,2020-02-21,10381.59,0.7171,1,High
1930554155.0,0200020431,2020-02-21,10991.57,0.3826,0,Medium
1930554235.0,0200353024,2020-02-21,135.0,0.0133,0,Low
1930554323.0,0200020431,2020-02-21,97.38,0.0117,0,Low
1930554332.0,0200353024,2020-02-21,20351.77,0.6918,1,Medium
1930554456.0,0200353024,2020-02-21,189.36,0.0133,0,Low
1930554466.0,0200020431,2020-02-21,3153.36,0.357,0,Medium
1930554468.0,0200020431,2020-02-21,5288.39,0.7273,1,High
1930554532.0,0200020431,2020-02-21,2161.92,0.0127,0,Low
1930554831.0,0200705742,2020-02-21,2533.0,0.0877,0,Low
1930554954.0,0200353024,2020-02-21,1054.02,0.3085,0,Medium
1930554999.0,0200637319,2020-02-21,20373.95,0.9648,1,High
1930557078.0,0200795490,2020-02-21,83796.18,0.9764,1,High
1930557380.0,0200729290,2020-02-21,120764.69,0.9008,1,High
1930557805.0,0200769623,2020-02-21,42075.26,0.0967,0,Low
1930557938.0,0200712105,2020-02-21,20379.34,0.8256,1,High
1930559990.0,0200658936,2020-02-21,50399.6,0.8042,1,High
1930562563.0,0200769623,2020-02-21,943.12,0.37,0,Medium
1930564687.0,0200148860,2020-02-21,11099.81,0.6611,1,Medium
1930565302.0,0200724999,2020-02-21,50854.56,0.9947,1,High
1990571115.0,0200816950,2020-02-21,66541.14,0.8263,1,High
1991839720.0,0140103713,2020-02-21,47417.36,0.7255,1,High
2960614476.0,0140104249,2020-02-21,70806.65,0.9766,1,High
2960615076.0,0100029649,2020-02-21,11518.08,0.8018,1,High
2960615464.0,0140104409,2020-02-21,59686.46,0.8586,1,High
2960616002.0,0100029649,2020-02-21,11998.0,0.7785,1,High
1930533471.0,0200760666,2020-02-22,12417.63,0.8843,1,High
1930539436.0,CCU013,2020-02-22,2426.82,0.9985,1,High
1930542312.0,CCU013,2020-02-22,6026.2,0.9992,1,High
1930543159.0,0200126819,2020-02-22,24778.43,0.8512,1,High
1930544310.0,0200759878,2020-02-22,15005.29,0.9248,1,High
1930548276.0,0200769623,2020-02-22,73815.44,0.0752,0,Low
1930548443.0,0200759878,2020-02-22,14329.35,0.9302,1,High
1930548869.0,0200759878,2020-02-22,13135.59,0.9398,1,High
1930549049.0,0200769623,2020-02-22,6006.4,0.2454,0,Low
1930549109.0,0200769623,2020-02-22,16140.92,0.2057,0,Low
1930549636.0,0200769623,2020-02-22,6591.39,0.2539,0,Low
1930549708.0,0200148860,2020-02-22,14825.73,0.7294,1,High
1930550858.0,0200762301,2020-02-22,2444.0,0.794,1,High
1930550860.0,0200762301,2020-02-22,12138.99,0.8817,1,High
1930551123.0,0200703851,2020-02-22,49095.81,0.8217,1,High
1930551361.0,0200704858,2020-02-22,119078.92,0.8621,1,High
1930551375.0,0200769623,2020-02-22,12129.62,0.2981,0,Low
1930552195.0,0200794332,2020-02-22,14966.72,0.3094,0,Medium
1930552229.0,0200704858,2020-02-22,94356.03,0.8445,1,High
1930552298.0,0200744019,2020-02-22,51834.69,0.9047,1,High
1930552383.0,0200769623,2020-02-22,47232.13,0.1151,0,Low
1930552435.0,0200769623,2020-02-22,70661.02,0.0822,0,Low
1930552468.0,0200769623,2020-02-22,11455.29,0.4568,1,Medium
1930552539.0,0200769623,2020-02-22,19342.96,0.298,0,Low
1930552540.0,0200769623,2020-02-22,710.4,0.3196,0,Medium
1930552546.0,0200769623,2020-02-22,69339.09,0.1973,0,Low
1930552629.0,CCU013,2020-02-22,9838.08,0.9992,1,High
1930552652.0,0200708411,2020-02-22,25440.83,0.25,0,Low
1930552731.0,0200769623,2020-02-22,1766.3,0.2182,0,Low
1930553085.0,0200769623,2020-02-22,446.6,0.3272,0,Medium
1930553263.0,0200353024,2020-02-22,4001.4,0.0178,0,Low
1930553267.0,0200353024,2020-02-22,4328.17,0.018,0,Low
1930553271.0,0200353024,2020-02-22,1757.16,0.0175,0,Low
1930553272.0,0200353024,2020-02-22,3738.93,0.4433,0,Medium
1930553295.0,0200707822,2020-02-22,118436.63,0.9048,1,High
1930553328.0,0200519201,2020-02-22,50811.28,0.842,1,High
1930553569.0,0200769623,2020-02-22,7986.91,0.3326,0,Medium
1930553621.0,0200769623,2020-02-22,14341.7,0.2105,0,Low
1930553700.0,0200762301,2020-02-22,3231.7,0.8777,1,High
1930553947.0,0200769623,2020-02-22,16071.26,0.2057,0,Low
1930553971.0,0200769623,2020-02-22,15509.23,0.1864,0,Low
1930554549.0,0200759878,2020-02-22,32198.4,0.9451,1,High
1930554591.0,0200741174,2020-02-22,9930.05,0.9632,1,High
1930554627.0,0200769623,2020-02-22,35.56,0.2901,0,Low
1930554678.0,0200796637,2020-02-22,25902.73,0.376,0,Medium
1930554891.0,0200771157,2020-02-22,94306.98,0.9388,1,High
1930554966.0,CCCA02,2020-02-22,7752.0,0.6869,1,Medium
1930555054.0,0200726979,2020-02-22,15985.08,0.9398,1,High
1930555074.0,0200769623,2020-02-22,3228.13,0.2175,0,Low
1930555881.0,0200769623,2020-02-22,48259.97,0.1099,0,Low
1930555884.0,0200769623,2020-02-22,21379.01,0.298,0,Low
1930557087.0,0200769623,2020-02-22,23640.08,0.3076,0,Medium
1930557142.0,0200726979,2020-02-22,237.92,0.953,1,High
1930557215.0,0200769623,2020-02-22,33654.41,0.1893,0,Low
1930557235.0,0200769623,2020-02-22,911.91,0.3257,0,Medium
1930557249.0,0200353024,2020-02-22,6187.14,0.4735,1,Medium
1930557359.0,0200353024,2020-02-22,9328.3,0.6843,1,Medium
1930557363.0,0200353024,2020-02-22,2309.45,0.6146,1,Medium
1930557368.0,0200353024,2020-02-22,1348.58,0.0162,0,Low
1930557505.0,0200762301,2020-02-22,53817.96,0.8991,1,High
1930557515.0,0200769623,2020-02-22,12017.76,0.302,0,Medium
1930557613.0,0200519201,2020-02-22,1433.95,0.8699,1,High
1930557614.0,0200769623,2020-02-22,6663.73,0.2539,0,Low
1930557639.0,0200353024,2020-02-22,5649.36,0.4735,1,Medium
1930557644.0,0200353024,2020-02-22,1927.02,0.0134,0,Low
1930557694.0,0200769623,2020-02-22,2800.84,0.2195,0,Low
1930557728.0,0200353024,2020-02-22,1189.72,0.6001,1,Medium
1930557735.0,0200353024,2020-02-22,2269.85,0.0166,0,Low
1930557750.0,0200769623,2020-02-22,25362.84,0.3093,0,Medium
1930557767.0,0200769623,2020-02-22,21408.22,0.298,0,Low
1930558164.0,0200308132,2020-02-22,26290.34,0.9558,1,High
1930558283.0,0200769623,2020-02-22,471.56,0.3218,0,Medium
1930558526.0,0200769623,2020-02-22,67924.1,0.2002,0,Low
1930558548.0,0200769623,2020-02-22,52373.48,0.1878,0,Low
1930558555.0,0200769623,2020-02-22,47398.29,0.1151,0,Low
1930558708.0,0200769623,2020-02-22,471.56,0.3218,0,Medium
1930558715.0,0200705742,2020-02-22,31466.74,0.1098,0,Low
1930558826.0,0200936373,2020-02-22,68419.98,0.9559,1,High
1930558922.0,0200707822,2020-02-22,116540.99,0.9048,1,High
1930559510.0,0200875006,2020-02-22,111585.36,0.9031,1,High
1930560953.0,0200779906,2020-02-22,124489.33,0.9873,1,High
1930561030.0,0200726979,2020-02-22,130.62,0.953,1,High
2960614972.0,0140104440,2020-02-22,124208.66,0.9869,1,High
2960615544.0,0140104472,2020-02-22,1224.36,0.9242,1,High
2960615548.0,0140104429,2020-02-22,52786.42,0.8133,1,High
2960615666.0,0140104503,2020-02-22,2433.5,0.1731,0,Low
2960615760.0,0140106408,2020-02-22,21608.99,0.9948,1,High
2960615940.0,0140104229,2020-02-22,1230.12,0.5732,1,Medium
2960616109.0,0140104409,2020-02-22,12635.12,0.8517,1,High
1930552461.0,0200769623,2020-02-23,11110.97,0.4255,0,Medium
1930552638.0,0200769623,2020-02-23,14457.03,0.2228,0,Low
1930553237.0,CCU013,2020-02-23,17384.64,0.9992,1,High
1930553963.0,0200769623,2020-02-23,15303.86,0.1977,0,Low
1930555018.0,0200792293,2020-02-23,67301.02,0.7793,1,High
1930555039.0,CCU013,2020-02-23,8299.48,0.9991,1,High
1930555871.0,0200762301,2020-02-23,180777.45,0.6511,1,Medium
1930556005.0,0200820380,2020-02-23,52013.24,0.5359,1,Medium
1930556092.0,0200707822,2020-02-23,158501.06,0.2942,0,Low
1930557010.0,0200759878,2020-02-23,20258.34,0.844,1,High
1930557229.0,0200786288,2020-02-23,13258.8,0.4424,0,Medium
1930557961.0,0200769623,2020-02-23,18217.61,0.2976,0,Low
1930557963.0,0200769623,2020-02-23,11976.8,0.3289,0,Medium
1930558077.0,0200769623,2020-02-23,6330.63,0.2614,0,Low
1930558170.0,0200792293,2020-02-23,644.37,0.8084,1,High
1930558509.0,0200769623,2020-02-23,6190.64,0.2614,0,Low
1930558521.0,0200769623,2020-02-23,15233.03,0.1977,0,Low
1930558536.0,0200769623,2020-02-23,53720.97,0.1914,0,Low
1930558544.0,0100031704,2020-02-23,7490.42,0.7384,1,High
1930558574.0,0200769623,2020-02-23,12738.75,0.314,0,Medium
1930558594.0,0200769623,2020-02-23,3398.38,0.2323,0,Low
1930558596.0,0200769623,2020-02-23,110.98,0.3269,0,Medium
1930558809.0,0200769623,2020-02-23,7053.17,0.3593,0,Medium
1930558812.0,0200769623,2020-02-23,15639.95,0.1977,0,Low
1930558840.0,0200769623,2020-02-23,65667.94,0.1943,0,Low
1930558928.0,0200769623,2020-02-23,14949.55,0.1977,0,Low
1930558975.0,0200795490,2020-02-23,77941.22,0.9757,1,High
1930559361.0,0200769623,2020-02-23,7934.3,0.3517,0,Medium
1930559362.0,0200769623,2020-02-23,6532.6,0.2703,0,Low
1930559401.0,0200769623,2020-02-23,7763.4,0.3538,0,Medium
1930559422.0,0200769623,2020-02-23,72676.52,0.066,0,Low
1930559475.0,0200769623,2020-02-23,60216.08,0.2216,0,Low
1930559676.0,0200726979,2020-02-23,344.27,0.6093,1,Medium
1930559729.0,0200881076,2020-02-23,3979.82,0.7012,1,High
1930559909.0,0200769623,2020-02-23,1329.23,0.2582,0,Low
1930560083.0,0200772670,2020-02-23,33520.3,0.8155,1,High
1930560296.0,0200726979,2020-02-23,589.98,0.5956,1,Medium
1930560440.0,0200726979,2020-02-23,674.21,0.6056,1,Medium
1930560815.0,0200726979,2020-02-23,229.67,0.6132,1,Medium
1930560822.0,0200726979,2020-02-23,199.53,0.6132,1,Medium
1930561000.0,0200769623,2020-02-23,47006.51,0.1117,0,Low
1930561110.0,0200726979,2020-02-23,239.41,0.6132,1,Medium
1991839256.0,0140101591,2020-02-23,48523.91,0.6929,1,Medium
2960614991.0,0140106257,2020-02-23,3948.7,0.6351,1,Medium
2960615098.0,0140106408,2020-02-23,689.91,0.9929,1,High
2960615562.0,0140106212,2020-02-23,17275.6,0.3847,0,Medium
2960615671.0,0140104409,2020-02-23,241377.78,0.4415,0,Medium
2960615767.0,0140104423,2020-02-23,149506.77,0.2376,0,Low
2960615769.0,0140104423,2020-02-23,284411.13,0.1668,0,Low
2960615953.0,0140106408,2020-02-23,1379.87,0.9938,1,High
2960615963.0,0140105847,2020-02-23,66215.62,0.7046,1,High
2960616128.0,0100015818,2020-02-23,61376.33,0.3172,0,Medium
2960616418.0,0140104409,2020-02-23,76998.95,0.2698,0,Low
1930547602.0,0200576926,2020-02-24,44878.75,0.7884,1,High
1930552356.0,0200793088,2020-02-24,63374.54,0.089,0,Low
1930552391.0,0200762301,2020-02-24,4334.28,0.6291,1,Medium
1930553286.0,0200759878,2020-02-24,126051.77,0.1452,0,Low
1930553706.0,CCU002,2020-02-24,4551.12,0.8154,1,High
1930553805.0,0200769623,2020-02-24,63066.03,0.1685,0,Low
1930553886.0,0200769623,2020-02-24,15744.86,0.1444,0,Low
1930554126.0,0200778870,2020-02-24,10637.89,0.9754,1,High
1930554899.0,0200794332,2020-02-24,14659.57,0.1395,0,Low
1930555042.0,0200707822,2020-02-24,128025.63,0.1015,0,Low
1930555078.0,0200418007,2020-02-24,1548.0,0.3885,0,Medium
1930555081.0,0200418007,2020-02-24,101798.8,0.3235,0,Medium
1930557025.0,0200764795,2020-02-24,26531.8,0.8734,1,High
1930557113.0,0200759878,2020-02-24,19501.51,0.7524,1,High
1930557552.0,0200705742,2020-02-24,50407.57,0.1236,0,Low
1930557994.0,0200769623,2020-02-24,4242.4,0.1607,0,Low
1930558065.0,0200782669,2020-02-24,23295.69,0.8772,1,High
1930558092.0,CCU013,2020-02-24,15594.0,0.9989,1,High
1930558094.0,0200762301,2020-02-24,208.4,0.2533,0,Low
1930558379.0,0200762301,2020-02-24,5321.84,0.63,1,Medium
1930558430.0,0200759878,2020-02-24,1063.8,0.8263,1,High
1930558431.0,0200726979,2020-02-24,411.69,0.423,0,Medium
1930558456.0,0200920735,2020-02-24,23666.61,0.1874,0,Low
1930558489.0,0200726979,2020-02-24,63.46,0.4044,0,Medium
1930558527.0,0200794332,2020-02-24,6621.84,0.4794,1,Medium
1930558535.0,0100001196,2020-02-24,7740.7,0.7721,1,High
1930558566.0,0200769623,2020-02-24,1471.19,0.1887,0,Low
1930558662.0,0200769623,2020-02-24,50946.39,0.1633,0,Low
1930558678.0,0200769623,2020-02-24,80764.7,0.052,0,Low
1930558742.0,0200769623,2020-02-24,50732.36,0.1633,0,Low
1930558866.0,0200769623,2020-02-24,47550.41,0.1118,0,Low
1930558906.0,0200769623,2020-02-24,48427.3,0.1067,0,Low
1930558908.0,0200769623,2020-02-24,727.15,0.2407,0,Low
1930558953.0,0200148860,2020-02-24,27804.8,0.1951,0,Low
1930558962.0,0200786288,2020-02-24,14096.59,0.1535,0,Low
1930559115.0,0200741174,2020-02-24,38738.32,0.8857,1,High
1930559129.0,0100031704,2020-02-24,79339.5,0.5022,1,Medium
1930559198.0,0200769623,2020-02-24,63130.52,0.1685,0,Low
1930559269.0,0200726979,2020-02-24,30.85,0.4044,0,Medium
1930559346.0,0200769623,2020-02-24,49600.74,0.1179,0,Low
1930559349.0,0200726979,2020-02-24,467.7,0.3882,0,Medium
1930559371.0,0200803720,2020-02-24,1808.36,0.0383,0,Low
1930559470.0,0100001196,2020-02-24,5384.83,0.7642,1,High
1930559497.0,0200769623,2020-02-24,14808.92,0.1514,0,Low
1930559564.0,0200726979,2020-02-24,397.63,0.423,0,Medium
1930559573.0,0200920735,2020-02-24,55213.11,0.1895,0,Low
1930559723.0,0200769623,2020-02-24,14543.26,0.1641,0,Low
1930559780.0,0100051582,2020-02-24,8883.2,0.809,1,High
1930559891.0,0200769623,2020-02-24,528.9,0.2486,0,Low
1930559934.0,0200418007,2020-02-24,31098.8,0.4207,0,Medium
1930559952.0,0200769623,2020-02-24,25290.52,0.2298,0,Low
1930559995.0,0200803720,2020-02-24,211.44,0.0289,0,Low
1930560012.0,0200759878,2020-02-24,78751.91,0.2749,0,Low
1930560046.0,0200759878,2020-02-24,4255.2,0.8395,1,High
1930560062.0,0200769623,2020-02-24,3703.19,0.1526,0,Low
1930560065.0,0200726979,2020-02-24,35.76,0.4044,0,Medium
1930560180.0,0200803720,2020-02-24,720.96,0.0367,0,Low
1930560187.0,0200416837,2020-02-24,8418.44,0.0385,0,Low
1930560188.0,0200416837,2020-02-24,19772.23,0.2694,0,Low
1930560193.0,0200416837,2020-02-24,295.74,0.0342,0,Low
1930560195.0,0200803720,2020-02-24,452.64,0.0365,0,Low
1930560208.0,0200794332,2020-02-24,16045.99,0.1395,0,Low
1930560235.0,0200466603,2020-02-24,19056.94,0.2403,0,Low
1930560310.0,0200769623,2020-02-24,2951.38,0.1526,0,Low
1930560337.0,0200785971,2020-02-24,9314.29,0.8761,1,High
1930560380.0,0200803720,2020-02-24,9401.25,0.3591,0,Medium
1930560526.0,0200743129,2020-02-24,11257.58,0.2681,0,Low
1930560545.0,0200769623,2020-02-24,5496.44,0.1798,0,Low
1930560653.0,0200148860,2020-02-24,106089.73,0.1029,0,Low
1930560657.0,0200803720,2020-02-24,157.2,0.0289,0,Low
1930560665.0,0200803720,2020-02-24,16967.98,0.9716,1,High
1930560674.0,0200803720,2020-02-24,295.44,0.0363,0,Low
1930560740.0,0200729290,2020-02-24,1995.3,0.7282,1,High
1930560801.0,0200726979,2020-02-24,68.91,0.4044,0,Medium
1930560823.0,0200726979,2020-02-24,713.39,0.3927,0,Medium
1930560890.0,CCU013,2020-02-24,10646.86,0.9988,1,High
1930560990.0,0200416837,2020-02-24,1393.22,0.0335,0,Low
1930561094.0,0200729942,2020-02-24,6275.11,0.2127,0,Low
1930561214.0,0200769623,2020-02-24,45150.39,0.0903,0,Low
1930561372.0,0200803720,2020-02-24,1156.28,0.0383,0,Low
1930561507.0,0200739534,2020-02-24,74276.35,0.6431,1,Medium
1930561508.0,0200762301,2020-02-24,82377.49,0.1504,0,Low
1930561557.0,0200762301,2020-02-24,637.33,0.2458,0,Low
1930561566.0,0200707822,2020-02-24,65023.01,0.1323,0,Low
1930561704.0,0200020431,2020-02-24,15347.47,0.98,1,High
1930561728.0,0200803720,2020-02-24,1006.74,0.0382,0,Low
1930561736.0,100047441,2020-02-24,24861.4,0.5208,1,Medium
1930561815.0,0200803720,2020-02-24,2282.78,0.0367,0,Low
1930561832.0,0200803720,2020-02-24,8302.57,0.9747,1,High
1930561835.0,0200803720,2020-02-24,3581.94,0.0363,0,Low
1930561851.0,0200803720,2020-02-24,78.72,0.03,0,Low
1930561865.0,0200744019,2020-02-24,42874.83,0.5794,1,Medium
1930561915.0,0200416837,2020-02-24,5752.42,0.2846,0,Low
1930561924.0,0200762950,2020-02-24,16706.69,0.1661,0,Low
1930561926.0,0200762950,2020-02-24,40783.24,0.1785,0,Low
1930562102.0,0200803720,2020-02-24,2082.04,0.0367,0,Low
1930562103.0,0200803720,2020-02-24,5111.87,0.324,0,Medium
1930562167.0,0200776463,2020-02-24,14162.95,0.2492,0,Low
1930562310.0,0200803720,2020-02-24,12572.11,0.3636,0,Medium
1930562350.0,0200769623,2020-02-24,471.56,0.2425,0,Low
1930562465.0,0200792293,2020-02-24,23056.53,0.5422,1,Medium
1930563447.0,0200331749,2020-02-24,37673.54,0.8545,1,High
1930564640.0,0200772670,2020-02-24,18739.13,0.5995,1,Medium
1930564665.0,0200769623,2020-02-24,44157.75,0.0879,0,Low
1930564670.0,0200772670,2020-02-24,94890.92,0.4572,1,Medium
1930564946.0,0200729942,2020-02-24,12170.94,0.2144,0,Low
1930564982.0,0200936373,2020-02-24,67133.75,0.5166,1,Medium
1930565018.0,0100031704,2020-02-24,92865.08,0.4834,1,Medium
1930565021.0,0200705742,2020-02-24,86822.44,0.0354,0,Low
1930565507.0,0200772670,2020-02-24,34505.9,0.6044,1,Medium
1930565697.0,0200704045,2020-02-24,6759.28,0.3325,0,Medium
1930566023.0,0200337148,2020-02-24,779.39,0.2379,0,Low
1930566026.0,0200337148,2020-02-24,112120.07,0.0972,0,Low
1930566176.0,0200875006,2020-02-24,38119.09,0.1599,0,Low
2960612945.0,0140105686,2020-02-24,81558.76,0.9841,1,High
2960615980.0,0140105686,2020-02-24,3169.6,0.9642,1,High
2960615988.0,0140105686,2020-02-24,50169.6,0.984,1,High
2960616023.0,0140104440,2020-02-24,63160.75,0.9607,1,High
2960616145.0,0140104429,2020-02-24,14537.37,0.7578,1,High
2960616153.0,0100053411,2020-02-24,4808.4,0.6921,1,Medium
2960616421.0,0140104440,2020-02-24,119813.2,0.981,1,High
1930539822.0,0200508557,2020-02-25,3840.75,0.7941,1,High
1930546757.0,0200742791,2020-02-25,25647.72,0.1511,0,Low
1930547640.0,0200418007,2020-02-25,2451.24,0.3308,0,Medium
1930548952.0,0100054867,2020-02-25,9216.24,0.0982,0,Low
1930549850.0,0200418007,2020-02-25,10041.32,0.356,0,Medium
1930552370.0,0200706844,2020-02-25,871.2,0.3245,0,Medium
1930552371.0,0200706844,2020-02-25,5353.61,0.2866,0,Low
1930552572.0,CCU013,2020-02-25,100.23,0.9959,1,High
1930554129.0,CCU002,2020-02-25,16430.89,0.79,1,High
1930554595.0,0200794332,2020-02-25,4582.06,0.1536,0,Low
1930558146.0,0200769623,2020-02-25,17479.1,0.2014,0,Low
1930558178.0,0200418007,2020-02-25,2817.5,0.3308,0,Medium
1930558395.0,0200936373,2020-02-25,89273.13,0.4645,1,Medium
1930558403.0,0200744019,2020-02-25,48063.61,0.5085,1,Medium
1930558694.0,0200739006,2020-02-25,25865.81,0.248,0,Low
1930558772.0,0100031704,2020-02-25,95475.32,0.4341,0,Medium
1930558799.0,0200769623,2020-02-25,15456.23,0.1381,0,Low
1930558883.0,0100031704,2020-02-25,77434.44,0.4526,1,Medium
1930558976.0,0100031704,2020-02-25,15802.02,0.5181,1,Medium
1930558983.0,0200759878,2020-02-25,68638.97,0.3611,0,Medium
1930558984.0,0200759878,2020-02-25,15877.21,0.8304,1,High
1930559006.0,0200764795,2020-02-25,3502.45,0.7577,1,High
1930559163.0,0200769623,2020-02-25,24828.24,0.212,0,Low
1930559258.0,0200769623,2020-02-25,46496.27,0.0918,0,Low
1930559291.0,0200752302,2020-02-25,17283.5,0.2514,0,Low
1930559340.0,0200707005,2020-02-25,6690.56,0.2386,0,Low
1930559455.0,0200759878,2020-02-25,23077.68,0.7083,1,High
1930559472.0,0200776463,2020-02-25,91002.22,0.2158,0,Low
1930559713.0,0200772595,2020-02-25,70622.2,0.2047,0,Low
1930559754.0,0200769623,2020-02-25,43815.84,0.0871,0,Low
1930559920.0,0200769623,2020-02-25,53800.03,0.1814,0,Low
1930559942.0,0200769623,2020-02-25,6256.94,0.1704,0,Low
1930560223.0,0200769623,2020-02-25,111.02,0.2375,0,Low
1930560267.0,0100031704,2020-02-25,108811.98,0.4371,0,Medium
1930560563.0,0200769623,2020-02-25,54285.23,0.1814,0,Low
1930560599.0,0200748108,2020-02-25,17457.22,0.3672,0,Medium
1930560796.0,0200790012,2020-02-25,54392.24,0.9211,1,High
1930561148.0,0200769623,2020-02-25,1898.2,0.0987,0,Low
1930561406.0,0200769623,2020-02-25,11922.87,0.2538,0,Low
1930561780.0,0200705742,2020-02-25,89279.49,0.0387,0,Low
1930561786.0,0200705742,2020-02-25,30211.58,0.0819,0,Low
1930561889.0,0200769623,2020-02-25,7986.4,0.2823,0,Low
1930561938.0,0200726979,2020-02-25,71.46,0.3767,0,Medium
1930561964.0,0200726979,2020-02-25,68.91,0.3767,0,Medium
1930562012.0,0100050364,2020-02-25,23920.13,0.2995,0,Low
1930562119.0,0200726979,2020-02-25,162.19,0.3697,0,Medium
1930562131.0,0200705742,2020-02-25,5379.08,0.0796,0,Low
1930562218.0,0200726979,2020-02-25,336.97,0.3659,0,Medium
1930562422.0,0200418007,2020-02-25,50869.89,0.3514,0,Medium
1930562496.0,0200778355,2020-02-25,50952.03,0.4257,0,Medium
1930562589.0,0200726979,2020-02-25,92.34,0.3819,0,Medium
1930563453.0,0200769623,2020-02-25,14503.27,0.1547,0,Low
1930563571.0,0100001196,2020-02-25,19937.11,0.7891,1,High
1930563593.0,0200418007,2020-02-25,8638.92,0.4049,0,Medium
1930564831.0,0200769623,2020-02-25,30344.84,0.208,0,Low
1930564939.0,0200705089,2020-02-25,19305.14,0.2151,0,Low
1930564986.0,0200714710,2020-02-25,21970.64,0.7462,1,High
1930565108.0,0200726979,2020-02-25,465.07,0.3433,0,Medium
1930565195.0,0200762301,2020-02-25,2027.99,0.5667,1,Medium
1930565232.0,0200769623,2020-02-25,4726.63,0.1577,0,Low
1930565291.0,0200732755,2020-02-25,14780.25,0.1684,0,Low
1930565320.0,0200780383,2020-02-25,126750.53,0.4226,0,Medium
1930565329.0,0200792293,2020-02-25,6037.8,0.4826,1,Medium
1930565357.0,0200725421,2020-02-25,39504.72,0.1151,0,Low
1930565380.0,0200406153,2020-02-25,4143.51,0.8698,1,High
1930565559.0,0200769623,2020-02-25,4272.16,0.156,0,Low
1930565894.0,0200744019,2020-02-25,9400.58,0.6088,1,Medium
1930565945.0,0200769623,2020-02-25,6663.73,0.1769,0,Low
1930566010.0,0200759878,2020-02-25,29544.52,0.7585,1,High
1930566093.0,0200793513,2020-02-25,86484.49,0.178,0,Low
1930566152.0,0200769623,2020-02-25,661.11,0.2466,0,Low
1930566237.0,0200769623,2020-02-25,5039.5,0.1642,0,Low
1930566238.0,0200769623,2020-02-25,4872.22,0.1642,0,Low
1930566278.0,0200743129,2020-02-25,298242.7,0.1887,0,Low
1930566329.0,0200769623,2020-02-25,58292.03,0.2047,0,Low
1930566374.0,0200705742,2020-02-25,419.17,0.189,0,Low
1930566386.0,0200776463,2020-02-25,2658.31,0.3839,0,Medium
1930566461.0,0200769623,2020-02-25,49789.18,0.117,0,Low
1930566482.0,0200769623,2020-02-25,740.5,0.2351,0,Low
1930566495.0,0200769623,2020-02-25,471.56,0.2369,0,Low
1930566567.0,0200881076,2020-02-25,33533.44,0.1968,0,Low
1930566569.0,0200078854,2020-02-25,39499.0,0.25,0,Low
1930566586.0,0200726979,2020-02-25,282.36,0.3697,0,Medium
1930566601.0,0200726979,2020-02-25,126.67,0.3697,0,Medium
1930566773.0,0200759878,2020-02-25,21236.5,0.7128,1,High
1930566830.0,0200726979,2020-02-25,15586.08,0.3356,0,Medium
1930566940.0,0200493614,2020-02-25,41872.66,0.8022,1,High
1930567323.0,0200974851,2020-02-25,3513.57,0.2047,0,Low
1930567457.0,0200772670,2020-02-25,68741.86,0.7574,1,High
1930567504.0,0200772670,2020-02-25,85680.05,0.4274,0,Medium
1930567543.0,0200772670,2020-02-25,347.23,0.5965,1,Medium
1930567586.0,0200707822,2020-02-25,73277.59,0.1149,0,Low
1930567628.0,0200748108,2020-02-25,15026.9,0.3631,0,Medium
1930568109.0,0200772670,2020-02-25,13439.44,0.8345,1,High
1930570007.0,0200799367,2020-02-25,27375.68,0.4189,0,Medium
1930570095.0,0200782001,2020-02-25,33462.4,0.2139,0,Low
1930570122.0,0200763814,2020-02-25,6166.01,0.7297,1,High
1930570179.0,0200759878,2020-02-25,33094.69,0.6936,1,Medium
1930570340.0,0200678532,2020-02-25,13879.16,0.4767,1,Medium
1930570921.0,0200704045,2020-02-25,13201.12,0.2468,0,Low
1930571201.0,0200337148,2020-02-25,48106.77,0.0985,0,Low
1930571353.0,0200875006,2020-02-25,111036.88,0.1286,0,Low
1930572440.0,0200148860,2020-02-25,8091.47,0.1622,0,Low
1990571117.0,0200501669,2020-02-25,16381.68,0.9576,1,High
2960612969.0,0140106376,2020-02-25,7928.28,0.3901,0,Medium
2960612970.0,0140105847,2020-02-25,81704.81,0.6027,1,Medium
2960615595.0,0140104409,2020-02-25,210114.12,0.2004,0,Low
2960615872.0,0140104429,2020-02-25,76160.85,0.642,1,Medium
2960616374.0,0140106408,2020-02-25,77792.37,0.9924,1,High
2960616384.0,0140104229,2020-02-25,1845.18,0.5154,1,Medium
2960616837.0,0140105686,2020-02-25,9057.85,0.9708,1,High
1930549107.0,0100000222,2020-02-26,2403.46,0.1523,0,Low
1930549497.0,0200696090,2020-02-26,951.21,0.4691,1,Medium
1930552785.0,0200769623,2020-02-26,2439.5,0.1576,0,Low
1930553626.0,0100035877,2020-02-26,2911.66,0.8575,1,High
1930558561.0,0200726979,2020-02-26,15929.25,0.3303,0,Medium
1930558967.0,0200769623,2020-02-26,67471.47,0.1622,0,Low
1930559219.0,0200900909,2020-02-26,44033.76,0.7136,1,High
1930559761.0,0200769623,2020-02-26,15768.19,0.1392,0,Low
1930560688.0,0200759878,2020-02-26,29711.04,0.7214,1,High
1930560780.0,0200936373,2020-02-26,22416.59,0.4862,1,Medium
1930560968.0,0200793088,2020-02-26,59390.99,0.0801,0,Low
1930562417.0,CCU013,2020-02-26,25649.77,0.9989,1,High
1930562424.0,0140142846,2020-02-26,40112.18,0.8588,1,High
1930562428.0,0100031704,2020-02-26,112348.49,0.4351,0,Medium
1930562576.0,0200762950,2020-02-26,149803.12,0.13,0,Low
1930564819.0,0200794332,2020-02-26,8793.09,0.1901,0,Low
1930564829.0,0200769623,2020-02-26,6953.34,0.2904,0,Low
1930565159.0,0200794332,2020-02-26,16101.66,0.1331,0,Low
1930565203.0,0200955827,2020-02-26,30869.44,0.8902,1,High
1930565248.0,CCU013,2020-02-26,6844.96,0.9988,1,High
1930565249.0,CCCA02,2020-02-26,30576.0,0.7865,1,High
1930565502.0,0200759878,2020-02-26,26756.71,0.7112,1,High
1930565515.0,0200794332,2020-02-26,63528.42,0.1377,0,Low
1930565820.0,0100031704,2020-02-26,14443.35,0.7486,1,High
1930565939.0,0200769623,2020-02-26,44200.71,0.0851,0,Low
1930566008.0,0200126819,2020-02-26,7589.72,0.3014,0,Medium
1930566030.0,0200769623,2020-02-26,56916.26,0.1859,0,Low
1930566187.0,0200769623,2020-02-26,1324.0,0.2183,0,Low
1930566458.0,0200769623,2020-02-26,14856.77,0.1392,0,Low
1930566486.0,0200759878,2020-02-26,15005.29,0.6534,1,Medium
1930566576.0,0200769623,2020-02-26,37774.91,0.0851,0,Low
1930566742.0,0200718130,2020-02-26,58147.19,0.7368,1,High
1930566800.0,0200743129,2020-02-26,20756.25,0.1735,0,Low
1930566804.0,0200708411,2020-02-26,48338.28,0.0713,0,Low
1930566850.0,0200769623,2020-02-26,16437.55,0.1545,0,Low
1930566912.0,0200704858,2020-02-26,115645.83,0.1613,0,Low
1930566917.0,0200769623,2020-02-26,15405.13,0.1392,0,Low
1930567161.0,0200769623,2020-02-26,542.11,0.266,0,Low
1930567406.0,0200759878,2020-02-26,6382.8,0.7733,1,High
1930567446.0,0200793122,2020-02-26,96085.04,0.0549,0,Low
1930567519.0,0200704858,2020-02-26,42370.68,0.4415,0,Medium
1930567553.0,0200794332,2020-02-26,8793.09,0.1901,0,Low
1930567556.0,0200726979,2020-02-26,464.33,0.3541,0,Medium
1930567587.0,0200726979,2020-02-26,507.74,0.3617,0,Medium
1930567706.0,0200726979,2020-02-26,495.68,0.3617,0,Medium
1930567728.0,0200769623,2020-02-26,19485.5,0.212,0,Low
1930567729.0,0200769623,2020-02-26,661.11,0.2698,0,Low
1930567747.0,0200777735,2020-02-26,22638.02,0.1247,0,Low
1930567757.0,0200769623,2020-02-26,5832.37,0.1759,0,Low
1930567776.0,CCCA02,2020-02-26,29951.05,0.7844,1,High
1930568180.0,0200875006,2020-02-26,2646.76,0.156,0,Low
1930568597.0,0200769623,2020-02-26,22331.37,0.2129,0,Low
1930568648.0,0200759878,2020-02-26,5319.0,0.7816,1,High
1930568760.0,0200769623,2020-02-26,15302.63,0.1392,0,Low
1930568779.0,0100031704,2020-02-26,100003.11,0.4297,0,Medium
1930568781.0,0200726979,2020-02-26,553.46,0.35,0,Medium
1930568878.0,0200726979,2020-02-26,396.97,0.3747,0,Medium
1930569895.0,0200722444,2020-02-26,49864.0,0.2113,0,Low
1930569908.0,0200571849,2020-02-26,44450.82,0.6134,1,Medium
1930569914.0,0200229974,2020-02-26,15232.14,0.2644,0,Low
1930570002.0,0200769623,2020-02-26,977.05,0.2631,0,Low
1930570021.0,0200780383,2020-02-26,129189.63,0.3839,0,Medium
1930570054.0,0200780383,2020-02-26,22387.37,0.5272,1,Medium
1930570080.0,0200793568,2020-02-26,11585.06,0.7892,1,High
1930570170.0,0200769623,2020-02-26,4532.21,0.1661,0,Low
1930570173.0,0200769623,2020-02-26,13524.58,0.1965,0,Low
1930570183.0,0200769623,2020-02-26,50372.7,0.1251,0,Low
1930570451.0,0100026809,2020-02-26,201.25,0.7337,1,High
1930570454.0,0200772670,2020-02-26,71314.86,0.435,0,Medium
1930570776.0,0200718130,2020-02-26,23787.1,0.7895,1,High
1930570786.0,0200799420,2020-02-26,512.03,0.3034,0,Medium
1930570825.0,0200790215,2020-02-26,43342.59,0.405,0,Medium
1930570828.0,0200769623,2020-02-26,37157.47,0.0851,0,Low
1930570889.0,0200608118,2020-02-26,5489.13,0.5676,1,Medium
1930570993.0,0200706844,2020-02-26,1567.76,0.2735,0,Low
1930571019.0,0200769623,2020-02-26,5.68,0.2629,0,Low
1930571028.0,0200769623,2020-02-26,2373.96,0.1576,0,Low
1930571171.0,0200729290,2020-02-26,89036.0,0.541,1,Medium
1930571243.0,0200718130,2020-02-26,23669.98,0.7234,1,High
1930571425.0,0200781803,2020-02-26,21752.64,0.1778,0,Low
1930571452.0,0200762301,2020-02-26,157147.11,0.0958,0,Low
1930571548.0,0200152991,2020-02-26,1533.09,0.2034,0,Low
1930571623.0,0200794332,2020-02-26,35888.33,0.1141,0,Low
1930571702.0,0200776463,2020-02-26,108836.96,0.2206,0,Low
1930571705.0,CCU013,2020-02-26,14663.0,0.9989,1,High
1930571769.0,0200078795,2020-02-26,712.54,0.2589,0,Low
1930571863.0,0200784489,2020-02-26,9218.94,0.3135,0,Medium
1930571868.0,0200078795,2020-02-26,2814.76,0.1914,0,Low
1930571947.0,0200794332,2020-02-26,44757.24,0.1086,0,Low
1930571981.0,0100044048,2020-02-26,3406.0,0.4587,1,Medium
1930572220.0,0200769623,2020-02-26,51330.08,0.1632,0,Low
1930572333.0,0200820380,2020-02-26,2561.68,0.2157,0,Low
1930572600.0,0200437182,2020-02-26,44543.22,0.1432,0,Low
1930573540.0,0200762301,2020-02-26,113126.3,0.1239,0,Low
1930573641.0,0200326954,2020-02-26,73652.23,0.7059,1,High
1930573666.0,0200712105,2020-02-26,35584.94,0.7879,1,High
1930573728.0,0200974851,2020-02-26,2121.87,0.2109,0,Low
1930573737.0,0200775660,2020-02-26,3503.66,0.529,1,Medium
1930573777.0,0100015557,2020-02-26,31343.2,0.3743,0,Medium
1930573778.0,0100015557,2020-02-26,1949.06,0.309,0,Medium
1930573814.0,0200712105,2020-02-26,12145.28,0.7716,1,High
1930575211.0,0200792734,2020-02-26,108279.51,0.1941,0,Low
1930575254.0,0200707822,2020-02-26,83075.32,0.1304,0,Low
1930575423.0,0200776463,2020-02-26,107531.3,0.2206,0,Low
1930575825.0,0200936373,2020-02-26,186562.69,0.396,0,Medium
1930575917.0,0200943275,2020-02-26,45445.78,0.8026,1,High
1930576140.0,0200714710,2020-02-26,8452.06,0.7326,1,High
1930576271.0,0200793513,2020-02-26,70898.33,0.1892,0,Low
1930576434.0,0200707822,2020-02-26,90643.88,0.1314,0,Low
1930576449.0,0200769623,2020-02-26,1867.22,0.1288,0,Low
1930576451.0,0200769623,2020-02-26,3471.68,0.1561,0,Low
1930576454.0,0200769623,2020-02-26,5126.33,0.1788,0,Low
1930576478.0,0200692711,2020-02-26,56296.0,0.2467,0,Low
1930576530.0,0200331749,2020-02-26,8976.54,0.7794,1,High
1930576718.0,0200776463,2020-02-26,14162.9,0.2206,0,Low
1930577105.0,0200771157,2020-02-26,14880.14,0.2482,0,Low
2960614241.0,0140105847,2020-02-26,1390.0,0.7523,1,High
2960616061.0,0100056054,2020-02-26,5376.0,0.7703,1,High
2960616649.0,0140104429,2020-02-26,3599.39,0.7808,1,High
2960616653.0,0140104409,2020-02-26,25082.41,0.2793,0,Low
2960616862.0,0140106408,2020-02-26,3032.34,0.9896,1,High
2960616876.0,0140106408,2020-02-26,58849.07,0.9917,1,High
2960616916.0,0140105686,2020-02-26,31269.5,0.9703,1,High
2960616921.0,0140106408,2020-02-26,129653.95,0.9924,1,High
2960617013.0,0140104429,2020-02-26,1100.69,0.766,1,High
2960617019.0,0140104934,2020-02-26,51819.73,0.7493,1,High
2960617101.0,0140106408,2020-02-26,4153.1,0.9577,1,High
1930567531.0,0200418007,2020-02-27,10349.36,0.2927,0,Low
1930573843.0,0200759878,2020-02-27,49290.19,0.5312,1,Medium
1930573889.0,0200739044,2020-02-27,25143.02,0.1983,0,Low
